timestamp,production_output,planned_production_output,production_priority,shift_factor,hour_factor,M001_demand,M002_demand,M003_demand,M004_demand,M005_demand,M006_demand,M007_demand,M008_demand,M001_stock,M002_stock,M003_stock,M004_stock,M005_stock,M006_stock,M007_stock,M008_stock,task_count,hour,weekday
2026-01-01 08:00:00,11,10,3,1.02,1.0,0,0,0,0,0,11,11,22,0.0,0.0,0.0,0.0,0.0,289.0,289.0,278.0,1.0,8,3
2026-01-01 09:00:00,11,10,1,1.02,1.015,0,0,0,0,0,11,11,22,0.0,0.0,0.0,0.0,0.0,278.0,278.0,256.0,1.0,9,3
2026-01-01 10:00:00,11,10,1,1.02,1.015,0,0,0,0,0,11,11,22,0.0,0.0,0.0,0.0,0.0,267.0,267.0,234.0,1.0,10,3
2026-01-01 11:00:00,12,10,3,1.02,1.015,0,0,0,0,0,12,12,24,0.0,0.0,0.0,0.0,0.0,255.0,255.0,210.0,1.0,11,3
2026-01-01 12:00:00,11,10,2,1.02,1.0,0,0,0,0,0,11,11,22,0.0,0.0,0.0,0.0,0.0,244.0,244.0,188.0,1.0,12,3
2026-01-01 13:00:00,11,10,1,1.02,1.0,0,0,0,0,0,11,11,22,0.0,0.0,0.0,0.0,0.0,233.0,233.0,166.0,1.0,13,3
2026-01-01 14:00:00,12,10,3,1.02,1.02,0,0,0,0,0,13,12,24,0.0,0.0,0.0,0.0,0.0,220.0,221.0,142.0,1.0,14,3
2026-01-01 15:00:00,12,10,3,1.02,1.02,0,0,0,0,0,12,12,24,0.0,0.0,0.0,0.0,0.0,208.0,209.0,118.0,1.0,15,3
2026-01-01 16:00:00,11,10,3,1.0,1.02,0,0,0,0,0,11,11,22,0.0,0.0,0.0,0.0,0.0,197.0,198.0,500.0,1.0,16,3
2026-01-01 17:00:00,16,15,1,1.0,1.0,16,0,0,32,16,0,0,0,284.0,0.0,0.0,268.0,284.0,0.0,0.0,0.0,1.0,17,3
2026-01-01 18:00:00,16,15,2,1.0,1.0,16,0,0,32,16,0,0,0,268.0,0.0,0.0,236.0,268.0,0.0,0.0,0.0,1.0,18,3
2026-01-01 19:00:00,20,20,1,1.0,1.0,20,20,41,0,0,0,0,0,248.0,280.0,259.0,0.0,0.0,0.0,0.0,0.0,1.0,19,3
2026-01-01 20:00:00,20,20,2,1.0,1.0,20,20,40,0,0,0,0,0,228.0,260.0,219.0,0.0,0.0,0.0,0.0,0.0,1.0,20,3
2026-01-01 21:00:00,19,20,1,1.0,1.0,19,19,38,0,0,0,0,0,209.0,241.0,181.0,0.0,0.0,0.0,0.0,0.0,1.0,21,3
2026-01-01 22:00:00,8,10,1,1.0,1.0,0,0,0,0,0,9,8,16,0.0,0.0,0.0,0.0,0.0,188.0,190.0,484.0,0.0,22,3
2026-01-01 23:00:00,8,10,1,1.0,1.0,0,0,0,0,0,8,8,17,0.0,0.0,0.0,0.0,0.0,180.0,182.0,467.0,0.0,23,3
2026-01-02 00:00:00,7,10,2,0.97,1.0,0,0,0,0,0,7,7,14,0.0,0.0,0.0,0.0,0.0,173.0,175.0,453.0,0.0,0,4
2026-01-02 01:00:00,8,10,1,0.97,0.98,0,0,0,0,0,8,8,16,0.0,0.0,0.0,0.0,0.0,165.0,167.0,437.0,0.0,1,4
2026-01-02 02:00:00,17,20,2,0.97,0.98,17,16,34,0,0,0,0,0,192.0,225.0,147.0,0.0,0.0,0.0,0.0,0.0,1.0,2,4
2026-01-02 03:00:00,16,20,2,0.97,0.98,16,15,32,0,0,0,0,0,176.0,210.0,115.0,0.0,0.0,0.0,0.0,0.0,1.0,3,4
2026-01-02 04:00:00,9,10,3,0.97,0.98,0,0,0,0,0,9,9,18,0.0,0.0,0.0,0.0,0.0,156.0,158.0,419.0,0.0,4,4
2026-01-02 05:00:00,9,10,1,0.97,0.98,0,0,0,0,0,9,9,18,0.0,0.0,0.0,0.0,0.0,147.0,149.0,401.0,0.0,5,4
2026-01-02 06:00:00,9,10,1,0.97,1.0,0,0,0,0,0,9,9,18,0.0,0.0,0.0,0.0,0.0,138.0,140.0,383.0,0.0,6,4
2026-01-02 07:00:00,18,20,1,0.97,1.0,18,18,36,0,0,0,0,0,158.0,192.0,500.0,0.0,0.0,0.0,0.0,0.0,1.0,7,4
2026-01-02 08:00:00,9,10,2,1.02,1.0,0,0,0,0,0,9,9,18,0.0,0.0,0.0,0.0,0.0,129.0,131.0,365.0,0.0,8,4
2026-01-02 09:00:00,9,10,2,1.02,1.015,0,0,0,0,0,10,9,18,0.0,0.0,0.0,0.0,0.0,119.0,122.0,347.0,0.0,9,4
2026-01-02 10:00:00,9,10,2,1.02,1.015,0,0,0,0,0,9,9,19,0.0,0.0,0.0,0.0,0.0,110.0,113.0,328.0,0.0,10,4
2026-01-02 11:00:00,9,10,2,1.02,1.015,0,0,0,0,0,9,9,18,0.0,0.0,0.0,0.0,0.0,101.0,104.0,310.0,0.0,11,4
2026-01-02 12:00:00,19,20,3,1.02,1.0,19,19,38,0,0,0,0,0,139.0,173.0,462.0,0.0,0.0,0.0,0.0,0.0,1.0,12,4
2026-01-02 13:00:00,19,20,3,1.02,1.0,19,19,38,0,0,0,0,0,120.0,154.0,424.0,0.0,0.0,0.0,0.0,0.0,1.0,13,4
2026-01-02 14:00:00,14,15,2,1.02,1.02,14,0,0,28,14,0,0,0,106.0,0.0,0.0,208.0,254.0,0.0,0.0,0.0,1.0,14,4
2026-01-02 15:00:00,16,15,3,1.02,1.02,16,0,0,32,16,0,0,0,500.0,0.0,0.0,176.0,238.0,0.0,0.0,0.0,1.0,15,4
2026-01-02 16:00:00,16,15,1,1.0,1.02,16,0,0,32,16,0,0,0,484.0,0.0,0.0,144.0,222.0,0.0,0.0,0.0,1.0,16,4
2026-01-02 17:00:00,14,15,1,1.0,1.0,14,0,0,28,14,0,0,0,470.0,0.0,0.0,116.0,208.0,0.0,0.0,0.0,1.0,17,4
2026-01-02 18:00:00,15,15,1,1.0,1.0,16,0,0,30,15,0,0,0,454.0,0.0,0.0,500.0,193.0,0.0,0.0,0.0,1.0,18,4
2026-01-02 19:00:00,9,10,2,1.0,1.0,0,0,0,0,0,9,9,18,0.0,0.0,0.0,0.0,0.0,500.0,500.0,292.0,0.0,19,4
2026-01-02 20:00:00,10,10,3,1.0,1.0,0,0,0,0,0,10,10,20,0.0,0.0,0.0,0.0,0.0,490.0,490.0,272.0,0.0,20,4
2026-01-02 21:00:00,13,15,1,1.0,1.0,13,0,0,26,13,0,0,0,441.0,0.0,0.0,474.0,180.0,0.0,0.0,0.0,1.0,21,4
2026-01-02 22:00:00,13,15,2,1.0,1.0,13,0,0,26,13,0,0,0,428.0,0.0,0.0,448.0,167.0,0.0,0.0,0.0,1.0,22,4
2026-01-02 23:00:00,8,10,1,1.0,1.0,0,0,0,0,0,8,8,16,0.0,0.0,0.0,0.0,0.0,482.0,482.0,256.0,0.0,23,4
2026-01-03 00:00:00,9,10,1,0.97,1.0,0,0,0,0,0,9,9,17,0.0,0.0,0.0,0.0,0.0,473.0,473.0,239.0,0.0,0,5
2026-01-03 01:00:00,14,15,3,0.97,0.98,14,0,0,28,14,0,0,0,414.0,0.0,0.0,420.0,153.0,0.0,0.0,0.0,1.0,1,5
2026-01-03 02:00:00,14,15,3,0.97,0.98,14,0,0,28,14,0,0,0,400.0,0.0,0.0,392.0,139.0,0.0,0.0,0.0,1.0,2,5
2026-01-03 03:00:00,14,15,1,0.97,0.98,14,0,0,28,14,0,0,0,386.0,0.0,0.0,364.0,125.0,0.0,0.0,0.0,1.0,3,5
2026-01-03 04:00:00,17,20,3,0.97,0.98,17,17,34,0,0,0,0,0,369.0,137.0,390.0,0.0,0.0,0.0,0.0,0.0,1.0,4,5
2026-01-03 05:00:00,17,20,1,0.97,0.98,17,17,34,0,0,0,0,0,352.0,120.0,356.0,0.0,0.0,0.0,0.0,0.0,1.0,5,5
2026-01-03 06:00:00,13,15,3,0.97,1.0,13,0,0,26,13,0,0,0,339.0,0.0,0.0,338.0,112.0,0.0,0.0,0.0,1.0,6,5
2026-01-03 07:00:00,14,15,3,0.97,1.0,13,0,0,28,14,0,0,0,326.0,0.0,0.0,310.0,500.0,0.0,0.0,0.0,1.0,7,5
2026-01-03 08:00:00,15,15,1,1.02,1.0,15,0,0,30,15,0,0,0,311.0,0.0,0.0,280.0,485.0,0.0,0.0,0.0,1.0,8,5
2026-01-03 09:00:00,14,15,3,1.02,1.015,14,0,0,29,15,0,0,0,297.0,0.0,0.0,251.0,470.0,0.0,0.0,0.0,1.0,9,5
2026-01-03 10:00:00,10,10,3,1.02,1.015,0,0,0,0,0,10,10,19,0.0,0.0,0.0,0.0,0.0,463.0,463.0,220.0,0.0,10,5
2026-01-03 11:00:00,20,20,3,1.02,1.015,20,20,41,0,0,0,0,0,277.0,100.0,315.0,0.0,0.0,0.0,0.0,0.0,1.0,11,5
2026-01-03 12:00:00,9,10,3,1.02,1.0,0,0,0,0,0,9,9,18,0.0,0.0,0.0,0.0,0.0,454.0,454.0,202.0,0.0,12,5
2026-01-03 13:00:00,10,10,2,1.02,1.0,0,0,0,0,0,10,11,20,0.0,0.0,0.0,0.0,0.0,444.0,443.0,182.0,0.0,13,5
2026-01-03 14:00:00,11,10,2,1.02,1.02,0,0,0,0,0,11,12,22,0.0,0.0,0.0,0.0,0.0,433.0,431.0,160.0,1.0,14,5
2026-01-03 15:00:00,12,10,3,1.02,1.02,0,0,0,0,0,13,13,24,0.0,0.0,0.0,0.0,0.0,420.0,418.0,136.0,1.0,15,5
2026-01-03 16:00:00,15,15,3,1.0,1.02,15,0,0,31,16,0,0,0,262.0,0.0,0.0,220.0,454.0,0.0,0.0,0.0,1.0,16,5
2026-01-03 17:00:00,20,20,3,1.0,1.0,20,20,41,0,0,0,0,0,242.0,500.0,274.0,0.0,0.0,0.0,0.0,0.0,1.0,17,5
2026-01-03 18:00:00,20,20,3,1.0,1.0,20,20,40,0,0,0,0,0,222.0,480.0,234.0,0.0,0.0,0.0,0.0,0.0,1.0,18,5
2026-01-03 19:00:00,21,20,1,1.0,1.0,21,22,42,0,0,0,0,0,201.0,458.0,192.0,0.0,0.0,0.0,0.0,0.0,3.0,19,5
2026-01-03 20:00:00,20,20,1,1.0,1.0,20,20,40,0,0,0,0,0,181.0,438.0,152.0,0.0,0.0,0.0,0.0,0.0,1.0,20,5
2026-01-03 21:00:00,20,20,3,1.0,1.0,21,20,40,0,0,0,0,0,160.0,418.0,112.0,0.0,0.0,0.0,0.0,0.0,2.0,21,5
2026-01-03 22:00:00,9,10,2,1.0,1.0,0,0,0,0,0,9,10,18,0.0,0.0,0.0,0.0,0.0,411.0,408.0,118.0,0.0,22,5
2026-01-03 23:00:00,8,10,2,1.0,1.0,0,0,0,0,0,9,8,16,0.0,0.0,0.0,0.0,0.0,402.0,400.0,102.0,0.0,23,5
2026-01-04 00:00:00,14,15,1,0.97,1.0,14,0,0,29,14,0,0,0,146.0,0.0,0.0,191.0,440.0,0.0,0.0,0.0,1.0,0,6
2026-01-04 01:00:00,15,15,3,0.97,0.98,15,0,0,30,15,0,0,0,131.0,0.0,0.0,161.0,425.0,0.0,0.0,0.0,1.0,1,6
2026-01-04 02:00:00,19,20,3,0.97,0.98,19,19,38,0,0,0,0,0,112.0,399.0,500.0,0.0,0.0,0.0,0.0,0.0,1.0,2,6
2026-01-04 03:00:00,20,20,1,0.97,0.98,20,20,40,0,0,0,0,0,500.0,379.0,460.0,0.0,0.0,0.0,0.0,0.0,1.0,3,6
2026-01-04 04:00:00,15,15,1,0.97,0.98,15,0,0,30,15,0,0,0,485.0,0.0,0.0,131.0,410.0,0.0,0.0,0.0,1.0,4,6
2026-01-04 05:00:00,15,15,3,0.97,0.98,15,0,0,30,15,0,0,0,470.0,0.0,0.0,101.0,395.0,0.0,0.0,0.0,1.0,5,6
2026-01-04 06:00:00,15,15,3,0.97,1.0,15,0,0,31,15,0,0,0,455.0,0.0,0.0,500.0,380.0,0.0,0.0,0.0,1.0,6,6
2026-01-04 07:00:00,11,10,1,0.97,1.0,0,0,0,0,0,11,11,22,0.0,0.0,0.0,0.0,0.0,391.0,389.0,500.0,1.0,7,6
2026-01-04 08:00:00,22,20,3,1.02,1.0,22,22,44,0,0,0,0,0,433.0,357.0,416.0,0.0,0.0,0.0,0.0,0.0,3.0,8,6
2026-01-04 09:00:00,23,20,3,1.02,1.015,23,23,47,0,0,0,0,0,410.0,334.0,369.0,0.0,0.0,0.0,0.0,0.0,3.0,9,6
2026-01-04 10:00:00,20,20,2,1.02,1.015,20,20,41,0,0,0,0,0,390.0,314.0,328.0,0.0,0.0,0.0,0.0,0.0,1.0,10,6
2026-01-04 11:00:00,11,10,1,1.02,1.015,0,0,0,0,0,11,11,22,0.0,0.0,0.0,0.0,0.0,380.0,378.0,478.0,1.0,11,6
2026-01-04 12:00:00,10,10,1,1.02,1.0,0,0,0,0,0,10,10,20,0.0,0.0,0.0,0.0,0.0,370.0,368.0,458.0,0.0,12,6
2026-01-04 13:00:00,10,10,3,1.02,1.0,0,0,0,0,0,10,10,20,0.0,0.0,0.0,0.0,0.0,360.0,358.0,438.0,0.0,13,6
2026-01-04 14:00:00,10,10,3,1.02,1.02,0,0,0,0,0,10,10,20,0.0,0.0,0.0,0.0,0.0,350.0,348.0,418.0,0.0,14,6
2026-01-04 15:00:00,9,10,1,1.02,1.02,0,0,0,0,0,9,9,18,0.0,0.0,0.0,0.0,0.0,341.0,339.0,400.0,0.0,15,6
2026-01-04 16:00:00,19,20,1,1.0,1.02,19,19,39,0,0,0,0,0,371.0,295.0,289.0,0.0,0.0,0.0,0.0,0.0,1.0,16,6
2026-01-04 17:00:00,19,20,1,1.0,1.0,19,19,39,0,0,0,0,0,352.0,276.0,250.0,0.0,0.0,0.0,0.0,0.0,1.0,17,6
2026-01-04 18:00:00,16,15,3,1.0,1.0,16,0,0,33,16,0,0,0,336.0,0.0,0.0,467.0,364.0,0.0,0.0,0.0,1.0,18,6
2026-01-04 19:00:00,15,15,3,1.0,1.0,15,0,0,31,15,0,0,0,321.0,0.0,0.0,436.0,349.0,0.0,0.0,0.0,1.0,19,6
2026-01-04 20:00:00,14,15,3,1.0,1.0,14,0,0,28,14,0,0,0,307.0,0.0,0.0,408.0,335.0,0.0,0.0,0.0,1.0,20,6
2026-01-04 21:00:00,14,15,3,1.0,1.0,14,0,0,28,13,0,0,0,293.0,0.0,0.0,380.0,322.0,0.0,0.0,0.0,1.0,21,6
2026-01-04 22:00:00,15,15,1,1.0,1.0,14,0,0,30,15,0,0,0,279.0,0.0,0.0,350.0,307.0,0.0,0.0,0.0,1.0,22,6
2026-01-04 23:00:00,10,10,1,1.0,1.0,0,0,0,0,0,10,10,20,0.0,0.0,0.0,0.0,0.0,331.0,329.0,380.0,0.0,23,6
2026-01-05 00:00:00,10,10,3,0.97,1.0,0,0,0,0,0,10,10,20,0.0,0.0,0.0,0.0,0.0,321.0,319.0,360.0,0.0,0,0
2026-01-05 01:00:00,10,10,2,0.97,0.98,0,0,0,0,0,10,10,20,0.0,0.0,0.0,0.0,0.0,311.0,309.0,340.0,0.0,1,0
2026-01-05 02:00:00,10,10,3,0.97,0.98,0,0,0,0,0,10,9,20,0.0,0.0,0.0,0.0,0.0,301.0,300.0,320.0,0.0,2,0
2026-01-05 03:00:00,10,10,3,0.97,0.98,0,0,0,0,0,10,9,20,0.0,0.0,0.0,0.0,0.0,291.0,291.0,300.0,0.0,3,0
2026-01-05 04:00:00,19,20,1,0.97,0.98,19,19,38,0,0,0,0,0,260.0,257.0,212.0,0.0,0.0,0.0,0.0,0.0,1.0,4,0
2026-01-05 05:00:00,19,20,2,0.97,0.98,19,19,38,0,0,0,0,0,241.0,238.0,174.0,0.0,0.0,0.0,0.0,0.0,1.0,5,0
2026-01-05 06:00:00,14,15,1,0.97,1.0,14,0,0,28,14,0,0,0,227.0,0.0,0.0,322.0,293.0,0.0,0.0,0.0,1.0,6,0
2026-01-05 07:00:00,13,15,3,0.97,1.0,13,0,0,26,13,0,0,0,214.0,0.0,0.0,296.0,280.0,0.0,0.0,0.0,1.0,7,0
2026-01-05 08:00:00,14,15,2,1.02,1.0,14,0,0,28,14,0,0,0,200.0,0.0,0.0,268.0,266.0,0.0,0.0,0.0,1.0,8,0
2026-01-05 09:00:00,15,15,2,1.02,1.015,15,0,0,31,15,0,0,0,185.0,0.0,0.0,237.0,251.0,0.0,0.0,0.0,1.0,9,0
2026-01-05 10:00:00,15,15,1,1.02,1.015,16,0,0,31,15,0,0,0,169.0,0.0,0.0,206.0,236.0,0.0,0.0,0.0,1.0,10,0
2026-01-05 11:00:00,15,15,3,1.02,1.015,15,0,0,30,15,0,0,0,154.0,0.0,0.0,176.0,221.0,0.0,0.0,0.0,1.0,11,0
2026-01-05 12:00:00,14,15,3,1.02,1.0,14,0,0,28,14,0,0,0,140.0,0.0,0.0,148.0,207.0,0.0,0.0,0.0,1.0,12,0
2026-01-05 13:00:00,19,20,1,1.02,1.0,20,20,39,0,0,0,0,0,120.0,218.0,135.0,0.0,0.0,0.0,0.0,0.0,1.0,13,0
2026-01-05 14:00:00,14,15,1,1.02,1.02,15,0,0,28,14,0,0,0,105.0,0.0,0.0,120.0,193.0,0.0,0.0,0.0,1.0,14,0
2026-01-05 15:00:00,14,15,2,1.02,1.02,14,0,0,28,14,0,0,0,500.0,0.0,0.0,500.0,179.0,0.0,0.0,0.0,1.0,15,0
2026-01-05 16:00:00,14,15,2,1.0,1.02,14,0,0,28,14,0,0,0,486.0,0.0,0.0,472.0,165.0,0.0,0.0,0.0,1.0,16,0
2026-01-05 17:00:00,19,20,2,1.0,1.0,20,19,38,0,0,0,0,0,466.0,199.0,500.0,0.0,0.0,0.0,0.0,0.0,1.0,17,0
2026-01-05 18:00:00,21,20,2,1.0,1.0,21,21,42,0,0,0,0,0,445.0,178.0,458.0,0.0,0.0,0.0,0.0,0.0,3.0,18,0
2026-01-05 19:00:00,21,20,2,1.0,1.0,21,22,42,0,0,0,0,0,424.0,156.0,416.0,0.0,0.0,0.0,0.0,0.0,3.0,19,0
2026-01-05 20:00:00,21,20,3,1.0,1.0,21,22,42,0,0,0,0,0,403.0,134.0,374.0,0.0,0.0,0.0,0.0,0.0,3.0,20,0
2026-01-05 21:00:00,11,10,1,1.0,1.0,0,0,0,0,0,11,11,22,0.0,0.0,0.0,0.0,0.0,280.0,280.0,278.0,1.0,21,0
2026-01-05 22:00:00,9,10,1,1.0,1.0,0,0,0,0,0,9,9,18,0.0,0.0,0.0,0.0,0.0,271.0,271.0,260.0,0.0,22,0
2026-01-05 23:00:00,19,20,3,1.0,1.0,19,19,38,0,0,0,0,0,384.0,115.0,336.0,0.0,0.0,0.0,0.0,0.0,1.0,23,0
2026-01-06 00:00:00,19,20,1,0.97,1.0,19,19,38,0,0,0,0,0,365.0,500.0,298.0,0.0,0.0,0.0,0.0,0.0,1.0,0,1
2026-01-06 01:00:00,21,20,3,0.97,0.98,21,21,41,0,0,0,0,0,344.0,479.0,257.0,0.0,0.0,0.0,0.0,0.0,3.0,1,1
2026-01-06 02:00:00,15,15,1,0.97,0.98,15,0,0,29,15,0,0,0,329.0,0.0,0.0,443.0,150.0,0.0,0.0,0.0,1.0,2,1
2026-01-06 03:00:00,20,20,1,0.97,0.98,20,20,39,0,0,0,0,0,309.0,459.0,218.0,0.0,0.0,0.0,0.0,0.0,1.0,3,1
2026-01-06 04:00:00,20,20,1,0.97,0.98,20,20,39,0,0,0,0,0,289.0,439.0,179.0,0.0,0.0,0.0,0.0,0.0,1.0,4,1
2026-01-06 05:00:00,19,20,1,0.97,0.98,19,19,37,0,0,0,0,0,270.0,420.0,142.0,0.0,0.0,0.0,0.0,0.0,1.0,5,1
2026-01-06 06:00:00,20,20,3,0.97,1.0,20,20,39,0,0,0,0,0,250.0,400.0,103.0,0.0,0.0,0.0,0.0,0.0,1.0,6,1
2026-01-06 07:00:00,20,20,3,0.97,1.0,20,20,39,0,0,0,0,0,230.0,380.0,500.0,0.0,0.0,0.0,0.0,0.0,1.0,7,1
2026-01-06 08:00:00,22,20,1,1.02,1.0,22,22,44,0,0,0,0,0,208.0,358.0,456.0,0.0,0.0,0.0,0.0,0.0,3.0,8,1
2026-01-06 09:00:00,21,20,3,1.02,1.015,22,21,42,0,0,0,0,0,186.0,337.0,414.0,0.0,0.0,0.0,0.0,0.0,3.0,9,1
2026-01-06 10:00:00,22,20,2,1.02,1.015,23,22,44,0,0,0,0,0,163.0,315.0,370.0,0.0,0.0,0.0,0.0,0.0,3.0,10,1
2026-01-06 11:00:00,15,15,3,1.02,1.015,15,0,0,30,15,0,0,0,148.0,0.0,0.0,413.0,135.0,0.0,0.0,0.0,1.0,11,1
2026-01-06 12:00:00,21,20,2,1.02,1.0,22,21,42,0,0,0,0,0,126.0,294.0,328.0,0.0,0.0,0.0,0.0,0.0,3.0,12,1
2026-01-06 13:00:00,22,20,3,1.02,1.0,22,22,44,0,0,0,0,0,104.0,272.0,284.0,0.0,0.0,0.0,0.0,0.0,3.0,13,1
2026-01-06 14:00:00,22,20,2,1.02,1.02,23,22,44,0,0,0,0,0,500.0,250.0,240.0,0.0,0.0,0.0,0.0,0.0,3.0,14,1
2026-01-06 15:00:00,21,20,1,1.02,1.02,21,22,42,0,0,0,0,0,479.0,228.0,198.0,0.0,0.0,0.0,0.0,0.0,3.0,15,1
2026-01-06 16:00:00,21,20,3,1.0,1.02,21,21,42,0,0,0,0,0,458.0,207.0,156.0,0.0,0.0,0.0,0.0,0.0,3.0,16,1
2026-01-06 17:00:00,15,15,1,1.0,1.0,15,0,0,30,15,0,0,0,443.0,0.0,0.0,383.0,120.0,0.0,0.0,0.0,1.0,17,1
2026-01-06 18:00:00,14,15,3,1.0,1.0,14,0,0,28,14,0,0,0,429.0,0.0,0.0,355.0,106.0,0.0,0.0,0.0,1.0,18,1
2026-01-06 19:00:00,14,15,2,1.0,1.0,14,0,0,28,14,0,0,0,415.0,0.0,0.0,327.0,500.0,0.0,0.0,0.0,1.0,19,1
2026-01-06 20:00:00,18,20,2,1.0,1.0,19,18,36,0,0,0,0,0,396.0,189.0,120.0,0.0,0.0,0.0,0.0,0.0,1.0,20,1
2026-01-06 21:00:00,19,20,2,1.0,1.0,20,19,38,0,0,0,0,0,376.0,170.0,500.0,0.0,0.0,0.0,0.0,0.0,1.0,21,1
2026-01-06 22:00:00,9,10,3,1.0,1.0,0,0,0,0,0,9,9,19,0.0,0.0,0.0,0.0,0.0,262.0,262.0,241.0,0.0,22,1
2026-01-06 23:00:00,20,20,3,1.0,1.0,20,20,40,0,0,0,0,0,356.0,150.0,460.0,0.0,0.0,0.0,0.0,0.0,1.0,23,1
2026-01-07 00:00:00,9,10,3,0.97,1.0,0,0,0,0,0,9,9,18,0.0,0.0,0.0,0.0,0.0,253.0,253.0,223.0,0.0,0,2
2026-01-07 01:00:00,9,10,1,0.97,0.98,0,0,0,0,0,9,9,18,0.0,0.0,0.0,0.0,0.0,244.0,244.0,205.0,0.0,1,2
2026-01-07 02:00:00,10,10,1,0.97,0.98,0,0,0,0,0,10,10,20,0.0,0.0,0.0,0.0,0.0,234.0,234.0,185.0,0.0,2,2
2026-01-07 03:00:00,18,20,2,0.97,0.98,18,18,36,0,0,0,0,0,338.0,132.0,424.0,0.0,0.0,0.0,0.0,0.0,1.0,3,2
2026-01-07 04:00:00,19,20,1,0.97,0.98,19,19,38,0,0,0,0,0,319.0,113.0,386.0,0.0,0.0,0.0,0.0,0.0,1.0,4,2
2026-01-07 05:00:00,15,15,3,0.97,0.98,15,0,0,30,15,0,0,0,304.0,0.0,0.0,297.0,485.0,0.0,0.0,0.0,1.0,5,2
2026-01-07 06:00:00,14,15,2,0.97,1.0,14,0,0,27,14,0,0,0,290.0,0.0,0.0,270.0,471.0,0.0,0.0,0.0,1.0,6,2
2026-01-07 07:00:00,14,15,2,0.97,1.0,13,0,0,27,14,0,0,0,277.0,0.0,0.0,243.0,457.0,0.0,0.0,0.0,1.0,7,2
2026-01-07 08:00:00,20,20,1,1.02,1.0,20,20,41,0,0,0,0,0,257.0,500.0,345.0,0.0,0.0,0.0,0.0,0.0,1.0,8,2
2026-01-07 09:00:00,21,20,2,1.02,1.015,21,21,43,0,0,0,0,0,236.0,479.0,302.0,0.0,0.0,0.0,0.0,0.0,3.0,9,2
2026-01-07 10:00:00,20,20,2,1.02,1.015,20,20,40,0,0,0,0,0,216.0,459.0,262.0,0.0,0.0,0.0,0.0,0.0,1.0,10,2
2026-01-07 11:00:00,9,10,1,1.02,1.015,0,0,0,0,0,10,9,18,0.0,0.0,0.0,0.0,0.0,224.0,225.0,167.0,0.0,11,2
2026-01-07 12:00:00,15,15,3,1.02,1.0,15,0,0,30,15,0,0,0,201.0,0.0,0.0,213.0,442.0,0.0,0.0,0.0,1.0,12,2
2026-01-07 13:00:00,15,15,1,1.02,1.0,15,0,0,30,15,0,0,0,186.0,0.0,0.0,183.0,427.0,0.0,0.0,0.0,1.0,13,2
2026-01-07 14:00:00,21,20,3,1.02,1.02,22,21,42,0,0,0,0,0,164.0,438.0,220.0,0.0,0.0,0.0,0.0,0.0,3.0,14,2
2026-01-07 15:00:00,21,20,2,1.02,1.02,22,21,42,0,0,0,0,0,142.0,417.0,178.0,0.0,0.0,0.0,0.0,0.0,3.0,15,2
2026-01-07 16:00:00,20,20,1,1.0,1.02,20,20,40,0,0,0,0,0,122.0,397.0,138.0,0.0,0.0,0.0,0.0,0.0,1.0,16,2
2026-01-07 17:00:00,20,20,1,1.0,1.0,20,20,40,0,0,0,0,0,102.0,377.0,500.0,0.0,0.0,0.0,0.0,0.0,1.0,17,2
2026-01-07 18:00:00,20,20,1,1.0,1.0,20,20,40,0,0,0,0,0,500.0,357.0,460.0,0.0,0.0,0.0,0.0,0.0,1.0,18,2
2026-01-07 19:00:00,15,15,3,1.0,1.0,15,0,0,30,15,0,0,0,485.0,0.0,0.0,153.0,412.0,0.0,0.0,0.0,1.0,19,2
2026-01-07 20:00:00,16,15,1,1.0,1.0,16,0,0,32,16,0,0,0,469.0,0.0,0.0,121.0,396.0,0.0,0.0,0.0,1.0,20,2
2026-01-07 21:00:00,16,15,3,1.0,1.0,16,0,0,32,16,0,0,0,453.0,0.0,0.0,500.0,380.0,0.0,0.0,0.0,1.0,21,2
2026-01-07 22:00:00,10,10,3,1.0,1.0,0,0,0,0,0,10,10,20,0.0,0.0,0.0,0.0,0.0,214.0,215.0,147.0,0.0,22,2
2026-01-07 23:00:00,21,20,1,1.0,1.0,21,21,42,0,0,0,0,0,432.0,336.0,418.0,0.0,0.0,0.0,0.0,0.0,3.0,23,2
2026-01-08 00:00:00,14,15,2,0.97,1.0,14,0,0,27,14,0,0,0,418.0,0.0,0.0,473.0,366.0,0.0,0.0,0.0,1.0,0,3
2026-01-08 01:00:00,15,15,3,0.97,0.98,15,0,0,29,15,0,0,0,403.0,0.0,0.0,444.0,351.0,0.0,0.0,0.0,1.0,1,3
2026-01-08 02:00:00,11,10,3,0.97,0.98,0,0,0,0,0,11,11,21,0.0,0.0,0.0,0.0,0.0,203.0,204.0,126.0,1.0,2,3
2026-01-08 03:00:00,19,20,2,0.97,0.98,19,18,38,0,0,0,0,0,384.0,318.0,380.0,0.0,0.0,0.0,0.0,0.0,1.0,3,3
2026-01-08 04:00:00,20,20,3,0.97,0.98,20,20,39,0,0,0,0,0,364.0,298.0,341.0,0.0,0.0,0.0,0.0,0.0,1.0,4,3
2026-01-08 05:00:00,20,20,1,0.97,0.98,20,20,40,0,0,0,0,0,344.0,278.0,301.0,0.0,0.0,0.0,0.0,0.0,1.0,5,3
2026-01-08 06:00:00,16,15,1,0.97,1.0,16,0,0,32,16,0,0,0,328.0,0.0,0.0,412.0,335.0,0.0,0.0,0.0,1.0,6,3
2026-01-08 07:00:00,12,10,2,0.97,1.0,0,0,0,0,0,12,12,24,0.0,0.0,0.0,0.0,0.0,191.0,192.0,102.0,1.0,7,3
2026-01-08 08:00:00,12,10,1,1.02,1.0,0,0,0,0,0,12,12,24,0.0,0.0,0.0,0.0,0.0,179.0,180.0,500.0,1.0,8,3
2026-01-08 09:00:00,11,10,3,1.02,1.015,0,0,0,0,0,11,11,23,0.0,0.0,0.0,0.0,0.0,168.0,169.0,477.0,1.0,9,3
2026-01-08 10:00:00,10,10,2,1.02,1.015,0,0,0,0,0,10,10,20,0.0,0.0,0.0,0.0,0.0,158.0,159.0,457.0,0.0,10,3
2026-01-08 11:00:00,10,10,1,1.02,1.015,0,0,0,0,0,11,10,21,0.0,0.0,0.0,0.0,0.0,147.0,149.0,436.0,1.0,11,3
2026-01-08 12:00:00,15,15,2,1.02,1.0,16,0,0,30,15,0,0,0,312.0,0.0,0.0,382.0,320.0,0.0,0.0,0.0,1.0,12,3
2026-01-08 13:00:00,15,15,2,1.02,1.0,16,0,0,30,15,0,0,0,296.0,0.0,0.0,352.0,305.0,0.0,0.0,0.0,1.0,13,3
2026-01-08 14:00:00,16,15,3,1.02,1.02,17,0,0,32,16,0,0,0,279.0,0.0,0.0,320.0,289.0,0.0,0.0,0.0,1.0,14,3
2026-01-08 15:00:00,16,15,1,1.02,1.02,16,0,0,32,16,0,0,0,263.0,0.0,0.0,288.0,273.0,0.0,0.0,0.0,1.0,15,3
2026-01-08 16:00:00,16,15,2,1.0,1.02,16,0,0,32,16,0,0,0,247.0,0.0,0.0,256.0,257.0,0.0,0.0,0.0,1.0,16,3
2026-01-08 17:00:00,17,15,2,1.0,1.0,17,0,0,33,17,0,0,0,230.0,0.0,0.0,223.0,240.0,0.0,0.0,0.0,1.0,17,3
2026-01-08 18:00:00,16,15,3,1.0,1.0,16,0,0,31,16,0,0,0,214.0,0.0,0.0,192.0,224.0,0.0,0.0,0.0,1.0,18,3
2026-01-08 19:00:00,18,15,3,1.0,1.0,18,0,0,35,18,0,0,0,196.0,0.0,0.0,157.0,206.0,0.0,0.0,0.0,1.0,19,3
2026-01-08 20:00:00,13,10,3,1.0,1.0,0,0,0,0,0,13,13,27,0.0,0.0,0.0,0.0,0.0,134.0,136.0,409.0,1.0,20,3
2026-01-08 21:00:00,21,20,2,1.0,1.0,21,21,42,0,0,0,0,0,175.0,257.0,259.0,0.0,0.0,0.0,0.0,0.0,3.0,21,3
2026-01-08 22:00:00,15,15,2,1.0,1.0,15,0,0,29,15,0,0,0,160.0,0.0,0.0,128.0,191.0,0.0,0.0,0.0,1.0,22,3
2026-01-08 23:00:00,15,15,2,1.0,1.0,15,0,0,30,15,0,0,0,145.0,0.0,0.0,500.0,176.0,0.0,0.0,0.0,1.0,23,3
2026-01-09 00:00:00,15,15,3,0.97,1.0,15,0,0,29,15,0,0,0,130.0,0.0,0.0,471.0,161.0,0.0,0.0,0.0,1.0,0,4
2026-01-09 01:00:00,15,15,3,0.97,0.98,15,0,0,30,15,0,0,0,115.0,0.0,0.0,441.0,146.0,0.0,0.0,0.0,1.0,1,4
2026-01-09 02:00:00,20,20,2,0.97,0.98,20,20,39,0,0,0,0,0,500.0,237.0,220.0,0.0,0.0,0.0,0.0,0.0,1.0,2,4
2026-01-09 03:00:00,20,20,3,0.97,0.98,20,20,40,0,0,0,0,0,480.0,217.0,180.0,0.0,0.0,0.0,0.0,0.0,1.0,3,4
2026-01-09 04:00:00,9,10,3,0.97,0.98,0,0,0,0,0,9,8,18,0.0,0.0,0.0,0.0,0.0,125.0,128.0,391.0,0.0,4,4
2026-01-09 05:00:00,13,15,3,0.97,0.98,13,0,0,26,13,0,0,0,467.0,0.0,0.0,415.0,133.0,0.0,0.0,0.0,1.0,5,4
2026-01-09 06:00:00,13,15,2,0.97,1.0,13,0,0,26,13,0,0,0,454.0,0.0,0.0,389.0,120.0,0.0,0.0,0.0,1.0,6,4
2026-01-09 07:00:00,14,15,3,0.97,1.0,14,0,0,28,14,0,0,0,440.0,0.0,0.0,361.0,106.0,0.0,0.0,0.0,1.0,7,4
2026-01-09 08:00:00,15,15,1,1.02,1.0,16,0,0,30,15,0,0,0,424.0,0.0,0.0,331.0,500.0,0.0,0.0,0.0,1.0,8,4
2026-01-09 09:00:00,14,15,3,1.02,1.015,15,0,0,28,14,0,0,0,409.0,0.0,0.0,303.0,486.0,0.0,0.0,0.0,1.0,9,4
2026-01-09 10:00:00,20,20,3,1.02,1.015,20,20,41,0,0,0,0,0,389.0,197.0,139.0,0.0,0.0,0.0,0.0,0.0,1.0,10,4
2026-01-09 11:00:00,21,20,2,1.02,1.015,21,21,42,0,0,0,0,0,368.0,176.0,500.0,0.0,0.0,0.0,0.0,0.0,3.0,11,4
2026-01-09 12:00:00,20,20,1,1.02,1.0,20,20,40,0,0,0,0,0,348.0,156.0,460.0,0.0,0.0,0.0,0.0,0.0,1.0,12,4
2026-01-09 13:00:00,20,20,1,1.02,1.0,20,20,40,0,0,0,0,0,328.0,136.0,420.0,0.0,0.0,0.0,0.0,0.0,1.0,13,4
2026-01-09 14:00:00,20,20,3,1.02,1.02,20,20,40,0,0,0,0,0,308.0,116.0,380.0,0.0,0.0,0.0,0.0,0.0,1.0,14,4
2026-01-09 15:00:00,20,20,2,1.02,1.02,20,20,40,0,0,0,0,0,288.0,500.0,340.0,0.0,0.0,0.0,0.0,0.0,1.0,15,4
2026-01-09 16:00:00,20,20,2,1.0,1.02,20,20,40,0,0,0,0,0,268.0,480.0,300.0,0.0,0.0,0.0,0.0,0.0,1.0,16,4
2026-01-09 17:00:00,20,20,3,1.0,1.0,20,20,39,0,0,0,0,0,248.0,460.0,261.0,0.0,0.0,0.0,0.0,0.0,1.0,17,4
2026-01-09 18:00:00,21,20,3,1.0,1.0,21,21,41,0,0,0,0,0,227.0,439.0,220.0,0.0,0.0,0.0,0.0,0.0,3.0,18,4
2026-01-09 19:00:00,21,20,1,1.0,1.0,21,21,42,0,0,0,0,0,206.0,418.0,178.0,0.0,0.0,0.0,0.0,0.0,3.0,19,4
2026-01-09 20:00:00,20,20,3,1.0,1.0,20,21,40,0,0,0,0,0,186.0,397.0,138.0,0.0,0.0,0.0,0.0,0.0,2.0,20,4
2026-01-09 21:00:00,19,20,2,1.0,1.0,19,19,38,0,0,0,0,0,167.0,378.0,100.0,0.0,0.0,0.0,0.0,0.0,1.0,21,4
2026-01-09 22:00:00,20,20,1,1.0,1.0,20,20,40,0,0,0,0,0,147.0,358.0,500.0,0.0,0.0,0.0,0.0,0.0,1.0,22,4
2026-01-09 23:00:00,20,20,1,1.0,1.0,20,20,40,0,0,0,0,0,127.0,338.0,460.0,0.0,0.0,0.0,0.0,0.0,1.0,23,4
2026-01-10 00:00:00,15,15,1,0.97,1.0,15,0,0,29,14,0,0,0,112.0,0.0,0.0,274.0,472.0,0.0,0.0,0.0,1.0,0,5
2026-01-10 01:00:00,18,15,2,0.97,0.98,18,0,0,35,17,0,0,0,500.0,0.0,0.0,239.0,455.0,0.0,0.0,0.0,1.0,1,5
2026-01-10 02:00:00,17,15,1,0.97,0.98,17,0,0,33,17,0,0,0,483.0,0.0,0.0,206.0,438.0,0.0,0.0,0.0,1.0,2,5
2026-01-10 03:00:00,18,15,3,0.97,0.98,18,0,0,35,17,0,0,0,465.0,0.0,0.0,171.0,421.0,0.0,0.0,0.0,1.0,3,5
2026-01-10 04:00:00,17,15,3,0.97,0.98,17,0,0,33,16,0,0,0,448.0,0.0,0.0,138.0,405.0,0.0,0.0,0.0,1.0,4,5
2026-01-10 05:00:00,17,15,2,0.97,0.98,17,0,0,33,16,0,0,0,431.0,0.0,0.0,105.0,389.0,0.0,0.0,0.0,1.0,5,5
2026-01-10 06:00:00,16,15,1,0.97,1.0,16,0,0,31,16,0,0,0,415.0,0.0,0.0,500.0,373.0,0.0,0.0,0.0,1.0,6,5
2026-01-10 07:00:00,17,15,1,0.97,1.0,17,0,0,33,17,0,0,0,398.0,0.0,0.0,467.0,356.0,0.0,0.0,0.0,1.0,7,5
2026-01-10 08:00:00,21,20,2,1.02,1.0,21,21,42,0,0,0,0,0,377.0,317.0,418.0,0.0,0.0,0.0,0.0,0.0,3.0,8,5
2026-01-10 09:00:00,21,20,3,1.02,1.015,22,21,42,0,0,0,0,0,355.0,296.0,376.0,0.0,0.0,0.0,0.0,0.0,3.0,9,5
2026-01-10 10:00:00,21,20,1,1.02,1.015,22,21,42,0,0,0,0,0,333.0,275.0,334.0,0.0,0.0,0.0,0.0,0.0,3.0,10,5
2026-01-10 11:00:00,21,20,1,1.02,1.015,22,21,43,0,0,0,0,0,311.0,254.0,291.0,0.0,0.0,0.0,0.0,0.0,3.0,11,5
2026-01-10 12:00:00,22,20,2,1.02,1.0,23,22,45,0,0,0,0,0,288.0,232.0,246.0,0.0,0.0,0.0,0.0,0.0,3.0,12,5
2026-01-10 13:00:00,20,20,3,1.02,1.0,20,20,41,0,0,0,0,0,268.0,212.0,205.0,0.0,0.0,0.0,0.0,0.0,1.0,13,5
2026-01-10 14:00:00,21,20,2,1.02,1.02,22,22,43,0,0,0,0,0,246.0,190.0,162.0,0.0,0.0,0.0,0.0,0.0,3.0,14,5
2026-01-10 15:00:00,20,20,3,1.02,1.02,20,21,40,0,0,0,0,0,226.0,169.0,122.0,0.0,0.0,0.0,0.0,0.0,2.0,15,5
2026-01-10 16:00:00,9,10,3,1.0,1.02,0,0,0,0,0,10,9,18,0.0,0.0,0.0,0.0,0.0,115.0,119.0,373.0,0.0,16,5
2026-01-10 17:00:00,10,10,1,1.0,1.0,0,0,0,0,0,10,9,20,0.0,0.0,0.0,0.0,0.0,105.0,110.0,353.0,0.0,17,5
2026-01-10 18:00:00,15,15,2,1.0,1.0,15,0,0,30,15,0,0,0,211.0,0.0,0.0,437.0,341.0,0.0,0.0,0.0,1.0,18,5
2026-01-10 19:00:00,14,15,1,1.0,1.0,14,0,0,28,14,0,0,0,197.0,0.0,0.0,409.0,327.0,0.0,0.0,0.0,1.0,19,5
2026-01-10 20:00:00,9,10,3,1.0,1.0,0,0,0,0,0,10,8,17,0.0,0.0,0.0,0.0,0.0,500.0,102.0,336.0,0.0,20,5
2026-01-10 21:00:00,10,10,1,1.0,1.0,0,0,0,0,0,11,10,20,0.0,0.0,0.0,0.0,0.0,489.0,500.0,316.0,0.0,21,5
2026-01-10 22:00:00,9,10,1,1.0,1.0,0,0,0,0,0,10,9,18,0.0,0.0,0.0,0.0,0.0,479.0,491.0,298.0,0.0,22,5
2026-01-10 23:00:00,20,20,2,1.0,1.0,21,20,40,0,0,0,0,0,176.0,149.0,500.0,0.0,0.0,0.0,0.0,0.0,2.0,23,5
2026-01-11 00:00:00,19,20,3,0.97,1.0,19,19,38,0,0,0,0,0,157.0,130.0,462.0,0.0,0.0,0.0,0.0,0.0,1.0,0,6
2026-01-11 01:00:00,18,20,1,0.97,0.98,18,18,36,0,0,0,0,0,139.0,112.0,426.0,0.0,0.0,0.0,0.0,0.0,1.0,1,6
2026-01-11 02:00:00,20,20,3,0.97,0.98,20,20,40,0,0,0,0,0,119.0,500.0,386.0,0.0,0.0,0.0,0.0,0.0,1.0,2,6
2026-01-11 03:00:00,20,20,1,0.97,0.98,19,20,39,0,0,0,0,0,100.0,480.0,347.0,0.0,0.0,0.0,0.0,0.0,1.0,3,6
2026-01-11 04:00:00,18,20,2,0.97,0.98,18,18,36,0,0,0,0,0,500.0,462.0,311.0,0.0,0.0,0.0,0.0,0.0,1.0,4,6
2026-01-11 05:00:00,19,20,2,0.97,0.98,19,19,37,0,0,0,0,0,481.0,443.0,274.0,0.0,0.0,0.0,0.0,0.0,1.0,5,6
2026-01-11 06:00:00,19,20,1,0.97,1.0,19,19,38,0,0,0,0,0,462.0,424.0,236.0,0.0,0.0,0.0,0.0,0.0,1.0,6,6
2026-01-11 07:00:00,10,10,3,0.97,1.0,0,0,0,0,0,11,10,20,0.0,0.0,0.0,0.0,0.0,468.0,481.0,278.0,0.0,7,6
2026-01-11 08:00:00,20,20,3,1.02,1.0,20,21,40,0,0,0,0,0,442.0,403.0,196.0,0.0,0.0,0.0,0.0,0.0,2.0,8,6
2026-01-11 09:00:00,20,20,1,1.02,1.015,20,21,40,0,0,0,0,0,422.0,382.0,156.0,0.0,0.0,0.0,0.0,0.0,2.0,9,6
2026-01-11 10:00:00,10,10,2,1.02,1.015,0,0,0,0,0,11,10,20,0.0,0.0,0.0,0.0,0.0,457.0,471.0,258.0,0.0,10,6
2026-01-11 11:00:00,16,15,3,1.02,1.015,16,0,0,32,16,0,0,0,406.0,0.0,0.0,377.0,311.0,0.0,0.0,0.0,1.0,11,6
2026-01-11 12:00:00,20,20,2,1.02,1.0,20,21,40,0,0,0,0,0,386.0,361.0,116.0,0.0,0.0,0.0,0.0,0.0,2.0,12,6
2026-01-11 13:00:00,20,20,2,1.02,1.0,20,21,40,0,0,0,0,0,366.0,340.0,500.0,0.0,0.0,0.0,0.0,0.0,2.0,13,6
2026-01-11 14:00:00,20,20,2,1.02,1.02,20,21,40,0,0,0,0,0,346.0,319.0,460.0,0.0,0.0,0.0,0.0,0.0,2.0,14,6
2026-01-11 15:00:00,20,20,3,1.02,1.02,20,21,40,0,0,0,0,0,326.0,298.0,420.0,0.0,0.0,0.0,0.0,0.0,2.0,15,6
2026-01-11 16:00:00,16,15,2,1.0,1.02,16,0,0,32,17,0,0,0,310.0,0.0,0.0,345.0,294.0,0.0,0.0,0.0,1.0,16,6
2026-01-11 17:00:00,21,20,2,1.0,1.0,21,21,42,0,0,0,0,0,289.0,277.0,378.0,0.0,0.0,0.0,0.0,0.0,3.0,17,6
2026-01-11 18:00:00,20,20,3,1.0,1.0,20,20,40,0,0,0,0,0,269.0,257.0,338.0,0.0,0.0,0.0,0.0,0.0,1.0,18,6
2026-01-11 19:00:00,20,20,3,1.0,1.0,20,20,40,0,0,0,0,0,249.0,237.0,298.0,0.0,0.0,0.0,0.0,0.0,1.0,19,6
2026-01-11 20:00:00,22,20,2,1.0,1.0,22,22,44,0,0,0,0,0,227.0,215.0,254.0,0.0,0.0,0.0,0.0,0.0,3.0,20,6
2026-01-11 21:00:00,22,20,2,1.0,1.0,22,22,44,0,0,0,0,0,205.0,193.0,210.0,0.0,0.0,0.0,0.0,0.0,3.0,21,6
2026-01-11 22:00:00,21,20,1,1.0,1.0,21,21,42,0,0,0,0,0,184.0,172.0,168.0,0.0,0.0,0.0,0.0,0.0,3.0,22,6
2026-01-11 23:00:00,20,20,2,1.0,1.0,21,20,40,0,0,0,0,0,163.0,152.0,128.0,0.0,0.0,0.0,0.0,0.0,2.0,23,6
2026-01-12 00:00:00,11,10,2,0.97,1.0,0,0,0,0,0,11,11,22,0.0,0.0,0.0,0.0,0.0,446.0,460.0,236.0,1.0,0,0
2026-01-12 01:00:00,14,15,2,0.97,0.98,15,0,0,28,14,0,0,0,148.0,0.0,0.0,317.0,280.0,0.0,0.0,0.0,1.0,1,0
2026-01-12 02:00:00,10,10,1,0.97,0.98,0,0,0,0,0,10,11,20,0.0,0.0,0.0,0.0,0.0,436.0,449.0,216.0,0.0,2,0
2026-01-12 03:00:00,20,20,2,0.97,0.98,21,20,39,0,0,0,0,0,127.0,132.0,500.0,0.0,0.0,0.0,0.0,0.0,2.0,3,0
2026-01-12 04:00:00,19,20,1,0.97,0.98,20,19,37,0,0,0,0,0,107.0,113.0,463.0,0.0,0.0,0.0,0.0,0.0,1.0,4,0
2026-01-12 05:00:00,14,15,1,0.97,0.98,14,0,0,28,14,0,0,0,500.0,0.0,0.0,289.0,266.0,0.0,0.0,0.0,1.0,5,0
2026-01-12 06:00:00,17,20,1,0.97,1.0,17,17,34,0,0,0,0,0,483.0,500.0,429.0,0.0,0.0,0.0,0.0,0.0,1.0,6,0
2026-01-12 07:00:00,17,20,1,0.97,1.0,18,17,34,0,0,0,0,0,465.0,483.0,395.0,0.0,0.0,0.0,0.0,0.0,1.0,7,0
2026-01-12 08:00:00,18,20,3,1.02,1.0,18,17,36,0,0,0,0,0,447.0,466.0,359.0,0.0,0.0,0.0,0.0,0.0,1.0,8,0
2026-01-12 09:00:00,18,20,1,1.02,1.015,18,18,36,0,0,0,0,0,429.0,448.0,323.0,0.0,0.0,0.0,0.0,0.0,1.0,9,0
2026-01-12 10:00:00,20,20,2,1.02,1.015,20,21,41,0,0,0,0,0,409.0,427.0,282.0,0.0,0.0,0.0,0.0,0.0,2.0,10,0
2026-01-12 11:00:00,14,15,3,1.02,1.015,14,0,0,28,14,0,0,0,395.0,0.0,0.0,261.0,252.0,0.0,0.0,0.0,1.0,11,0
2026-01-12 12:00:00,14,15,3,1.02,1.0,14,0,0,28,14,0,0,0,381.0,0.0,0.0,233.0,238.0,0.0,0.0,0.0,1.0,12,0
2026-01-12 13:00:00,19,20,2,1.02,1.0,19,19,38,0,0,0,0,0,362.0,408.0,244.0,0.0,0.0,0.0,0.0,0.0,1.0,13,0
2026-01-12 14:00:00,21,20,1,1.02,1.02,21,21,42,0,0,0,0,0,341.0,387.0,202.0,0.0,0.0,0.0,0.0,0.0,3.0,14,0
2026-01-12 15:00:00,9,10,2,1.02,1.02,0,0,0,0,0,9,10,18,0.0,0.0,0.0,0.0,0.0,427.0,439.0,198.0,0.0,15,0
2026-01-12 16:00:00,21,20,1,1.0,1.02,21,21,42,0,0,0,0,0,320.0,366.0,160.0,0.0,0.0,0.0,0.0,0.0,3.0,16,0
2026-01-12 17:00:00,20,20,3,1.0,1.0,20,20,40,0,0,0,0,0,300.0,346.0,120.0,0.0,0.0,0.0,0.0,0.0,1.0,17,0
2026-01-12 18:00:00,19,20,3,1.0,1.0,19,19,38,0,0,0,0,0,281.0,327.0,500.0,0.0,0.0,0.0,0.0,0.0,1.0,18,0
2026-01-12 19:00:00,15,15,3,1.0,1.0,15,0,0,30,15,0,0,0,266.0,0.0,0.0,203.0,223.0,0.0,0.0,0.0,1.0,19,0
2026-01-12 20:00:00,10,10,3,1.0,1.0,0,0,0,0,0,10,11,20,0.0,0.0,0.0,0.0,0.0,417.0,428.0,178.0,0.0,20,0
2026-01-12 21:00:00,10,10,2,1.0,1.0,0,0,0,0,0,10,10,20,0.0,0.0,0.0,0.0,0.0,407.0,418.0,158.0,0.0,21,0
2026-01-12 22:00:00,10,10,3,1.0,1.0,0,0,0,0,0,10,10,20,0.0,0.0,0.0,0.0,0.0,397.0,408.0,138.0,0.0,22,0
2026-01-12 23:00:00,9,10,2,1.0,1.0,0,0,0,0,0,9,10,18,0.0,0.0,0.0,0.0,0.0,388.0,398.0,120.0,0.0,23,0
2026-01-13 00:00:00,19,20,2,0.97,1.0,19,18,37,0,0,0,0,0,247.0,309.0,463.0,0.0,0.0,0.0,0.0,0.0,1.0,0,1
2026-01-13 01:00:00,10,10,3,0.97,0.98,0,0,0,0,0,10,10,20,0.0,0.0,0.0,0.0,0.0,378.0,388.0,100.0,0.0,1,1
2026-01-13 02:00:00,11,10,1,0.97,0.98,0,0,0,0,0,11,11,21,0.0,0.0,0.0,0.0,0.0,367.0,377.0,500.0,1.0,2,1
2026-01-13 03:00:00,14,15,3,0.97,0.98,14,0,0,28,14,0,0,0,233.0,0.0,0.0,175.0,209.0,0.0,0.0,0.0,1.0,3,1
2026-01-13 04:00:00,11,10,2,0.97,0.98,0,0,0,0,0,11,11,22,0.0,0.0,0.0,0.0,0.0,356.0,366.0,478.0,1.0,4,1
2026-01-13 05:00:00,9,10,3,0.97,0.98,0,0,0,0,0,9,9,18,0.0,0.0,0.0,0.0,0.0,347.0,357.0,460.0,0.0,5,1
2026-01-13 06:00:00,9,10,2,0.97,1.0,0,0,0,0,0,9,8,18,0.0,0.0,0.0,0.0,0.0,338.0,349.0,442.0,0.0,6,1
2026-01-13 07:00:00,20,20,2,0.97,1.0,20,19,39,0,0,0,0,0,213.0,290.0,424.0,0.0,0.0,0.0,0.0,0.0,1.0,7,1
2026-01-13 08:00:00,16,15,2,1.02,1.0,16,0,0,32,16,0,0,0,197.0,0.0,0.0,143.0,193.0,0.0,0.0,0.0,1.0,8,1
2026-01-13 09:00:00,15,15,3,1.02,1.015,15,0,0,30,15,0,0,0,182.0,0.0,0.0,113.0,178.0,0.0,0.0,0.0,1.0,9,1
2026-01-13 10:00:00,15,15,1,1.02,1.015,15,0,0,29,15,0,0,0,167.0,0.0,0.0,500.0,163.0,0.0,0.0,0.0,1.0,10,1
2026-01-13 11:00:00,15,15,2,1.02,1.015,15,0,0,29,15,0,0,0,152.0,0.0,0.0,471.0,148.0,0.0,0.0,0.0,1.0,11,1
2026-01-13 12:00:00,14,15,1,1.02,1.0,14,0,0,28,14,0,0,0,138.0,0.0,0.0,443.0,134.0,0.0,0.0,0.0,1.0,12,1
2026-01-13 13:00:00,15,15,2,1.02,1.0,15,0,0,30,15,0,0,0,123.0,0.0,0.0,413.0,119.0,0.0,0.0,0.0,1.0,13,1
2026-01-13 14:00:00,16,15,3,1.02,1.02,16,0,0,32,16,0,0,0,107.0,0.0,0.0,381.0,103.0,0.0,0.0,0.0,1.0,14,1
2026-01-13 15:00:00,10,10,3,1.02,1.02,0,0,0,0,0,10,10,21,0.0,0.0,0.0,0.0,0.0,328.0,339.0,421.0,1.0,15,1
2026-01-13 16:00:00,11,10,1,1.0,1.02,0,0,0,0,0,11,11,22,0.0,0.0,0.0,0.0,0.0,317.0,328.0,399.0,1.0,16,1
2026-01-13 17:00:00,11,10,3,1.0,1.0,0,0,0,0,0,11,11,22,0.0,0.0,0.0,0.0,0.0,306.0,317.0,377.0,1.0,17,1
2026-01-13 18:00:00,11,10,3,1.0,1.0,0,0,0,0,0,11,12,22,0.0,0.0,0.0,0.0,0.0,295.0,305.0,355.0,1.0,18,1
2026-01-13 19:00:00,16,15,3,1.0,1.0,16,0,0,32,16,0,0,0,500.0,0.0,0.0,349.0,500.0,0.0,0.0,0.0,1.0,19,1
2026-01-13 20:00:00,10,10,1,1.0,1.0,0,0,0,0,0,10,10,20,0.0,0.0,0.0,0.0,0.0,285.0,295.0,335.0,0.0,20,1
2026-01-13 21:00:00,10,10,1,1.0,1.0,0,0,0,0,0,10,11,21,0.0,0.0,0.0,0.0,0.0,275.0,284.0,314.0,1.0,21,1
2026-01-13 22:00:00,10,10,1,1.0,1.0,0,0,0,0,0,10,11,20,0.0,0.0,0.0,0.0,0.0,265.0,273.0,294.0,0.0,22,1
2026-01-13 23:00:00,11,10,3,1.0,1.0,0,0,0,0,0,11,12,22,0.0,0.0,0.0,0.0,0.0,254.0,261.0,272.0,1.0,23,1
2026-01-14 00:00:00,10,10,3,0.97,1.0,0,0,0,0,0,10,11,20,0.0,0.0,0.0,0.0,0.0,244.0,250.0,252.0,0.0,0,2
2026-01-14 01:00:00,10,10,2,0.97,0.98,0,0,0,0,0,10,10,20,0.0,0.0,0.0,0.0,0.0,234.0,240.0,232.0,0.0,1,2
2026-01-14 02:00:00,16,15,2,0.97,0.98,16,0,0,31,16,0,0,0,484.0,0.0,0.0,318.0,484.0,0.0,0.0,0.0,1.0,2,2
2026-01-14 03:00:00,10,10,2,0.97,0.98,0,0,0,0,0,10,10,20,0.0,0.0,0.0,0.0,0.0,224.0,230.0,212.0,0.0,3,2
2026-01-14 04:00:00,10,10,1,0.97,0.98,0,0,0,0,0,10,10,20,0.0,0.0,0.0,0.0,0.0,214.0,220.0,192.0,0.0,4,2
2026-01-14 05:00:00,15,15,1,0.97,0.98,15,0,0,30,16,0,0,0,469.0,0.0,0.0,288.0,468.0,0.0,0.0,0.0,1.0,5,2
2026-01-14 06:00:00,20,20,1,0.97,1.0,20,20,39,0,0,0,0,0,449.0,270.0,385.0,0.0,0.0,0.0,0.0,0.0,1.0,6,2
2026-01-14 07:00:00,20,20,2,0.97,1.0,20,20,39,0,0,0,0,0,429.0,250.0,346.0,0.0,0.0,0.0,0.0,0.0,1.0,7,2
2026-01-14 08:00:00,22,20,3,1.02,1.0,22,22,44,0,0,0,0,0,407.0,228.0,302.0,0.0,0.0,0.0,0.0,0.0,3.0,8,2
2026-01-14 09:00:00,12,10,1,1.02,1.015,0,0,0,0,0,12,13,24,0.0,0.0,0.0,0.0,0.0,202.0,207.0,168.0,1.0,9,2
2026-01-14 10:00:00,18,15,1,1.02,1.015,18,0,0,36,19,0,0,0,389.0,0.0,0.0,252.0,449.0,0.0,0.0,0.0,1.0,10,2
2026-01-14 11:00:00,17,15,2,1.02,1.015,17,0,0,34,18,0,0,0,372.0,0.0,0.0,218.0,431.0,0.0,0.0,0.0,1.0,11,2
2026-01-14 12:00:00,17,15,3,1.02,1.0,17,0,0,34,17,0,0,0,355.0,0.0,0.0,184.0,414.0,0.0,0.0,0.0,1.0,12,2
2026-01-14 13:00:00,16,15,1,1.02,1.0,16,0,0,32,16,0,0,0,339.0,0.0,0.0,152.0,398.0,0.0,0.0,0.0,1.0,13,2
2026-01-14 14:00:00,12,10,3,1.02,1.02,0,0,0,0,0,13,12,25,0.0,0.0,0.0,0.0,0.0,189.0,195.0,143.0,1.0,14,2
2026-01-14 15:00:00,16,15,1,1.02,1.02,16,0,0,32,16,0,0,0,323.0,0.0,0.0,120.0,382.0,0.0,0.0,0.0,1.0,15,2
2026-01-14 16:00:00,11,10,2,1.0,1.02,0,0,0,0,0,12,11,22,0.0,0.0,0.0,0.0,0.0,177.0,184.0,121.0,1.0,16,2
2026-01-14 17:00:00,11,10,2,1.0,1.0,0,0,0,0,0,11,11,22,0.0,0.0,0.0,0.0,0.0,166.0,173.0,500.0,1.0,17,2
2026-01-14 18:00:00,10,10,1,1.0,1.0,0,0,0,0,0,10,10,20,0.0,0.0,0.0,0.0,0.0,156.0,163.0,480.0,0.0,18,2
2026-01-14 19:00:00,12,10,2,1.0,1.0,0,0,0,0,0,12,12,24,0.0,0.0,0.0,0.0,0.0,144.0,151.0,456.0,1.0,19,2
2026-01-14 20:00:00,10,10,1,1.0,1.0,0,0,0,0,0,10,10,20,0.0,0.0,0.0,0.0,0.0,134.0,141.0,436.0,0.0,20,2
2026-01-14 21:00:00,9,10,1,1.0,1.0,0,0,0,0,0,10,9,18,0.0,0.0,0.0,0.0,0.0,124.0,132.0,418.0,0.0,21,2
2026-01-14 22:00:00,10,10,3,1.0,1.0,0,0,0,0,0,11,10,20,0.0,0.0,0.0,0.0,0.0,113.0,122.0,398.0,0.0,22,2
2026-01-14 23:00:00,11,10,1,1.0,1.0,0,0,0,0,0,12,11,22,0.0,0.0,0.0,0.0,0.0,101.0,111.0,376.0,1.0,23,2
2026-01-15 00:00:00,16,15,1,0.97,1.0,16,0,0,32,16,0,0,0,307.0,0.0,0.0,500.0,366.0,0.0,0.0,0.0,1.0,0,3
2026-01-15 01:00:00,20,20,3,0.97,0.98,20,20,39,0,0,0,0,0,287.0,208.0,263.0,0.0,0.0,0.0,0.0,0.0,1.0,1,3
2026-01-15 02:00:00,15,15,3,0.97,0.98,16,0,0,30,14,0,0,0,271.0,0.0,0.0,470.0,352.0,0.0,0.0,0.0,1.0,2,3
2026-01-15 03:00:00,14,15,2,0.97,0.98,15,0,0,28,13,0,0,0,256.0,0.0,0.0,442.0,339.0,0.0,0.0,0.0,1.0,3,3
2026-01-15 04:00:00,14,15,3,0.97,0.98,14,0,0,28,14,0,0,0,242.0,0.0,0.0,414.0,325.0,0.0,0.0,0.0,1.0,4,3
2026-01-15 05:00:00,9,10,3,0.97,0.98,0,0,0,0,0,9,9,18,0.0,0.0,0.0,0.0,0.0,500.0,102.0,358.0,0.0,5,3
2026-01-15 06:00:00,10,10,3,0.97,1.0,0,0,0,0,0,10,10,20,0.0,0.0,0.0,0.0,0.0,490.0,500.0,338.0,0.0,6,3
2026-01-15 07:00:00,20,20,1,0.97,1.0,21,20,40,0,0,0,0,0,221.0,188.0,223.0,0.0,0.0,0.0,0.0,0.0,2.0,7,3
2026-01-15 08:00:00,20,20,2,1.02,1.0,21,21,40,0,0,0,0,0,200.0,167.0,183.0,0.0,0.0,0.0,0.0,0.0,3.0,8,3
2026-01-15 09:00:00,20,20,1,1.02,1.015,20,20,40,0,0,0,0,0,180.0,147.0,143.0,0.0,0.0,0.0,0.0,0.0,1.0,9,3
2026-01-15 10:00:00,21,20,3,1.02,1.015,22,21,42,0,0,0,0,0,158.0,126.0,101.0,0.0,0.0,0.0,0.0,0.0,3.0,10,3
2026-01-15 11:00:00,20,20,1,1.02,1.015,20,20,40,0,0,0,0,0,138.0,106.0,500.0,0.0,0.0,0.0,0.0,0.0,1.0,11,3
2026-01-15 12:00:00,19,20,3,1.02,1.0,19,19,38,0,0,0,0,0,119.0,500.0,462.0,0.0,0.0,0.0,0.0,0.0,1.0,12,3
2026-01-15 13:00:00,20,20,2,1.02,1.0,20,20,40,0,0,0,0,0,500.0,480.0,422.0,0.0,0.0,0.0,0.0,0.0,1.0,13,3
2026-01-15 14:00:00,21,20,2,1.02,1.02,22,21,43,0,0,0,0,0,478.0,459.0,379.0,0.0,0.0,0.0,0.0,0.0,3.0,14,3
2026-01-15 15:00:00,10,10,1,1.02,1.02,0,0,0,0,0,11,10,20,0.0,0.0,0.0,0.0,0.0,479.0,490.0,318.0,0.0,15,3
2026-01-15 16:00:00,9,10,2,1.0,1.02,0,0,0,0,0,9,8,18,0.0,0.0,0.0,0.0,0.0,470.0,482.0,300.0,0.0,16,3
2026-01-15 17:00:00,20,20,2,1.0,1.0,21,20,40,0,0,0,0,0,457.0,439.0,339.0,0.0,0.0,0.0,0.0,0.0,2.0,17,3
2026-01-15 18:00:00,19,20,1,1.0,1.0,20,19,39,0,0,0,0,0,437.0,420.0,300.0,0.0,0.0,0.0,0.0,0.0,1.0,18,3
2026-01-15 19:00:00,18,20,2,1.0,1.0,19,18,36,0,0,0,0,0,418.0,402.0,264.0,0.0,0.0,0.0,0.0,0.0,1.0,19,3
2026-01-15 20:00:00,13,15,1,1.0,1.0,13,0,0,26,13,0,0,0,405.0,0.0,0.0,388.0,312.0,0.0,0.0,0.0,1.0,20,3
2026-01-15 21:00:00,13,15,2,1.0,1.0,13,0,0,26,13,0,0,0,392.0,0.0,0.0,362.0,299.0,0.0,0.0,0.0,1.0,21,3
2026-01-15 22:00:00,14,15,3,1.0,1.0,14,0,0,28,14,0,0,0,378.0,0.0,0.0,334.0,285.0,0.0,0.0,0.0,1.0,22,3
2026-01-15 23:00:00,10,10,1,1.0,1.0,0,0,0,0,0,10,9,20,0.0,0.0,0.0,0.0,0.0,460.0,473.0,280.0,0.0,23,3
2026-01-16 00:00:00,11,10,2,0.97,1.0,0,0,0,0,0,11,10,22,0.0,0.0,0.0,0.0,0.0,449.0,463.0,258.0,1.0,0,4
2026-01-16 01:00:00,10,10,2,0.97,0.98,0,0,0,0,0,10,9,20,0.0,0.0,0.0,0.0,0.0,439.0,454.0,238.0,0.0,1,4
2026-01-16 02:00:00,10,10,2,0.97,0.98,0,0,0,0,0,9,10,20,0.0,0.0,0.0,0.0,0.0,430.0,444.0,218.0,0.0,2,4
2026-01-16 03:00:00,9,10,3,0.97,0.98,0,0,0,0,0,8,9,18,0.0,0.0,0.0,0.0,0.0,422.0,435.0,200.0,0.0,3,4
2026-01-16 04:00:00,9,10,2,0.97,0.98,0,0,0,0,0,8,9,17,0.0,0.0,0.0,0.0,0.0,414.0,426.0,183.0,0.0,4,4
2026-01-16 05:00:00,14,15,1,0.97,0.98,14,0,0,28,14,0,0,0,364.0,0.0,0.0,306.0,271.0,0.0,0.0,0.0,1.0,5,4
2026-01-16 06:00:00,14,15,3,0.97,1.0,14,0,0,28,14,0,0,0,350.0,0.0,0.0,278.0,257.0,0.0,0.0,0.0,1.0,6,4
2026-01-16 07:00:00,19,20,3,0.97,1.0,19,19,38,0,0,0,0,0,331.0,383.0,226.0,0.0,0.0,0.0,0.0,0.0,1.0,7,4
2026-01-16 08:00:00,15,15,1,1.02,1.0,15,0,0,30,15,0,0,0,316.0,0.0,0.0,248.0,242.0,0.0,0.0,0.0,1.0,8,4
2026-01-16 09:00:00,17,15,3,1.02,1.015,17,0,0,34,17,0,0,0,299.0,0.0,0.0,214.0,225.0,0.0,0.0,0.0,1.0,9,4
2026-01-16 10:00:00,16,15,2,1.02,1.015,16,0,0,32,15,0,0,0,283.0,0.0,0.0,182.0,210.0,0.0,0.0,0.0,1.0,10,4
2026-01-16 11:00:00,16,15,3,1.02,1.015,16,0,0,32,16,0,0,0,267.0,0.0,0.0,150.0,194.0,0.0,0.0,0.0,1.0,11,4
2026-01-16 12:00:00,17,15,2,1.02,1.0,18,0,0,34,17,0,0,0,249.0,0.0,0.0,116.0,177.0,0.0,0.0,0.0,1.0,12,4
2026-01-16 13:00:00,11,10,2,1.02,1.0,0,0,0,0,0,11,11,21,0.0,0.0,0.0,0.0,0.0,403.0,415.0,162.0,1.0,13,4
2026-01-16 14:00:00,11,10,2,1.02,1.02,0,0,0,0,0,11,11,22,0.0,0.0,0.0,0.0,0.0,392.0,404.0,140.0,1.0,14,4
2026-01-16 15:00:00,11,10,1,1.02,1.02,0,0,0,0,0,11,11,22,0.0,0.0,0.0,0.0,0.0,381.0,393.0,118.0,1.0,15,4
2026-01-16 16:00:00,11,10,3,1.0,1.02,0,0,0,0,0,11,11,21,0.0,0.0,0.0,0.0,0.0,370.0,382.0,500.0,1.0,16,4
2026-01-16 17:00:00,10,10,3,1.0,1.0,0,0,0,0,0,10,10,20,0.0,0.0,0.0,0.0,0.0,360.0,372.0,480.0,0.0,17,4
2026-01-16 18:00:00,20,20,2,1.0,1.0,21,20,40,0,0,0,0,0,228.0,363.0,186.0,0.0,0.0,0.0,0.0,0.0,2.0,18,4
2026-01-16 19:00:00,20,20,2,1.0,1.0,20,20,40,0,0,0,0,0,208.0,343.0,146.0,0.0,0.0,0.0,0.0,0.0,1.0,19,4
2026-01-16 20:00:00,21,20,2,1.0,1.0,21,21,42,0,0,0,0,0,187.0,322.0,104.0,0.0,0.0,0.0,0.0,0.0,3.0,20,4
2026-01-16 21:00:00,17,15,3,1.0,1.0,17,0,0,34,16,0,0,0,170.0,0.0,0.0,500.0,161.0,0.0,0.0,0.0,1.0,21,4
2026-01-16 22:00:00,13,10,2,1.0,1.0,0,0,0,0,0,13,13,26,0.0,0.0,0.0,0.0,0.0,347.0,359.0,454.0,1.0,22,4
2026-01-16 23:00:00,12,10,3,1.0,1.0,0,0,0,0,0,12,12,24,0.0,0.0,0.0,0.0,0.0,335.0,347.0,430.0,1.0,23,4
2026-01-17 00:00:00,12,10,2,0.97,1.0,0,0,0,0,0,12,12,23,0.0,0.0,0.0,0.0,0.0,323.0,335.0,407.0,1.0,0,5
2026-01-17 01:00:00,11,10,1,0.97,0.98,0,0,0,0,0,11,11,22,0.0,0.0,0.0,0.0,0.0,312.0,324.0,385.0,1.0,1,5
2026-01-17 02:00:00,12,10,3,0.97,0.98,0,0,0,0,0,12,12,24,0.0,0.0,0.0,0.0,0.0,300.0,312.0,361.0,1.0,2,5
2026-01-17 03:00:00,11,10,2,0.97,0.98,0,0,0,0,0,11,11,22,0.0,0.0,0.0,0.0,0.0,289.0,301.0,339.0,1.0,3,5
2026-01-17 04:00:00,10,10,3,0.97,0.98,0,0,0,0,0,10,10,20,0.0,0.0,0.0,0.0,0.0,279.0,291.0,319.0,0.0,4,5
2026-01-17 05:00:00,9,10,1,0.97,0.98,0,0,0,0,0,9,9,18,0.0,0.0,0.0,0.0,0.0,270.0,282.0,301.0,0.0,5,5
2026-01-17 06:00:00,18,20,3,0.97,1.0,18,18,36,0,0,0,0,0,152.0,304.0,500.0,0.0,0.0,0.0,0.0,0.0,1.0,6,5
2026-01-17 07:00:00,18,20,3,0.97,1.0,18,18,36,0,0,0,0,0,134.0,286.0,464.0,0.0,0.0,0.0,0.0,0.0,1.0,7,5
2026-01-17 08:00:00,18,20,2,1.02,1.0,18,18,36,0,0,0,0,0,116.0,268.0,428.0,0.0,0.0,0.0,0.0,0.0,1.0,8,5
2026-01-17 09:00:00,19,20,1,1.02,1.015,19,19,38,0,0,0,0,0,500.0,249.0,390.0,0.0,0.0,0.0,0.0,0.0,1.0,9,5
2026-01-17 10:00:00,20,20,1,1.02,1.015,20,20,41,0,0,0,0,0,480.0,229.0,349.0,0.0,0.0,0.0,0.0,0.0,1.0,10,5
2026-01-17 11:00:00,22,20,1,1.02,1.015,22,22,44,0,0,0,0,0,458.0,207.0,305.0,0.0,0.0,0.0,0.0,0.0,3.0,11,5
2026-01-17 12:00:00,22,20,3,1.02,1.0,22,22,44,0,0,0,0,0,436.0,185.0,261.0,0.0,0.0,0.0,0.0,0.0,3.0,12,5
2026-01-17 13:00:00,21,20,3,1.02,1.0,21,21,42,0,0,0,0,0,415.0,164.0,219.0,0.0,0.0,0.0,0.0,0.0,3.0,13,5
2026-01-17 14:00:00,21,20,2,1.02,1.02,21,21,42,0,0,0,0,0,394.0,143.0,177.0,0.0,0.0,0.0,0.0,0.0,3.0,14,5
2026-01-17 15:00:00,16,15,2,1.02,1.02,16,0,0,32,16,0,0,0,378.0,0.0,0.0,468.0,145.0,0.0,0.0,0.0,1.0,15,5
2026-01-17 16:00:00,14,15,2,1.0,1.02,14,0,0,28,14,0,0,0,364.0,0.0,0.0,440.0,131.0,0.0,0.0,0.0,1.0,16,5
2026-01-17 17:00:00,16,15,3,1.0,1.0,16,0,0,32,16,0,0,0,348.0,0.0,0.0,408.0,115.0,0.0,0.0,0.0,1.0,17,5
2026-01-17 18:00:00,17,15,1,1.0,1.0,17,0,0,34,17,0,0,0,331.0,0.0,0.0,374.0,500.0,0.0,0.0,0.0,1.0,18,5
2026-01-17 19:00:00,11,10,2,1.0,1.0,0,0,0,0,0,11,11,22,0.0,0.0,0.0,0.0,0.0,259.0,271.0,279.0,1.0,19,5
2026-01-17 20:00:00,9,10,3,1.0,1.0,0,0,0,0,0,9,9,18,0.0,0.0,0.0,0.0,0.0,250.0,262.0,261.0,0.0,20,5
2026-01-17 21:00:00,10,10,1,1.0,1.0,0,0,0,0,0,10,10,20,0.0,0.0,0.0,0.0,0.0,240.0,252.0,241.0,0.0,21,5
2026-01-17 22:00:00,10,10,2,1.0,1.0,0,0,0,0,0,10,10,20,0.0,0.0,0.0,0.0,0.0,230.0,242.0,221.0,0.0,22,5
2026-01-17 23:00:00,16,15,1,1.0,1.0,16,0,0,32,16,0,0,0,315.0,0.0,0.0,342.0,484.0,0.0,0.0,0.0,1.0,23,5
2026-01-18 00:00:00,14,15,2,0.97,1.0,13,0,0,28,13,0,0,0,302.0,0.0,0.0,314.0,471.0,0.0,0.0,0.0,1.0,0,6
2026-01-18 01:00:00,13,15,3,0.97,0.98,13,0,0,26,12,0,0,0,289.0,0.0,0.0,288.0,459.0,0.0,0.0,0.0,1.0,1,6
2026-01-18 02:00:00,9,10,2,0.97,0.98,0,0,0,0,0,8,9,18,0.0,0.0,0.0,0.0,0.0,222.0,233.0,203.0,0.0,2,6
2026-01-18 03:00:00,19,20,3,0.97,0.98,19,18,38,0,0,0,0,0,270.0,125.0,139.0,0.0,0.0,0.0,0.0,0.0,1.0,3,6
2026-01-18 04:00:00,18,20,2,0.97,0.98,18,17,36,0,0,0,0,0,252.0,108.0,103.0,0.0,0.0,0.0,0.0,0.0,1.0,4,6
2026-01-18 05:00:00,19,20,2,0.97,0.98,18,19,38,0,0,0,0,0,234.0,500.0,500.0,0.0,0.0,0.0,0.0,0.0,1.0,5,6
2026-01-18 06:00:00,19,20,3,0.97,1.0,19,19,38,0,0,0,0,0,215.0,481.0,462.0,0.0,0.0,0.0,0.0,0.0,1.0,6,6
2026-01-18 07:00:00,19,20,2,0.97,1.0,19,19,38,0,0,0,0,0,196.0,462.0,424.0,0.0,0.0,0.0,0.0,0.0,1.0,7,6
2026-01-18 08:00:00,20,20,3,1.02,1.0,20,20,40,0,0,0,0,0,176.0,442.0,384.0,0.0,0.0,0.0,0.0,0.0,1.0,8,6
2026-01-18 09:00:00,16,15,2,1.02,1.015,16,0,0,33,16,0,0,0,160.0,0.0,0.0,255.0,443.0,0.0,0.0,0.0,1.0,9,6
2026-01-18 10:00:00,21,20,3,1.02,1.015,21,21,42,0,0,0,0,0,139.0,421.0,342.0,0.0,0.0,0.0,0.0,0.0,3.0,10,6
2026-01-18 11:00:00,10,10,1,1.02,1.015,0,0,0,0,0,9,10,21,0.0,0.0,0.0,0.0,0.0,213.0,223.0,182.0,1.0,11,6
2026-01-18 12:00:00,14,15,1,1.02,1.0,13,0,0,29,14,0,0,0,126.0,0.0,0.0,226.0,429.0,0.0,0.0,0.0,1.0,12,6
2026-01-18 13:00:00,15,15,2,1.02,1.0,15,0,0,31,15,0,0,0,111.0,0.0,0.0,195.0,414.0,0.0,0.0,0.0,1.0,13,6
2026-01-18 14:00:00,16,15,1,1.02,1.02,16,0,0,33,16,0,0,0,500.0,0.0,0.0,162.0,398.0,0.0,0.0,0.0,1.0,14,6
2026-01-18 15:00:00,15,15,3,1.02,1.02,15,0,0,31,15,0,0,0,485.0,0.0,0.0,131.0,383.0,0.0,0.0,0.0,1.0,15,6
2026-01-18 16:00:00,21,20,2,1.0,1.02,21,22,42,0,0,0,0,0,464.0,399.0,300.0,0.0,0.0,0.0,0.0,0.0,3.0,16,6
2026-01-18 17:00:00,11,10,2,1.0,1.0,0,0,0,0,0,10,11,22,0.0,0.0,0.0,0.0,0.0,203.0,212.0,160.0,1.0,17,6
2026-01-18 18:00:00,12,10,2,1.0,1.0,0,0,0,0,0,11,12,25,0.0,0.0,0.0,0.0,0.0,192.0,200.0,135.0,1.0,18,6
2026-01-18 19:00:00,11,10,2,1.0,1.0,0,0,0,0,0,11,11,23,0.0,0.0,0.0,0.0,0.0,181.0,189.0,112.0,1.0,19,6
2026-01-18 20:00:00,18,15,2,1.0,1.0,18,0,0,36,18,0,0,0,446.0,0.0,0.0,500.0,365.0,0.0,0.0,0.0,1.0,20,6
2026-01-18 21:00:00,18,15,2,1.0,1.0,18,0,0,36,18,0,0,0,428.0,0.0,0.0,464.0,347.0,0.0,0.0,0.0,1.0,21,6
2026-01-18 22:00:00,22,20,3,1.0,1.0,22,22,44,0,0,0,0,0,406.0,377.0,256.0,0.0,0.0,0.0,0.0,0.0,3.0,22,6
2026-01-18 23:00:00,22,20,3,1.0,1.0,22,23,44,0,0,0,0,0,384.0,354.0,212.0,0.0,0.0,0.0,0.0,0.0,3.0,23,6
2026-01-19 00:00:00,22,20,2,0.97,1.0,22,22,44,0,0,0,0,0,362.0,332.0,168.0,0.0,0.0,0.0,0.0,0.0,3.0,0,0
2026-01-19 01:00:00,17,15,2,0.97,0.98,17,0,0,34,17,0,0,0,345.0,0.0,0.0,430.0,330.0,0.0,0.0,0.0,1.0,1,0
2026-01-19 02:00:00,20,20,2,0.97,0.98,20,20,39,0,0,0,0,0,325.0,312.0,129.0,0.0,0.0,0.0,0.0,0.0,1.0,2,0
2026-01-19 03:00:00,21,20,2,0.97,0.98,21,21,41,0,0,0,0,0,304.0,291.0,500.0,0.0,0.0,0.0,0.0,0.0,3.0,3,0
2026-01-19 04:00:00,16,15,2,0.97,0.98,15,0,0,32,16,0,0,0,289.0,0.0,0.0,398.0,314.0,0.0,0.0,0.0,1.0,4,0
2026-01-19 05:00:00,10,10,2,0.97,0.98,0,0,0,0,0,9,10,20,0.0,0.0,0.0,0.0,0.0,172.0,179.0,500.0,0.0,5,0
2026-01-19 06:00:00,9,10,1,0.97,1.0,0,0,0,0,0,8,9,18,0.0,0.0,0.0,0.0,0.0,164.0,170.0,482.0,0.0,6,0
2026-01-19 07:00:00,7,10,2,0.97,1.0,0,0,0,0,0,6,7,14,0.0,0.0,0.0,0.0,0.0,158.0,163.0,468.0,0.0,7,0
2026-01-19 08:00:00,8,10,1,1.02,1.0,0,0,0,0,0,7,8,16,0.0,0.0,0.0,0.0,0.0,151.0,155.0,452.0,0.0,8,0
2026-01-19 09:00:00,9,10,1,1.02,1.015,0,0,0,0,0,8,9,18,0.0,0.0,0.0,0.0,0.0,143.0,146.0,434.0,0.0,9,0
2026-01-19 10:00:00,11,10,2,1.02,1.015,0,0,0,0,0,11,11,22,0.0,0.0,0.0,0.0,0.0,132.0,135.0,412.0,1.0,10,0
2026-01-19 11:00:00,11,10,1,1.02,1.015,0,0,0,0,0,11,11,22,0.0,0.0,0.0,0.0,0.0,121.0,124.0,390.0,1.0,11,0
2026-01-19 12:00:00,12,10,3,1.02,1.0,0,0,0,0,0,12,12,24,0.0,0.0,0.0,0.0,0.0,109.0,112.0,366.0,1.0,12,0
2026-01-19 13:00:00,10,10,2,1.02,1.0,0,0,0,0,0,10,10,20,0.0,0.0,0.0,0.0,0.0,500.0,102.0,346.0,0.0,13,0
2026-01-19 14:00:00,9,10,2,1.02,1.02,0,0,0,0,0,9,10,18,0.0,0.0,0.0,0.0,0.0,491.0,500.0,328.0,0.0,14,0
2026-01-19 15:00:00,9,10,1,1.02,1.02,0,0,0,0,0,9,10,18,0.0,0.0,0.0,0.0,0.0,482.0,490.0,310.0,0.0,15,0
2026-01-19 16:00:00,15,15,2,1.0,1.02,15,0,0,30,15,0,0,0,274.0,0.0,0.0,368.0,299.0,0.0,0.0,0.0,1.0,16,0
2026-01-19 17:00:00,15,15,1,1.0,1.0,15,0,0,30,15,0,0,0,259.0,0.0,0.0,338.0,284.0,0.0,0.0,0.0,1.0,17,0
2026-01-19 18:00:00,13,15,2,1.0,1.0,13,0,0,26,13,0,0,0,246.0,0.0,0.0,312.0,271.0,0.0,0.0,0.0,1.0,18,0
2026-01-19 19:00:00,8,10,3,1.0,1.0,0,0,0,0,0,8,9,16,0.0,0.0,0.0,0.0,0.0,474.0,481.0,294.0,0.0,19,0
2026-01-19 20:00:00,13,15,2,1.0,1.0,13,0,0,26,13,0,0,0,233.0,0.0,0.0,286.0,258.0,0.0,0.0,0.0,1.0,20,0
2026-01-19 21:00:00,19,20,2,1.0,1.0,19,19,38,0,0,0,0,0,214.0,272.0,462.0,0.0,0.0,0.0,0.0,0.0,1.0,21,0
2026-01-19 22:00:00,14,15,1,1.0,1.0,14,0,0,28,14,0,0,0,200.0,0.0,0.0,258.0,244.0,0.0,0.0,0.0,1.0,22,0
2026-01-19 23:00:00,14,15,2,1.0,1.0,14,0,0,28,14,0,0,0,186.0,0.0,0.0,230.0,230.0,0.0,0.0,0.0,1.0,23,0
2026-01-20 00:00:00,13,15,3,0.97,1.0,13,0,0,26,12,0,0,0,173.0,0.0,0.0,204.0,218.0,0.0,0.0,0.0,1.0,0,1
2026-01-20 01:00:00,12,15,3,0.97,0.98,12,0,0,24,12,0,0,0,161.0,0.0,0.0,180.0,206.0,0.0,0.0,0.0,1.0,1,1
2026-01-20 02:00:00,13,15,1,0.97,0.98,13,0,0,26,13,0,0,0,148.0,0.0,0.0,154.0,193.0,0.0,0.0,0.0,1.0,2,1
2026-01-20 03:00:00,14,15,3,0.97,0.98,14,0,0,28,14,0,0,0,134.0,0.0,0.0,126.0,179.0,0.0,0.0,0.0,1.0,3,1
2026-01-20 04:00:00,18,20,3,0.97,0.98,18,18,36,0,0,0,0,0,116.0,254.0,426.0,0.0,0.0,0.0,0.0,0.0,1.0,4,1
2026-01-20 05:00:00,9,10,1,0.97,0.98,0,0,0,0,0,9,9,18,0.0,0.0,0.0,0.0,0.0,465.0,472.0,276.0,0.0,5,1
2026-01-20 06:00:00,9,10,2,0.97,1.0,0,0,0,0,0,8,9,18,0.0,0.0,0.0,0.0,0.0,457.0,463.0,258.0,0.0,6,1
2026-01-20 07:00:00,9,10,1,0.97,1.0,0,0,0,0,0,8,9,18,0.0,0.0,0.0,0.0,0.0,449.0,454.0,240.0,0.0,7,1
2026-01-20 08:00:00,9,10,3,1.02,1.0,0,0,0,0,0,9,9,18,0.0,0.0,0.0,0.0,0.0,440.0,445.0,222.0,0.0,8,1
2026-01-20 09:00:00,19,20,3,1.02,1.015,19,19,38,0,0,0,0,0,500.0,235.0,388.0,0.0,0.0,0.0,0.0,0.0,1.0,9,1
2026-01-20 10:00:00,19,20,3,1.02,1.015,20,19,38,0,0,0,0,0,480.0,216.0,350.0,0.0,0.0,0.0,0.0,0.0,1.0,10,1
2026-01-20 11:00:00,19,20,2,1.02,1.015,19,19,39,0,0,0,0,0,461.0,197.0,311.0,0.0,0.0,0.0,0.0,0.0,1.0,11,1
2026-01-20 12:00:00,15,15,3,1.02,1.0,15,0,0,30,15,0,0,0,446.0,0.0,0.0,500.0,164.0,0.0,0.0,0.0,1.0,12,1
2026-01-20 13:00:00,15,15,1,1.02,1.0,15,0,0,30,15,0,0,0,431.0,0.0,0.0,470.0,149.0,0.0,0.0,0.0,1.0,13,1
2026-01-20 14:00:00,15,15,2,1.02,1.02,15,0,0,30,15,0,0,0,416.0,0.0,0.0,440.0,134.0,0.0,0.0,0.0,1.0,14,1
2026-01-20 15:00:00,15,15,2,1.02,1.02,15,0,0,30,15,0,0,0,401.0,0.0,0.0,410.0,119.0,0.0,0.0,0.0,1.0,15,1
2026-01-20 16:00:00,15,15,1,1.0,1.02,15,0,0,30,15,0,0,0,386.0,0.0,0.0,380.0,104.0,0.0,0.0,0.0,1.0,16,1
2026-01-20 17:00:00,10,10,3,1.0,1.0,0,0,0,0,0,9,10,20,0.0,0.0,0.0,0.0,0.0,431.0,435.0,202.0,0.0,17,1
2026-01-20 18:00:00,10,10,2,1.0,1.0,0,0,0,0,0,9,10,20,0.0,0.0,0.0,0.0,0.0,422.0,425.0,182.0,0.0,18,1
2026-01-20 19:00:00,16,15,2,1.0,1.0,16,0,0,32,16,0,0,0,370.0,0.0,0.0,348.0,500.0,0.0,0.0,0.0,1.0,19,1
2026-01-20 20:00:00,10,10,3,1.0,1.0,0,0,0,0,0,9,10,20,0.0,0.0,0.0,0.0,0.0,413.0,415.0,162.0,0.0,20,1
2026-01-20 21:00:00,20,20,2,1.0,1.0,20,20,40,0,0,0,0,0,350.0,177.0,271.0,0.0,0.0,0.0,0.0,0.0,1.0,21,1
2026-01-20 22:00:00,15,15,1,1.0,1.0,15,0,0,30,15,0,0,0,335.0,0.0,0.0,318.0,485.0,0.0,0.0,0.0,1.0,22,1
2026-01-20 23:00:00,8,10,3,1.0,1.0,0,0,0,0,0,8,8,16,0.0,0.0,0.0,0.0,0.0,405.0,407.0,146.0,0.0,23,1
2026-01-21 00:00:00,7,10,2,0.97,1.0,0,0,0,0,0,7,7,13,0.0,0.0,0.0,0.0,0.0,398.0,400.0,133.0,0.0,0,2
2026-01-21 01:00:00,8,10,3,0.97,0.98,0,0,0,0,0,7,8,16,0.0,0.0,0.0,0.0,0.0,391.0,392.0,117.0,0.0,1,2
2026-01-21 02:00:00,10,10,2,0.97,0.98,0,0,0,0,0,10,10,20,0.0,0.0,0.0,0.0,0.0,381.0,382.0,500.0,0.0,2,2
2026-01-21 03:00:00,10,10,3,0.97,0.98,0,0,0,0,0,10,10,19,0.0,0.0,0.0,0.0,0.0,371.0,372.0,481.0,0.0,3,2
2026-01-21 04:00:00,10,10,2,0.97,0.98,0,0,0,0,0,10,9,19,0.0,0.0,0.0,0.0,0.0,361.0,363.0,462.0,0.0,4,2
2026-01-21 05:00:00,15,15,1,0.97,0.98,16,0,0,30,15,0,0,0,319.0,0.0,0.0,288.0,470.0,0.0,0.0,0.0,1.0,5,2
2026-01-21 06:00:00,18,15,2,0.97,1.0,18,0,0,35,18,0,0,0,301.0,0.0,0.0,253.0,452.0,0.0,0.0,0.0,1.0,6,2
2026-01-21 07:00:00,18,15,3,0.97,1.0,18,0,0,36,18,0,0,0,283.0,0.0,0.0,217.0,434.0,0.0,0.0,0.0,1.0,7,2
2026-01-21 08:00:00,18,15,3,1.02,1.0,18,0,0,36,18,0,0,0,265.0,0.0,0.0,181.0,416.0,0.0,0.0,0.0,1.0,8,2
2026-01-21 09:00:00,16,15,1,1.02,1.015,16,0,0,33,16,0,0,0,249.0,0.0,0.0,148.0,400.0,0.0,0.0,0.0,1.0,9,2
2026-01-21 10:00:00,15,15,2,1.02,1.015,15,0,0,30,15,0,0,0,234.0,0.0,0.0,118.0,385.0,0.0,0.0,0.0,1.0,10,2
2026-01-21 11:00:00,10,10,3,1.02,1.015,0,0,0,0,0,10,10,20,0.0,0.0,0.0,0.0,0.0,351.0,353.0,442.0,0.0,11,2
2026-01-21 12:00:00,9,10,1,1.02,1.0,0,0,0,0,0,9,9,18,0.0,0.0,0.0,0.0,0.0,342.0,344.0,424.0,0.0,12,2
2026-01-21 13:00:00,8,10,1,1.02,1.0,0,0,0,0,0,9,8,16,0.0,0.0,0.0,0.0,0.0,333.0,336.0,408.0,0.0,13,2
2026-01-21 14:00:00,9,10,2,1.02,1.02,0,0,0,0,0,10,9,18,0.0,0.0,0.0,0.0,0.0,323.0,327.0,390.0,0.0,14,2
2026-01-21 15:00:00,8,10,1,1.02,1.02,0,0,0,0,0,9,8,16,0.0,0.0,0.0,0.0,0.0,314.0,319.0,374.0,0.0,15,2
2026-01-21 16:00:00,20,20,2,1.0,1.02,19,20,40,0,0,0,0,0,215.0,157.0,231.0,0.0,0.0,0.0,0.0,0.0,1.0,16,2
2026-01-21 17:00:00,20,20,3,1.0,1.0,19,20,40,0,0,0,0,0,196.0,137.0,191.0,0.0,0.0,0.0,0.0,0.0,1.0,17,2
2026-01-21 18:00:00,10,10,3,1.0,1.0,0,0,0,0,0,10,10,21,0.0,0.0,0.0,0.0,0.0,304.0,309.0,353.0,1.0,18,2
2026-01-21 19:00:00,21,20,2,1.0,1.0,20,21,42,0,0,0,0,0,176.0,116.0,149.0,0.0,0.0,0.0,0.0,0.0,2.0,19,2
2026-01-21 20:00:00,21,20,2,1.0,1.0,21,21,42,0,0,0,0,0,155.0,500.0,107.0,0.0,0.0,0.0,0.0,0.0,3.0,20,2
2026-01-21 21:00:00,20,20,2,1.0,1.0,20,21,40,0,0,0,0,0,135.0,479.0,500.0,0.0,0.0,0.0,0.0,0.0,2.0,21,2
2026-01-21 22:00:00,21,20,2,1.0,1.0,21,21,42,0,0,0,0,0,114.0,458.0,458.0,0.0,0.0,0.0,0.0,0.0,3.0,22,2
2026-01-21 23:00:00,21,20,2,1.0,1.0,21,21,42,0,0,0,0,0,500.0,437.0,416.0,0.0,0.0,0.0,0.0,0.0,3.0,23,2
2026-01-22 00:00:00,10,10,1,0.97,1.0,0,0,0,0,0,10,10,20,0.0,0.0,0.0,0.0,0.0,294.0,299.0,333.0,0.0,0,3
2026-01-22 01:00:00,14,15,3,0.97,0.98,14,0,0,28,14,0,0,0,486.0,0.0,0.0,500.0,371.0,0.0,0.0,0.0,1.0,1,3
2026-01-22 02:00:00,9,10,1,0.97,0.98,0,0,0,0,0,9,9,18,0.0,0.0,0.0,0.0,0.0,285.0,290.0,315.0,0.0,2,3
2026-01-22 03:00:00,8,10,1,0.97,0.98,0,0,0,0,0,8,8,16,0.0,0.0,0.0,0.0,0.0,277.0,282.0,299.0,0.0,3,3
2026-01-22 04:00:00,14,15,1,0.97,0.98,14,0,0,28,14,0,0,0,472.0,0.0,0.0,472.0,357.0,0.0,0.0,0.0,1.0,4,3
2026-01-22 05:00:00,15,15,3,0.97,0.98,15,0,0,30,15,0,0,0,457.0,0.0,0.0,442.0,342.0,0.0,0.0,0.0,1.0,5,3
2026-01-22 06:00:00,14,15,1,0.97,1.0,14,0,0,28,14,0,0,0,443.0,0.0,0.0,414.0,328.0,0.0,0.0,0.0,1.0,6,3
2026-01-22 07:00:00,15,15,2,0.97,1.0,15,0,0,29,15,0,0,0,428.0,0.0,0.0,385.0,313.0,0.0,0.0,0.0,1.0,7,3
2026-01-22 08:00:00,15,15,1,1.02,1.0,15,0,0,30,15,0,0,0,413.0,0.0,0.0,355.0,298.0,0.0,0.0,0.0,1.0,8,3
2026-01-22 09:00:00,20,20,1,1.02,1.015,20,20,40,0,0,0,0,0,393.0,417.0,376.0,0.0,0.0,0.0,0.0,0.0,1.0,9,3
2026-01-22 10:00:00,15,15,3,1.02,1.015,15,0,0,30,15,0,0,0,378.0,0.0,0.0,325.0,283.0,0.0,0.0,0.0,1.0,10,3
2026-01-22 11:00:00,14,15,1,1.02,1.015,14,0,0,29,14,0,0,0,364.0,0.0,0.0,296.0,269.0,0.0,0.0,0.0,1.0,11,3
2026-01-22 12:00:00,14,15,1,1.02,1.0,15,0,0,29,13,0,0,0,349.0,0.0,0.0,267.0,256.0,0.0,0.0,0.0,1.0,12,3
2026-01-22 13:00:00,19,20,2,1.02,1.0,19,19,38,0,0,0,0,0,330.0,398.0,338.0,0.0,0.0,0.0,0.0,0.0,1.0,13,3
2026-01-22 14:00:00,15,15,1,1.02,1.02,15,0,0,31,14,0,0,0,315.0,0.0,0.0,236.0,242.0,0.0,0.0,0.0,1.0,14,3
2026-01-22 15:00:00,15,15,1,1.02,1.02,15,0,0,30,15,0,0,0,300.0,0.0,0.0,206.0,227.0,0.0,0.0,0.0,1.0,15,3
2026-01-22 16:00:00,15,15,1,1.0,1.02,15,0,0,30,14,0,0,0,285.0,0.0,0.0,176.0,213.0,0.0,0.0,0.0,1.0,16,3
2026-01-22 17:00:00,14,15,2,1.0,1.0,14,0,0,28,13,0,0,0,271.0,0.0,0.0,148.0,200.0,0.0,0.0,0.0,1.0,17,3
2026-01-22 18:00:00,19,20,3,1.0,1.0,19,19,38,0,0,0,0,0,252.0,379.0,300.0,0.0,0.0,0.0,0.0,0.0,1.0,18,3
2026-01-22 19:00:00,20,20,1,1.0,1.0,21,19,40,0,0,0,0,0,231.0,360.0,260.0,0.0,0.0,0.0,0.0,0.0,2.0,19,3
2026-01-22 20:00:00,20,20,1,1.0,1.0,20,20,40,0,0,0,0,0,211.0,340.0,220.0,0.0,0.0,0.0,0.0,0.0,1.0,20,3
2026-01-22 21:00:00,14,15,3,1.0,1.0,14,0,0,28,14,0,0,0,197.0,0.0,0.0,120.0,186.0,0.0,0.0,0.0,1.0,21,3
2026-01-22 22:00:00,15,15,2,1.0,1.0,15,0,0,30,15,0,0,0,182.0,0.0,0.0,500.0,171.0,0.0,0.0,0.0,1.0,22,3
2026-01-22 23:00:00,20,20,2,1.0,1.0,20,20,40,0,0,0,0,0,162.0,320.0,180.0,0.0,0.0,0.0,0.0,0.0,1.0,23,3
2026-01-23 00:00:00,18,20,3,0.97,1.0,17,18,36,0,0,0,0,0,145.0,302.0,144.0,0.0,0.0,0.0,0.0,0.0,1.0,0,4
2026-01-23 01:00:00,19,20,3,0.97,0.98,18,18,38,0,0,0,0,0,127.0,284.0,106.0,0.0,0.0,0.0,0.0,0.0,1.0,1,4
2026-01-23 02:00:00,18,20,2,0.97,0.98,17,18,36,0,0,0,0,0,110.0,266.0,500.0,0.0,0.0,0.0,0.0,0.0,1.0,2,4
2026-01-23 03:00:00,19,20,1,0.97,0.98,19,19,38,0,0,0,0,0,500.0,247.0,462.0,0.0,0.0,0.0,0.0,0.0,1.0,3,4
2026-01-23 04:00:00,18,20,2,0.97,0.98,18,18,36,0,0,0,0,0,482.0,229.0,426.0,0.0,0.0,0.0,0.0,0.0,1.0,4,4
2026-01-23 05:00:00,8,10,3,0.97,0.98,0,0,0,0,0,8,8,16,0.0,0.0,0.0,0.0,0.0,269.0,274.0,283.0,0.0,5,4
2026-01-23 06:00:00,7,10,3,0.97,1.0,0,0,0,0,0,7,7,14,0.0,0.0,0.0,0.0,0.0,262.0,267.0,269.0,0.0,6,4
2026-01-23 07:00:00,17,20,1,0.97,1.0,17,17,34,0,0,0,0,0,465.0,212.0,392.0,0.0,0.0,0.0,0.0,0.0,1.0,7,4
2026-01-23 08:00:00,19,20,1,1.02,1.0,19,20,38,0,0,0,0,0,446.0,192.0,354.0,0.0,0.0,0.0,0.0,0.0,1.0,8,4
2026-01-23 09:00:00,19,20,2,1.02,1.015,19,20,39,0,0,0,0,0,427.0,172.0,315.0,0.0,0.0,0.0,0.0,0.0,1.0,9,4
2026-01-23 10:00:00,20,20,3,1.02,1.015,20,21,41,0,0,0,0,0,407.0,151.0,274.0,0.0,0.0,0.0,0.0,0.0,2.0,10,4
2026-01-23 11:00:00,19,20,2,1.02,1.015,19,20,39,0,0,0,0,0,388.0,131.0,235.0,0.0,0.0,0.0,0.0,0.0,1.0,11,4
2026-01-23 12:00:00,19,20,3,1.02,1.0,19,19,38,0,0,0,0,0,369.0,112.0,197.0,0.0,0.0,0.0,0.0,0.0,1.0,12,4
2026-01-23 13:00:00,18,20,2,1.02,1.0,18,18,36,0,0,0,0,0,351.0,500.0,161.0,0.0,0.0,0.0,0.0,0.0,1.0,13,4
2026-01-23 14:00:00,19,20,2,1.02,1.02,19,20,39,0,0,0,0,0,332.0,480.0,122.0,0.0,0.0,0.0,0.0,0.0,1.0,14,4
2026-01-23 15:00:00,19,20,3,1.02,1.02,19,19,38,0,0,0,0,0,313.0,461.0,500.0,0.0,0.0,0.0,0.0,0.0,1.0,15,4
2026-01-23 16:00:00,19,20,3,1.0,1.02,19,19,38,0,0,0,0,0,294.0,442.0,462.0,0.0,0.0,0.0,0.0,0.0,1.0,16,4
2026-01-23 17:00:00,18,20,3,1.0,1.0,18,18,36,0,0,0,0,0,276.0,424.0,426.0,0.0,0.0,0.0,0.0,0.0,1.0,17,4
2026-01-23 18:00:00,15,15,2,1.0,1.0,15,0,0,30,15,0,0,0,261.0,0.0,0.0,470.0,156.0,0.0,0.0,0.0,1.0,18,4
2026-01-23 19:00:00,14,15,1,1.0,1.0,14,0,0,28,14,0,0,0,247.0,0.0,0.0,442.0,142.0,0.0,0.0,0.0,1.0,19,4
2026-01-23 20:00:00,15,15,2,1.0,1.0,15,0,0,30,15,0,0,0,232.0,0.0,0.0,412.0,127.0,0.0,0.0,0.0,1.0,20,4
2026-01-23 21:00:00,14,15,3,1.0,1.0,14,0,0,28,14,0,0,0,218.0,0.0,0.0,384.0,113.0,0.0,0.0,0.0,1.0,21,4
2026-01-23 22:00:00,15,15,2,1.0,1.0,15,0,0,29,15,0,0,0,203.0,0.0,0.0,355.0,500.0,0.0,0.0,0.0,1.0,22,4
2026-01-23 23:00:00,16,15,2,1.0,1.0,16,0,0,32,16,0,0,0,187.0,0.0,0.0,323.0,484.0,0.0,0.0,0.0,1.0,23,4
2026-01-24 00:00:00,13,15,1,0.97,1.0,13,0,0,25,14,0,0,0,174.0,0.0,0.0,298.0,470.0,0.0,0.0,0.0,1.0,0,5
2026-01-24 01:00:00,13,15,2,0.97,0.98,13,0,0,25,13,0,0,0,161.0,0.0,0.0,273.0,457.0,0.0,0.0,0.0,1.0,1,5
2026-01-24 02:00:00,14,15,1,0.97,0.98,13,0,0,28,14,0,0,0,148.0,0.0,0.0,245.0,443.0,0.0,0.0,0.0,1.0,2,5
2026-01-24 03:00:00,14,15,1,0.97,0.98,13,0,0,27,14,0,0,0,135.0,0.0,0.0,218.0,429.0,0.0,0.0,0.0,1.0,3,5
2026-01-24 04:00:00,9,10,1,0.97,0.98,0,0,0,0,0,9,9,18,0.0,0.0,0.0,0.0,0.0,253.0,258.0,251.0,0.0,4,5
2026-01-24 05:00:00,9,10,3,0.97,0.98,0,0,0,0,0,8,9,18,0.0,0.0,0.0,0.0,0.0,245.0,249.0,233.0,0.0,5,5
2026-01-24 06:00:00,14,15,3,0.97,1.0,13,0,0,27,14,0,0,0,122.0,0.0,0.0,191.0,415.0,0.0,0.0,0.0,1.0,6,5
2026-01-24 07:00:00,14,15,2,0.97,1.0,14,0,0,28,14,0,0,0,108.0,0.0,0.0,163.0,401.0,0.0,0.0,0.0,1.0,7,5
2026-01-24 08:00:00,11,10,3,1.02,1.0,0,0,0,0,0,11,11,22,0.0,0.0,0.0,0.0,0.0,234.0,238.0,211.0,1.0,8,5
2026-01-24 09:00:00,11,10,2,1.02,1.015,0,0,0,0,0,11,11,22,0.0,0.0,0.0,0.0,0.0,223.0,227.0,189.0,1.0,9,5
2026-01-24 10:00:00,11,10,2,1.02,1.015,0,0,0,0,0,11,11,22,0.0,0.0,0.0,0.0,0.0,212.0,216.0,167.0,1.0,10,5
2026-01-24 11:00:00,11,10,3,1.02,1.015,0,0,0,0,0,11,11,22,0.0,0.0,0.0,0.0,0.0,201.0,205.0,145.0,1.0,11,5
2026-01-24 12:00:00,10,10,3,1.02,1.0,0,0,0,0,0,10,10,19,0.0,0.0,0.0,0.0,0.0,191.0,195.0,126.0,0.0,12,5
2026-01-24 13:00:00,10,10,1,1.02,1.0,0,0,0,0,0,10,10,19,0.0,0.0,0.0,0.0,0.0,181.0,185.0,107.0,0.0,13,5
2026-01-24 14:00:00,10,10,3,1.02,1.02,0,0,0,0,0,10,9,20,0.0,0.0,0.0,0.0,0.0,171.0,176.0,500.0,0.0,14,5
2026-01-24 15:00:00,10,10,2,1.02,1.02,0,0,0,0,0,10,10,20,0.0,0.0,0.0,0.0,0.0,161.0,166.0,480.0,0.0,15,5
2026-01-24 16:00:00,10,10,2,1.0,1.02,0,0,0,0,0,10,10,20,0.0,0.0,0.0,0.0,0.0,151.0,156.0,460.0,0.0,16,5
2026-01-24 17:00:00,22,20,3,1.0,1.0,22,22,44,0,0,0,0,0,500.0,402.0,382.0,0.0,0.0,0.0,0.0,0.0,3.0,17,5
2026-01-24 18:00:00,12,10,1,1.0,1.0,0,0,0,0,0,11,12,24,0.0,0.0,0.0,0.0,0.0,140.0,144.0,436.0,1.0,18,5
2026-01-24 19:00:00,11,10,3,1.0,1.0,0,0,0,0,0,10,11,22,0.0,0.0,0.0,0.0,0.0,130.0,133.0,414.0,1.0,19,5
2026-01-24 20:00:00,17,15,2,1.0,1.0,17,0,0,34,18,0,0,0,483.0,0.0,0.0,129.0,383.0,0.0,0.0,0.0,1.0,20,5
2026-01-24 21:00:00,16,15,1,1.0,1.0,16,0,0,32,17,0,0,0,467.0,0.0,0.0,500.0,366.0,0.0,0.0,0.0,1.0,21,5
2026-01-24 22:00:00,14,15,2,1.0,1.0,14,0,0,28,15,0,0,0,453.0,0.0,0.0,472.0,351.0,0.0,0.0,0.0,1.0,22,5
2026-01-24 23:00:00,14,15,3,1.0,1.0,14,0,0,28,14,0,0,0,439.0,0.0,0.0,444.0,337.0,0.0,0.0,0.0,1.0,23,5
2026-01-25 00:00:00,12,15,1,0.97,1.0,12,0,0,24,12,0,0,0,427.0,0.0,0.0,420.0,325.0,0.0,0.0,0.0,1.0,0,6
2026-01-25 01:00:00,12,15,3,0.97,0.98,12,0,0,24,12,0,0,0,415.0,0.0,0.0,396.0,313.0,0.0,0.0,0.0,1.0,1,6
2026-01-25 02:00:00,13,15,2,0.97,0.98,13,0,0,26,13,0,0,0,402.0,0.0,0.0,370.0,300.0,0.0,0.0,0.0,1.0,2,6
2026-01-25 03:00:00,14,15,1,0.97,0.98,14,0,0,28,14,0,0,0,388.0,0.0,0.0,342.0,286.0,0.0,0.0,0.0,1.0,3,6
2026-01-25 04:00:00,15,15,3,0.97,0.98,15,0,0,30,15,0,0,0,373.0,0.0,0.0,312.0,271.0,0.0,0.0,0.0,1.0,4,6
2026-01-25 05:00:00,14,15,3,0.97,0.98,13,0,0,28,14,0,0,0,360.0,0.0,0.0,284.0,257.0,0.0,0.0,0.0,1.0,5,6
2026-01-25 06:00:00,15,15,1,0.97,1.0,14,0,0,30,15,0,0,0,346.0,0.0,0.0,254.0,242.0,0.0,0.0,0.0,1.0,6,6
2026-01-25 07:00:00,13,15,3,0.97,1.0,13,0,0,26,13,0,0,0,333.0,0.0,0.0,228.0,229.0,0.0,0.0,0.0,1.0,7,6
2026-01-25 08:00:00,15,15,1,1.02,1.0,15,0,0,30,15,0,0,0,318.0,0.0,0.0,198.0,214.0,0.0,0.0,0.0,1.0,8,6
2026-01-25 09:00:00,16,15,3,1.02,1.015,16,0,0,32,16,0,0,0,302.0,0.0,0.0,166.0,198.0,0.0,0.0,0.0,1.0,9,6
2026-01-25 10:00:00,14,15,3,1.02,1.015,14,0,0,29,14,0,0,0,288.0,0.0,0.0,137.0,184.0,0.0,0.0,0.0,1.0,10,6
2026-01-25 11:00:00,16,15,2,1.02,1.015,16,0,0,33,16,0,0,0,272.0,0.0,0.0,104.0,168.0,0.0,0.0,0.0,1.0,11,6
2026-01-25 12:00:00,16,15,3,1.02,1.0,16,0,0,33,16,0,0,0,256.0,0.0,0.0,500.0,152.0,0.0,0.0,0.0,1.0,12,6
2026-01-25 13:00:00,15,15,2,1.02,1.0,15,0,0,31,15,0,0,0,241.0,0.0,0.0,469.0,137.0,0.0,0.0,0.0,1.0,13,6
2026-01-25 14:00:00,16,15,3,1.02,1.02,16,0,0,33,16,0,0,0,225.0,0.0,0.0,436.0,121.0,0.0,0.0,0.0,1.0,14,6
2026-01-25 15:00:00,18,15,2,1.02,1.02,18,0,0,37,19,0,0,0,207.0,0.0,0.0,399.0,102.0,0.0,0.0,0.0,1.0,15,6
2026-01-25 16:00:00,17,15,2,1.0,1.02,17,0,0,34,18,0,0,0,190.0,0.0,0.0,365.0,500.0,0.0,0.0,0.0,1.0,16,6
2026-01-25 17:00:00,17,15,2,1.0,1.0,17,0,0,34,18,0,0,0,173.0,0.0,0.0,331.0,482.0,0.0,0.0,0.0,1.0,17,6
2026-01-25 18:00:00,21,20,1,1.0,1.0,21,21,42,0,0,0,0,0,152.0,381.0,340.0,0.0,0.0,0.0,0.0,0.0,3.0,18,6
2026-01-25 19:00:00,20,20,1,1.0,1.0,20,21,40,0,0,0,0,0,132.0,360.0,300.0,0.0,0.0,0.0,0.0,0.0,2.0,19,6
2026-01-25 20:00:00,11,10,2,1.0,1.0,0,0,0,0,0,10,11,22,0.0,0.0,0.0,0.0,0.0,120.0,122.0,392.0,1.0,20,6
2026-01-25 21:00:00,10,10,1,1.0,1.0,0,0,0,0,0,10,10,20,0.0,0.0,0.0,0.0,0.0,110.0,112.0,372.0,0.0,21,6
2026-01-25 22:00:00,10,10,2,1.0,1.0,0,0,0,0,0,10,10,20,0.0,0.0,0.0,0.0,0.0,100.0,102.0,352.0,0.0,22,6
2026-01-25 23:00:00,10,10,2,1.0,1.0,0,0,0,0,0,10,10,20,0.0,0.0,0.0,0.0,0.0,500.0,500.0,332.0,0.0,23,6
2026-01-26 00:00:00,10,10,1,0.97,1.0,0,0,0,0,0,10,10,20,0.0,0.0,0.0,0.0,0.0,490.0,490.0,312.0,0.0,0,0
2026-01-26 01:00:00,10,10,3,0.97,0.98,0,0,0,0,0,10,10,20,0.0,0.0,0.0,0.0,0.0,480.0,480.0,292.0,0.0,1,0
2026-01-26 02:00:00,20,20,2,0.97,0.98,20,20,39,0,0,0,0,0,112.0,340.0,261.0,0.0,0.0,0.0,0.0,0.0,1.0,2,0
2026-01-26 03:00:00,15,15,2,0.97,0.98,15,0,0,30,16,0,0,0,500.0,0.0,0.0,301.0,466.0,0.0,0.0,0.0,1.0,3,0
2026-01-26 04:00:00,14,15,1,0.97,0.98,13,0,0,28,15,0,0,0,487.0,0.0,0.0,273.0,451.0,0.0,0.0,0.0,1.0,4,0
2026-01-26 05:00:00,9,10,3,0.97,0.98,0,0,0,0,0,9,9,18,0.0,0.0,0.0,0.0,0.0,471.0,471.0,274.0,0.0,5,0
2026-01-26 06:00:00,9,10,3,0.97,1.0,0,0,0,0,0,9,9,18,0.0,0.0,0.0,0.0,0.0,462.0,462.0,256.0,0.0,6,0
2026-01-26 07:00:00,9,10,1,0.97,1.0,0,0,0,0,0,8,9,18,0.0,0.0,0.0,0.0,0.0,454.0,453.0,238.0,0.0,7,0
2026-01-26 08:00:00,11,10,2,1.02,1.0,0,0,0,0,0,11,12,22,0.0,0.0,0.0,0.0,0.0,443.0,441.0,216.0,1.0,8,0
2026-01-26 09:00:00,10,10,3,1.02,1.015,0,0,0,0,0,10,11,20,0.0,0.0,0.0,0.0,0.0,433.0,430.0,196.0,0.0,9,0
2026-01-26 10:00:00,11,10,3,1.02,1.015,0,0,0,0,0,11,12,23,0.0,0.0,0.0,0.0,0.0,422.0,418.0,173.0,1.0,10,0
2026-01-26 11:00:00,22,20,2,1.02,1.015,22,23,44,0,0,0,0,0,465.0,317.0,217.0,0.0,0.0,0.0,0.0,0.0,3.0,11,0
2026-01-26 12:00:00,17,15,2,1.02,1.0,17,0,0,34,17,0,0,0,448.0,0.0,0.0,239.0,434.0,0.0,0.0,0.0,1.0,12,0
2026-01-26 13:00:00,18,15,3,1.02,1.0,18,0,0,36,19,0,0,0,430.0,0.0,0.0,203.0,415.0,0.0,0.0,0.0,1.0,13,0
2026-01-26 14:00:00,17,15,2,1.02,1.02,17,0,0,34,17,0,0,0,413.0,0.0,0.0,169.0,398.0,0.0,0.0,0.0,1.0,14,0
2026-01-26 15:00:00,21,20,2,1.02,1.02,21,21,42,0,0,0,0,0,392.0,296.0,175.0,0.0,0.0,0.0,0.0,0.0,3.0,15,0
2026-01-26 16:00:00,14,15,3,1.0,1.02,14,0,0,28,14,0,0,0,378.0,0.0,0.0,141.0,384.0,0.0,0.0,0.0,1.0,16,0
2026-01-26 17:00:00,15,15,3,1.0,1.0,15,0,0,30,15,0,0,0,363.0,0.0,0.0,111.0,369.0,0.0,0.0,0.0,1.0,17,0
2026-01-26 18:00:00,16,15,2,1.0,1.0,16,0,0,32,17,0,0,0,347.0,0.0,0.0,500.0,352.0,0.0,0.0,0.0,1.0,18,0
2026-01-26 19:00:00,15,15,3,1.0,1.0,15,0,0,30,16,0,0,0,332.0,0.0,0.0,470.0,336.0,0.0,0.0,0.0,1.0,19,0
2026-01-26 20:00:00,21,20,1,1.0,1.0,20,21,42,0,0,0,0,0,312.0,275.0,133.0,0.0,0.0,0.0,0.0,0.0,2.0,20,0
2026-01-26 21:00:00,19,20,1,1.0,1.0,19,19,38,0,0,0,0,0,293.0,256.0,500.0,0.0,0.0,0.0,0.0,0.0,1.0,21,0
2026-01-26 22:00:00,22,20,1,1.0,1.0,22,22,44,0,0,0,0,0,271.0,234.0,456.0,0.0,0.0,0.0,0.0,0.0,3.0,22,0
2026-01-26 23:00:00,16,15,1,1.0,1.0,16,0,0,32,17,0,0,0,255.0,0.0,0.0,438.0,319.0,0.0,0.0,0.0,1.0,23,0
2026-01-27 00:00:00,11,10,2,0.97,1.0,0,0,0,0,0,11,11,22,0.0,0.0,0.0,0.0,0.0,411.0,407.0,151.0,1.0,0,1
2026-01-27 01:00:00,16,15,3,0.97,0.98,15,0,0,31,16,0,0,0,240.0,0.0,0.0,407.0,303.0,0.0,0.0,0.0,1.0,1,1
2026-01-27 02:00:00,11,10,3,0.97,0.98,0,0,0,0,0,12,11,22,0.0,0.0,0.0,0.0,0.0,399.0,396.0,129.0,1.0,2,1
2026-01-27 03:00:00,11,10,2,0.97,0.98,0,0,0,0,0,12,11,23,0.0,0.0,0.0,0.0,0.0,387.0,385.0,106.0,1.0,3,1
2026-01-27 04:00:00,10,10,2,0.97,0.98,0,0,0,0,0,11,10,20,0.0,0.0,0.0,0.0,0.0,376.0,375.0,500.0,0.0,4,1
2026-01-27 05:00:00,10,10,2,0.97,0.98,0,0,0,0,0,11,10,20,0.0,0.0,0.0,0.0,0.0,365.0,365.0,480.0,0.0,5,1
2026-01-27 06:00:00,12,10,2,0.97,1.0,0,0,0,0,0,12,12,24,0.0,0.0,0.0,0.0,0.0,353.0,353.0,456.0,1.0,6,1
2026-01-27 07:00:00,12,10,2,0.97,1.0,0,0,0,0,0,12,12,24,0.0,0.0,0.0,0.0,0.0,341.0,341.0,432.0,1.0,7,1
2026-01-27 08:00:00,13,10,1,1.02,1.0,0,0,0,0,0,13,13,26,0.0,0.0,0.0,0.0,0.0,328.0,328.0,406.0,1.0,8,1
2026-01-27 09:00:00,12,10,2,1.02,1.015,0,0,0,0,0,12,12,24,0.0,0.0,0.0,0.0,0.0,316.0,316.0,382.0,1.0,9,1
2026-01-27 10:00:00,11,10,1,1.02,1.015,0,0,0,0,0,11,11,22,0.0,0.0,0.0,0.0,0.0,305.0,305.0,360.0,1.0,10,1
2026-01-27 11:00:00,11,10,3,1.02,1.015,0,0,0,0,0,11,11,22,0.0,0.0,0.0,0.0,0.0,294.0,294.0,338.0,1.0,11,1
2026-01-27 12:00:00,11,10,3,1.02,1.0,0,0,0,0,0,11,11,22,0.0,0.0,0.0,0.0,0.0,283.0,283.0,316.0,1.0,12,1
2026-01-27 13:00:00,11,10,3,1.02,1.0,0,0,0,0,0,10,11,22,0.0,0.0,0.0,0.0,0.0,273.0,272.0,294.0,1.0,13,1
2026-01-27 14:00:00,15,15,3,1.02,1.02,15,0,0,30,15,0,0,0,225.0,0.0,0.0,377.0,288.0,0.0,0.0,0.0,1.0,14,1
2026-01-27 15:00:00,16,15,2,1.02,1.02,16,0,0,32,16,0,0,0,209.0,0.0,0.0,345.0,272.0,0.0,0.0,0.0,1.0,15,1
2026-01-27 16:00:00,16,15,3,1.0,1.02,16,0,0,32,16,0,0,0,193.0,0.0,0.0,313.0,256.0,0.0,0.0,0.0,1.0,16,1
2026-01-27 17:00:00,15,15,1,1.0,1.0,15,0,0,30,15,0,0,0,178.0,0.0,0.0,283.0,241.0,0.0,0.0,0.0,1.0,17,1
2026-01-27 18:00:00,14,15,2,1.0,1.0,14,0,0,28,14,0,0,0,164.0,0.0,0.0,255.0,227.0,0.0,0.0,0.0,1.0,18,1
2026-01-27 19:00:00,18,20,3,1.0,1.0,18,18,36,0,0,0,0,0,146.0,216.0,420.0,0.0,0.0,0.0,0.0,0.0,1.0,19,1
2026-01-27 20:00:00,19,20,1,1.0,1.0,19,19,38,0,0,0,0,0,127.0,197.0,382.0,0.0,0.0,0.0,0.0,0.0,1.0,20,1
2026-01-27 21:00:00,19,20,2,1.0,1.0,19,19,38,0,0,0,0,0,108.0,178.0,344.0,0.0,0.0,0.0,0.0,0.0,1.0,21,1
2026-01-27 22:00:00,14,15,2,1.0,1.0,14,0,0,29,14,0,0,0,500.0,0.0,0.0,226.0,213.0,0.0,0.0,0.0,1.0,22,1
2026-01-27 23:00:00,13,15,2,1.0,1.0,14,0,0,26,13,0,0,0,486.0,0.0,0.0,200.0,200.0,0.0,0.0,0.0,1.0,23,1
2026-01-28 00:00:00,13,15,2,0.97,1.0,14,0,0,26,13,0,0,0,472.0,0.0,0.0,174.0,187.0,0.0,0.0,0.0,1.0,0,2
2026-01-28 01:00:00,14,15,1,0.97,0.98,14,0,0,27,14,0,0,0,458.0,0.0,0.0,147.0,173.0,0.0,0.0,0.0,1.0,1,2
2026-01-28 02:00:00,9,10,1,0.97,0.98,0,0,0,0,0,8,9,18,0.0,0.0,0.0,0.0,0.0,265.0,263.0,276.0,0.0,2,2
2026-01-28 03:00:00,8,10,3,0.97,0.98,0,0,0,0,0,8,7,16,0.0,0.0,0.0,0.0,0.0,257.0,256.0,260.0,0.0,3,2
2026-01-28 04:00:00,8,10,2,0.97,0.98,0,0,0,0,0,8,8,16,0.0,0.0,0.0,0.0,0.0,249.0,248.0,244.0,0.0,4,2
2026-01-28 05:00:00,8,10,3,0.97,0.98,0,0,0,0,0,8,8,16,0.0,0.0,0.0,0.0,0.0,241.0,240.0,228.0,0.0,5,2
2026-01-28 06:00:00,16,20,2,0.97,1.0,16,16,32,0,0,0,0,0,442.0,162.0,312.0,0.0,0.0,0.0,0.0,0.0,1.0,6,2
2026-01-28 07:00:00,17,20,3,0.97,1.0,17,17,33,0,0,0,0,0,425.0,145.0,279.0,0.0,0.0,0.0,0.0,0.0,1.0,7,2
2026-01-28 08:00:00,18,20,2,1.02,1.0,18,18,36,0,0,0,0,0,407.0,127.0,243.0,0.0,0.0,0.0,0.0,0.0,1.0,8,2
2026-01-28 09:00:00,20,20,3,1.02,1.015,20,20,40,0,0,0,0,0,387.0,107.0,203.0,0.0,0.0,0.0,0.0,0.0,1.0,9,2
2026-01-28 10:00:00,22,20,2,1.02,1.015,22,22,44,0,0,0,0,0,365.0,500.0,159.0,0.0,0.0,0.0,0.0,0.0,3.0,10,2
2026-01-28 11:00:00,22,20,3,1.02,1.015,22,22,44,0,0,0,0,0,343.0,478.0,115.0,0.0,0.0,0.0,0.0,0.0,3.0,11,2
2026-01-28 12:00:00,11,10,3,1.02,1.0,0,0,0,0,0,11,10,22,0.0,0.0,0.0,0.0,0.0,230.0,230.0,206.0,1.0,12,2
2026-01-28 13:00:00,10,10,2,1.02,1.0,0,0,0,0,0,10,10,20,0.0,0.0,0.0,0.0,0.0,220.0,220.0,186.0,0.0,13,2
2026-01-28 14:00:00,23,20,3,1.02,1.02,23,23,46,0,0,0,0,0,320.0,455.0,500.0,0.0,0.0,0.0,0.0,0.0,3.0,14,2
2026-01-28 15:00:00,22,20,3,1.02,1.02,22,22,44,0,0,0,0,0,298.0,433.0,456.0,0.0,0.0,0.0,0.0,0.0,3.0,15,2
2026-01-28 16:00:00,22,20,2,1.0,1.02,22,22,44,0,0,0,0,0,276.0,411.0,412.0,0.0,0.0,0.0,0.0,0.0,3.0,16,2
2026-01-28 17:00:00,21,20,1,1.0,1.0,21,21,42,0,0,0,0,0,255.0,390.0,370.0,0.0,0.0,0.0,0.0,0.0,3.0,17,2
2026-01-28 18:00:00,21,20,2,1.0,1.0,21,21,42,0,0,0,0,0,234.0,369.0,328.0,0.0,0.0,0.0,0.0,0.0,3.0,18,2
2026-01-28 19:00:00,20,20,1,1.0,1.0,20,20,40,0,0,0,0,0,214.0,349.0,288.0,0.0,0.0,0.0,0.0,0.0,1.0,19,2
2026-01-28 20:00:00,20,20,2,1.0,1.0,20,21,41,0,0,0,0,0,194.0,328.0,247.0,0.0,0.0,0.0,0.0,0.0,2.0,20,2
2026-01-28 21:00:00,14,15,3,1.0,1.0,14,0,0,28,14,0,0,0,180.0,0.0,0.0,119.0,159.0,0.0,0.0,0.0,1.0,21,2
2026-01-28 22:00:00,20,20,3,1.0,1.0,20,20,40,0,0,0,0,0,160.0,308.0,207.0,0.0,0.0,0.0,0.0,0.0,1.0,22,2
2026-01-28 23:00:00,19,20,3,1.0,1.0,20,19,39,0,0,0,0,0,140.0,289.0,168.0,0.0,0.0,0.0,0.0,0.0,1.0,23,2
2026-01-29 00:00:00,18,20,2,0.97,1.0,18,18,36,0,0,0,0,0,122.0,271.0,132.0,0.0,0.0,0.0,0.0,0.0,1.0,0,3
2026-01-29 01:00:00,18,20,1,0.97,0.98,18,18,36,0,0,0,0,0,104.0,253.0,500.0,0.0,0.0,0.0,0.0,0.0,1.0,1,3
2026-01-29 02:00:00,13,15,3,0.97,0.98,13,0,0,26,13,0,0,0,500.0,0.0,0.0,500.0,146.0,0.0,0.0,0.0,1.0,2,3
2026-01-29 03:00:00,15,15,2,0.97,0.98,15,0,0,29,16,0,0,0,485.0,0.0,0.0,471.0,130.0,0.0,0.0,0.0,1.0,3,3
2026-01-29 04:00:00,13,15,3,0.97,0.98,13,0,0,25,14,0,0,0,472.0,0.0,0.0,446.0,116.0,0.0,0.0,0.0,1.0,4,3
2026-01-29 05:00:00,14,15,2,0.97,0.98,14,0,0,27,14,0,0,0,458.0,0.0,0.0,419.0,102.0,0.0,0.0,0.0,1.0,5,3
2026-01-29 06:00:00,15,15,3,0.97,1.0,16,0,0,30,15,0,0,0,442.0,0.0,0.0,389.0,500.0,0.0,0.0,0.0,1.0,6,3
2026-01-29 07:00:00,18,20,3,0.97,1.0,18,18,36,0,0,0,0,0,424.0,235.0,464.0,0.0,0.0,0.0,0.0,0.0,1.0,7,3
2026-01-29 08:00:00,19,20,2,1.02,1.0,19,20,39,0,0,0,0,0,405.0,215.0,425.0,0.0,0.0,0.0,0.0,0.0,1.0,8,3
2026-01-29 09:00:00,14,15,2,1.02,1.015,14,0,0,28,15,0,0,0,391.0,0.0,0.0,361.0,485.0,0.0,0.0,0.0,1.0,9,3
2026-01-29 10:00:00,14,15,3,1.02,1.015,14,0,0,29,14,0,0,0,377.0,0.0,0.0,332.0,471.0,0.0,0.0,0.0,1.0,10,3
2026-01-29 11:00:00,8,10,2,1.02,1.015,0,0,0,0,0,8,8,16,0.0,0.0,0.0,0.0,0.0,212.0,212.0,170.0,0.0,11,3
2026-01-29 12:00:00,13,15,1,1.02,1.0,13,0,0,26,13,0,0,0,364.0,0.0,0.0,306.0,458.0,0.0,0.0,0.0,1.0,12,3
2026-01-29 13:00:00,20,20,2,1.02,1.0,21,20,41,0,0,0,0,0,343.0,195.0,384.0,0.0,0.0,0.0,0.0,0.0,2.0,13,3
2026-01-29 14:00:00,21,20,2,1.02,1.02,22,21,43,0,0,0,0,0,321.0,174.0,341.0,0.0,0.0,0.0,0.0,0.0,3.0,14,3
2026-01-29 15:00:00,17,15,3,1.02,1.02,17,0,0,34,17,0,0,0,304.0,0.0,0.0,272.0,441.0,0.0,0.0,0.0,1.0,15,3
2026-01-29 16:00:00,22,20,2,1.0,1.02,22,22,45,0,0,0,0,0,282.0,152.0,296.0,0.0,0.0,0.0,0.0,0.0,3.0,16,3
2026-01-29 17:00:00,20,20,1,1.0,1.0,20,20,41,0,0,0,0,0,262.0,132.0,255.0,0.0,0.0,0.0,0.0,0.0,1.0,17,3
2026-01-29 18:00:00,20,20,3,1.0,1.0,20,20,40,0,0,0,0,0,242.0,112.0,215.0,0.0,0.0,0.0,0.0,0.0,1.0,18,3
2026-01-29 19:00:00,20,20,2,1.0,1.0,20,20,40,0,0,0,0,0,222.0,500.0,175.0,0.0,0.0,0.0,0.0,0.0,1.0,19,3
2026-01-29 20:00:00,19,20,1,1.0,1.0,19,19,38,0,0,0,0,0,203.0,481.0,137.0,0.0,0.0,0.0,0.0,0.0,1.0,20,3
2026-01-29 21:00:00,10,10,1,1.0,1.0,0,0,0,0,0,10,10,20,0.0,0.0,0.0,0.0,0.0,202.0,202.0,150.0,0.0,21,3
2026-01-29 22:00:00,10,10,2,1.0,1.0,0,0,0,0,0,10,10,20,0.0,0.0,0.0,0.0,0.0,192.0,192.0,130.0,0.0,22,3
2026-01-29 23:00:00,10,10,1,1.0,1.0,0,0,0,0,0,10,10,20,0.0,0.0,0.0,0.0,0.0,182.0,182.0,110.0,0.0,23,3
2026-01-30 00:00:00,10,10,1,0.97,1.0,0,0,0,0,0,10,10,20,0.0,0.0,0.0,0.0,0.0,172.0,172.0,500.0,0.0,0,4
2026-01-30 01:00:00,10,10,1,0.97,0.98,0,0,0,0,0,9,10,20,0.0,0.0,0.0,0.0,0.0,163.0,162.0,480.0,0.0,1,4
2026-01-30 02:00:00,10,10,1,0.97,0.98,0,0,0,0,0,10,10,20,0.0,0.0,0.0,0.0,0.0,153.0,152.0,460.0,0.0,2,4
2026-01-30 03:00:00,15,15,1,0.97,0.98,15,0,0,30,15,0,0,0,188.0,0.0,0.0,242.0,426.0,0.0,0.0,0.0,1.0,3,4
2026-01-30 04:00:00,14,15,2,0.97,0.98,14,0,0,27,14,0,0,0,174.0,0.0,0.0,215.0,412.0,0.0,0.0,0.0,1.0,4,4
2026-01-30 05:00:00,10,10,3,0.97,0.98,0,0,0,0,0,10,10,20,0.0,0.0,0.0,0.0,0.0,143.0,142.0,440.0,0.0,5,4
2026-01-30 06:00:00,15,15,2,0.97,1.0,15,0,0,29,15,0,0,0,159.0,0.0,0.0,186.0,397.0,0.0,0.0,0.0,1.0,6,4
2026-01-30 07:00:00,15,15,1,0.97,1.0,14,0,0,29,15,0,0,0,145.0,0.0,0.0,157.0,382.0,0.0,0.0,0.0,1.0,7,4
2026-01-30 08:00:00,16,15,1,1.02,1.0,16,0,0,32,16,0,0,0,129.0,0.0,0.0,125.0,366.0,0.0,0.0,0.0,1.0,8,4
2026-01-30 09:00:00,10,10,1,1.02,1.015,0,0,0,0,0,10,10,20,0.0,0.0,0.0,0.0,0.0,133.0,132.0,420.0,0.0,9,4
2026-01-30 10:00:00,21,20,2,1.02,1.015,22,21,42,0,0,0,0,0,107.0,460.0,500.0,0.0,0.0,0.0,0.0,0.0,3.0,10,4
2026-01-30 11:00:00,21,20,1,1.02,1.015,22,21,42,0,0,0,0,0,500.0,439.0,458.0,0.0,0.0,0.0,0.0,0.0,3.0,11,4
2026-01-30 12:00:00,20,20,3,1.02,1.0,20,20,40,0,0,0,0,0,480.0,419.0,418.0,0.0,0.0,0.0,0.0,0.0,1.0,12,4
2026-01-30 13:00:00,21,20,1,1.02,1.0,21,21,42,0,0,0,0,0,459.0,398.0,376.0,0.0,0.0,0.0,0.0,0.0,3.0,13,4
2026-01-30 14:00:00,10,10,3,1.02,1.02,0,0,0,0,0,10,10,21,0.0,0.0,0.0,0.0,0.0,123.0,122.0,399.0,1.0,14,4
2026-01-30 15:00:00,9,10,3,1.02,1.02,0,0,0,0,0,9,9,18,0.0,0.0,0.0,0.0,0.0,114.0,113.0,381.0,0.0,15,4
2026-01-30 16:00:00,8,10,1,1.0,1.02,0,0,0,0,0,8,8,16,0.0,0.0,0.0,0.0,0.0,106.0,105.0,365.0,0.0,16,4
2026-01-30 17:00:00,14,15,2,1.0,1.0,14,0,0,28,14,0,0,0,445.0,0.0,0.0,500.0,352.0,0.0,0.0,0.0,1.0,17,4
2026-01-30 18:00:00,13,15,2,1.0,1.0,13,0,0,26,13,0,0,0,432.0,0.0,0.0,474.0,339.0,0.0,0.0,0.0,1.0,18,4
2026-01-30 19:00:00,15,15,2,1.0,1.0,15,0,0,30,15,0,0,0,417.0,0.0,0.0,444.0,324.0,0.0,0.0,0.0,1.0,19,4
2026-01-30 20:00:00,13,15,3,1.0,1.0,13,0,0,26,13,0,0,0,404.0,0.0,0.0,418.0,311.0,0.0,0.0,0.0,1.0,20,4
2026-01-30 21:00:00,15,15,2,1.0,1.0,15,0,0,30,15,0,0,0,389.0,0.0,0.0,388.0,296.0,0.0,0.0,0.0,1.0,21,4
2026-01-30 22:00:00,15,15,3,1.0,1.0,15,0,0,30,15,0,0,0,374.0,0.0,0.0,358.0,281.0,0.0,0.0,0.0,1.0,22,4
2026-01-30 23:00:00,15,15,3,1.0,1.0,15,0,0,30,15,0,0,0,359.0,0.0,0.0,328.0,266.0,0.0,0.0,0.0,1.0,23,4
2026-01-31 00:00:00,14,15,2,0.97,1.0,14,0,0,28,14,0,0,0,345.0,0.0,0.0,300.0,252.0,0.0,0.0,0.0,1.0,0,5
2026-01-31 01:00:00,19,20,3,0.97,0.98,19,19,38,0,0,0,0,0,326.0,379.0,338.0,0.0,0.0,0.0,0.0,0.0,1.0,1,5
2026-01-31 02:00:00,19,20,2,0.97,0.98,18,19,38,0,0,0,0,0,308.0,360.0,300.0,0.0,0.0,0.0,0.0,0.0,1.0,2,5
2026-01-31 03:00:00,20,20,1,0.97,0.98,19,20,40,0,0,0,0,0,289.0,340.0,260.0,0.0,0.0,0.0,0.0,0.0,1.0,3,5
2026-01-31 04:00:00,20,20,1,0.97,0.98,20,20,39,0,0,0,0,0,269.0,320.0,221.0,0.0,0.0,0.0,0.0,0.0,1.0,4,5
2026-01-31 05:00:00,20,20,3,0.97,0.98,20,19,39,0,0,0,0,0,249.0,301.0,182.0,0.0,0.0,0.0,0.0,0.0,1.0,5,5
2026-01-31 06:00:00,20,20,1,0.97,1.0,20,19,39,0,0,0,0,0,229.0,282.0,143.0,0.0,0.0,0.0,0.0,0.0,1.0,6,5
2026-01-31 07:00:00,10,10,1,0.97,1.0,0,0,0,0,0,10,10,20,0.0,0.0,0.0,0.0,0.0,500.0,500.0,345.0,0.0,7,5
