timestamp,M001_demand,M002_demand,M003_demand,M004_demand,M005_demand,M006_demand,M007_demand,M008_demand,M001_stock,M002_stock,M003_stock,M004_stock,M005_stock,M006_stock,M007_stock,M008_stock
2026-01-01 08:00:00,0,0,0,0,0,12,11,22,0.0,0.0,0.0,0.0,0.0,288.0,289.0,278.0
2026-01-01 09:00:00,0,0,0,0,0,12,11,22,0.0,0.0,0.0,0.0,0.0,276.0,278.0,256.0
2026-01-01 10:00:00,0,0,0,0,0,12,11,22,0.0,0.0,0.0,0.0,0.0,264.0,267.0,234.0
2026-01-01 11:00:00,0,0,0,0,0,11,10,20,0.0,0.0,0.0,0.0,0.0,253.0,257.0,214.0
2026-01-01 12:00:00,0,0,0,0,0,10,10,20,0.0,0.0,0.0,0.0,0.0,243.0,247.0,194.0
2026-01-01 13:00:00,20,20,41,0,0,0,0,0,280.0,280.0,259.0,0.0,0.0,0.0,0.0,0.0
2026-01-01 14:00:00,21,21,43,0,0,0,0,0,259.0,259.0,216.0,0.0,0.0,0.0,0.0,0.0
2026-01-01 15:00:00,23,23,46,0,0,0,0,0,236.0,236.0,170.0,0.0,0.0,0.0,0.0,0.0
2026-01-01 16:00:00,0,0,0,0,0,12,12,25,0.0,0.0,0.0,0.0,0.0,231.0,235.0,169.0
2026-01-01 17:00:00,0,0,0,0,0,11,11,22,0.0,0.0,0.0,0.0,0.0,220.0,224.0,147.0
2026-01-01 18:00:00,0,0,0,0,0,11,10,20,0.0,0.0,0.0,0.0,0.0,209.0,214.0,127.0
2026-01-01 19:00:00,0,0,0,0,0,9,9,18,0.0,0.0,0.0,0.0,0.0,200.0,205.0,109.0
2026-01-01 20:00:00,19,19,38,0,0,0,0,0,217.0,217.0,132.0,0.0,0.0,0.0,0.0,0.0
2026-01-01 21:00:00,20,20,40,0,0,0,0,0,197.0,197.0,500.0,0.0,0.0,0.0,0.0,0.0
2026-01-01 22:00:00,19,18,38,0,0,0,0,0,178.0,179.0,462.0,0.0,0.0,0.0,0.0,0.0
2026-01-01 23:00:00,20,19,40,0,0,0,0,0,158.0,160.0,422.0,0.0,0.0,0.0,0.0,0.0
2026-01-02 00:00:00,19,18,38,0,0,0,0,0,139.0,142.0,384.0,0.0,0.0,0.0,0.0,0.0
2026-01-02 01:00:00,19,18,38,0,0,0,0,0,120.0,124.0,346.0,0.0,0.0,0.0,0.0,0.0
2026-01-02 02:00:00,17,17,36,0,0,0,0,0,103.0,107.0,310.0,0.0,0.0,0.0,0.0,0.0
2026-01-02 03:00:00,19,18,38,0,0,0,0,0,500.0,500.0,272.0,0.0,0.0,0.0,0.0,0.0
2026-01-02 04:00:00,21,21,41,0,0,0,0,0,479.0,479.0,231.0,0.0,0.0,0.0,0.0,0.0
2026-01-02 05:00:00,20,20,40,0,0,0,0,0,459.0,459.0,191.0,0.0,0.0,0.0,0.0,0.0
2026-01-02 06:00:00,20,19,40,0,0,0,0,0,439.0,440.0,151.0,0.0,0.0,0.0,0.0,0.0
2026-01-02 07:00:00,20,19,39,0,0,0,0,0,419.0,421.0,112.0,0.0,0.0,0.0,0.0,0.0
2026-01-02 08:00:00,21,21,42,0,0,0,0,0,398.0,400.0,500.0,0.0,0.0,0.0,0.0,0.0
2026-01-02 09:00:00,22,22,44,0,0,0,0,0,376.0,378.0,456.0,0.0,0.0,0.0,0.0,0.0
2026-01-02 10:00:00,23,23,46,0,0,0,0,0,353.0,355.0,410.0,0.0,0.0,0.0,0.0,0.0
2026-01-02 11:00:00,23,23,46,0,0,0,0,0,330.0,332.0,364.0,0.0,0.0,0.0,0.0,0.0
2026-01-02 12:00:00,24,23,46,0,0,0,0,0,306.0,309.0,318.0,0.0,0.0,0.0,0.0,0.0
2026-01-02 13:00:00,24,23,46,0,0,0,0,0,282.0,286.0,272.0,0.0,0.0,0.0,0.0,0.0
2026-01-02 14:00:00,0,0,0,0,0,11,11,23,0.0,0.0,0.0,0.0,0.0,189.0,194.0,500.0
2026-01-02 15:00:00,0,0,0,0,0,11,11,23,0.0,0.0,0.0,0.0,0.0,178.0,183.0,477.0
2026-01-02 16:00:00,0,0,0,0,0,11,10,22,0.0,0.0,0.0,0.0,0.0,167.0,173.0,455.0
2026-01-02 17:00:00,21,20,40,0,0,0,0,0,261.0,266.0,232.0,0.0,0.0,0.0,0.0,0.0
2026-01-02 18:00:00,22,21,42,0,0,0,0,0,239.0,245.0,190.0,0.0,0.0,0.0,0.0,0.0
2026-01-02 19:00:00,0,0,0,0,0,12,11,22,0.0,0.0,0.0,0.0,0.0,155.0,162.0,433.0
2026-01-02 20:00:00,0,0,0,0,0,12,12,24,0.0,0.0,0.0,0.0,0.0,143.0,150.0,409.0
2026-01-02 21:00:00,0,0,0,0,0,12,12,24,0.0,0.0,0.0,0.0,0.0,131.0,138.0,385.0
2026-01-02 22:00:00,0,0,0,0,0,12,12,24,0.0,0.0,0.0,0.0,0.0,119.0,126.0,361.0
2026-01-02 23:00:00,0,0,0,0,0,10,10,20,0.0,0.0,0.0,0.0,0.0,109.0,116.0,341.0
2026-01-03 00:00:00,16,0,0,30,15,0,0,0,223.0,0.0,0.0,270.0,285.0,0.0,0.0,0.0
2026-01-03 01:00:00,15,0,0,28,14,0,0,0,208.0,0.0,0.0,242.0,271.0,0.0,0.0,0.0
2026-01-03 02:00:00,16,0,0,30,14,0,0,0,192.0,0.0,0.0,212.0,257.0,0.0,0.0,0.0
2026-01-03 03:00:00,16,0,0,30,14,0,0,0,176.0,0.0,0.0,182.0,243.0,0.0,0.0,0.0
2026-01-03 04:00:00,16,0,0,30,14,0,0,0,160.0,0.0,0.0,152.0,229.0,0.0,0.0,0.0
2026-01-03 05:00:00,16,0,0,32,15,0,0,0,144.0,0.0,0.0,120.0,214.0,0.0,0.0,0.0
2026-01-03 06:00:00,17,0,0,33,16,0,0,0,127.0,0.0,0.0,500.0,198.0,0.0,0.0,0.0
2026-01-03 07:00:00,15,0,0,30,15,0,0,0,112.0,0.0,0.0,470.0,183.0,0.0,0.0,0.0
2026-01-03 08:00:00,16,0,0,32,16,0,0,0,500.0,0.0,0.0,438.0,167.0,0.0,0.0,0.0
2026-01-03 09:00:00,0,0,0,0,0,10,9,20,0.0,0.0,0.0,0.0,0.0,500.0,107.0,321.0
2026-01-03 10:00:00,0,0,0,0,0,10,10,20,0.0,0.0,0.0,0.0,0.0,490.0,500.0,301.0
2026-01-03 11:00:00,0,0,0,0,0,11,11,22,0.0,0.0,0.0,0.0,0.0,479.0,489.0,279.0
2026-01-03 12:00:00,0,0,0,0,0,11,11,22,0.0,0.0,0.0,0.0,0.0,468.0,478.0,257.0
2026-01-03 13:00:00,16,0,0,32,16,0,0,0,484.0,0.0,0.0,406.0,151.0,0.0,0.0,0.0
2026-01-03 14:00:00,17,0,0,34,17,0,0,0,467.0,0.0,0.0,372.0,134.0,0.0,0.0,0.0
2026-01-03 15:00:00,16,0,0,33,16,0,0,0,451.0,0.0,0.0,339.0,118.0,0.0,0.0,0.0
2026-01-03 16:00:00,16,0,0,32,17,0,0,0,435.0,0.0,0.0,307.0,101.0,0.0,0.0,0.0
2026-01-03 17:00:00,21,21,42,0,0,0,0,0,414.0,224.0,148.0,0.0,0.0,0.0,0.0,0.0
2026-01-03 18:00:00,20,21,42,0,0,0,0,0,394.0,203.0,106.0,0.0,0.0,0.0,0.0,0.0
2026-01-03 19:00:00,20,20,40,0,0,0,0,0,374.0,183.0,500.0,0.0,0.0,0.0,0.0,0.0
2026-01-03 20:00:00,20,20,40,0,0,0,0,0,354.0,163.0,460.0,0.0,0.0,0.0,0.0,0.0
2026-01-03 21:00:00,15,0,0,30,16,0,0,0,339.0,0.0,0.0,277.0,500.0,0.0,0.0,0.0
2026-01-03 22:00:00,16,0,0,32,16,0,0,0,323.0,0.0,0.0,245.0,484.0,0.0,0.0,0.0
2026-01-03 23:00:00,20,20,40,0,0,0,0,0,303.0,143.0,420.0,0.0,0.0,0.0,0.0,0.0
2026-01-04 00:00:00,15,0,0,30,15,0,0,0,288.0,0.0,0.0,215.0,469.0,0.0,0.0,0.0
2026-01-04 01:00:00,0,0,0,0,0,9,9,18,0.0,0.0,0.0,0.0,0.0,459.0,469.0,239.0
2026-01-04 02:00:00,0,0,0,0,0,10,10,20,0.0,0.0,0.0,0.0,0.0,449.0,459.0,219.0
2026-01-04 03:00:00,0,0,0,0,0,9,9,20,0.0,0.0,0.0,0.0,0.0,440.0,450.0,199.0
2026-01-04 04:00:00,0,0,0,0,0,10,9,20,0.0,0.0,0.0,0.0,0.0,430.0,441.0,179.0
2026-01-04 05:00:00,0,0,0,0,0,9,10,20,0.0,0.0,0.0,0.0,0.0,421.0,431.0,159.0
2026-01-04 06:00:00,19,19,38,0,0,0,0,0,269.0,124.0,382.0,0.0,0.0,0.0,0.0,0.0
2026-01-04 07:00:00,19,20,40,0,0,0,0,0,250.0,104.0,342.0,0.0,0.0,0.0,0.0,0.0
2026-01-04 08:00:00,20,21,40,0,0,0,0,0,230.0,500.0,302.0,0.0,0.0,0.0,0.0,0.0
2026-01-04 09:00:00,20,21,40,0,0,0,0,0,210.0,479.0,262.0,0.0,0.0,0.0,0.0,0.0
2026-01-04 10:00:00,20,22,42,0,0,0,0,0,190.0,457.0,220.0,0.0,0.0,0.0,0.0,0.0
2026-01-04 11:00:00,22,23,45,0,0,0,0,0,168.0,434.0,175.0,0.0,0.0,0.0,0.0,0.0
2026-01-04 12:00:00,22,23,44,0,0,0,0,0,146.0,411.0,131.0,0.0,0.0,0.0,0.0,0.0
2026-01-04 13:00:00,23,23,46,0,0,0,0,0,123.0,388.0,500.0,0.0,0.0,0.0,0.0,0.0
2026-01-04 14:00:00,17,0,0,34,17,0,0,0,106.0,0.0,0.0,181.0,452.0,0.0,0.0,0.0
2026-01-04 15:00:00,16,0,0,32,16,0,0,0,500.0,0.0,0.0,149.0,436.0,0.0,0.0,0.0
2026-01-04 16:00:00,17,0,0,34,17,0,0,0,483.0,0.0,0.0,115.0,419.0,0.0,0.0,0.0
2026-01-04 17:00:00,16,0,0,34,17,0,0,0,467.0,0.0,0.0,500.0,402.0,0.0,0.0,0.0
2026-01-04 18:00:00,0,0,0,0,0,11,11,22,0.0,0.0,0.0,0.0,0.0,410.0,420.0,137.0
2026-01-04 19:00:00,14,0,0,29,15,0,0,0,453.0,0.0,0.0,471.0,387.0,0.0,0.0,0.0
2026-01-04 20:00:00,14,0,0,29,15,0,0,0,439.0,0.0,0.0,442.0,372.0,0.0,0.0,0.0
2026-01-04 21:00:00,14,0,0,29,15,0,0,0,425.0,0.0,0.0,413.0,357.0,0.0,0.0,0.0
2026-01-04 22:00:00,15,0,0,30,15,0,0,0,410.0,0.0,0.0,383.0,342.0,0.0,0.0,0.0
2026-01-04 23:00:00,16,0,0,32,16,0,0,0,394.0,0.0,0.0,351.0,326.0,0.0,0.0,0.0
2026-01-05 00:00:00,15,0,0,29,15,0,0,0,379.0,0.0,0.0,322.0,311.0,0.0,0.0,0.0
2026-01-05 01:00:00,14,0,0,27,14,0,0,0,365.0,0.0,0.0,295.0,297.0,0.0,0.0,0.0
2026-01-05 02:00:00,13,0,0,26,13,0,0,0,352.0,0.0,0.0,269.0,284.0,0.0,0.0,0.0
2026-01-05 03:00:00,13,0,0,26,13,0,0,0,339.0,0.0,0.0,243.0,271.0,0.0,0.0,0.0
2026-01-05 04:00:00,0,0,0,0,0,10,10,20,0.0,0.0,0.0,0.0,0.0,400.0,410.0,117.0
2026-01-05 05:00:00,0,0,0,0,0,9,9,18,0.0,0.0,0.0,0.0,0.0,391.0,401.0,500.0
2026-01-05 06:00:00,0,0,0,0,0,10,10,20,0.0,0.0,0.0,0.0,0.0,381.0,391.0,480.0
2026-01-05 07:00:00,19,19,38,0,0,0,0,0,320.0,369.0,462.0,0.0,0.0,0.0,0.0,0.0
2026-01-05 08:00:00,19,19,38,0,0,0,0,0,301.0,350.0,424.0,0.0,0.0,0.0,0.0,0.0
2026-01-05 09:00:00,13,0,0,28,15,0,0,0,288.0,0.0,0.0,215.0,256.0,0.0,0.0,0.0
2026-01-05 10:00:00,14,0,0,29,15,0,0,0,274.0,0.0,0.0,186.0,241.0,0.0,0.0,0.0
2026-01-05 11:00:00,0,0,0,0,0,10,10,21,0.0,0.0,0.0,0.0,0.0,371.0,381.0,459.0
2026-01-05 12:00:00,0,0,0,0,0,10,10,21,0.0,0.0,0.0,0.0,0.0,361.0,371.0,438.0
2026-01-05 13:00:00,20,21,40,0,0,0,0,0,254.0,329.0,384.0,0.0,0.0,0.0,0.0,0.0
2026-01-05 14:00:00,20,21,40,0,0,0,0,0,234.0,308.0,344.0,0.0,0.0,0.0,0.0,0.0
2026-01-05 15:00:00,0,0,0,0,0,9,9,19,0.0,0.0,0.0,0.0,0.0,352.0,362.0,419.0
2026-01-05 16:00:00,0,0,0,0,0,9,9,19,0.0,0.0,0.0,0.0,0.0,343.0,353.0,400.0
2026-01-05 17:00:00,0,0,0,0,0,8,8,16,0.0,0.0,0.0,0.0,0.0,335.0,345.0,384.0
2026-01-05 18:00:00,19,19,38,0,0,0,0,0,215.0,289.0,306.0,0.0,0.0,0.0,0.0,0.0
2026-01-05 19:00:00,0,0,0,0,0,9,9,18,0.0,0.0,0.0,0.0,0.0,326.0,336.0,366.0
2026-01-05 20:00:00,0,0,0,0,0,11,10,20,0.0,0.0,0.0,0.0,0.0,315.0,326.0,346.0
2026-01-05 21:00:00,0,0,0,0,0,13,12,24,0.0,0.0,0.0,0.0,0.0,302.0,314.0,322.0
2026-01-05 22:00:00,0,0,0,0,0,12,12,24,0.0,0.0,0.0,0.0,0.0,290.0,302.0,298.0
2026-01-05 23:00:00,0,0,0,0,0,11,11,22,0.0,0.0,0.0,0.0,0.0,279.0,291.0,276.0
2026-01-06 00:00:00,0,0,0,0,0,12,12,24,0.0,0.0,0.0,0.0,0.0,267.0,279.0,252.0
2026-01-06 01:00:00,0,0,0,0,0,11,10,22,0.0,0.0,0.0,0.0,0.0,256.0,269.0,230.0
2026-01-06 02:00:00,15,0,0,30,16,0,0,0,200.0,0.0,0.0,156.0,225.0,0.0,0.0,0.0
2026-01-06 03:00:00,14,0,0,31,16,0,0,0,186.0,0.0,0.0,125.0,209.0,0.0,0.0,0.0
2026-01-06 04:00:00,13,0,0,26,13,0,0,0,173.0,0.0,0.0,500.0,196.0,0.0,0.0,0.0
2026-01-06 05:00:00,19,19,37,0,0,0,0,0,154.0,270.0,269.0,0.0,0.0,0.0,0.0,0.0
2026-01-06 06:00:00,0,0,0,0,0,10,9,20,0.0,0.0,0.0,0.0,0.0,246.0,260.0,210.0
2026-01-06 07:00:00,20,20,40,0,0,0,0,0,134.0,250.0,229.0,0.0,0.0,0.0,0.0,0.0
2026-01-06 08:00:00,21,21,43,0,0,0,0,0,113.0,229.0,186.0,0.0,0.0,0.0,0.0,0.0
2026-01-06 09:00:00,22,21,42,0,0,0,0,0,500.0,208.0,144.0,0.0,0.0,0.0,0.0,0.0
2026-01-06 10:00:00,0,0,0,0,0,11,11,22,0.0,0.0,0.0,0.0,0.0,235.0,249.0,188.0
2026-01-06 11:00:00,15,0,0,31,15,0,0,0,485.0,0.0,0.0,469.0,181.0,0.0,0.0,0.0
2026-01-06 12:00:00,16,0,0,32,17,0,0,0,469.0,0.0,0.0,437.0,164.0,0.0,0.0,0.0
2026-01-06 13:00:00,0,0,0,0,0,11,10,23,0.0,0.0,0.0,0.0,0.0,224.0,239.0,165.0
2026-01-06 14:00:00,0,0,0,0,0,12,12,24,0.0,0.0,0.0,0.0,0.0,212.0,227.0,141.0
2026-01-06 15:00:00,0,0,0,0,0,10,9,20,0.0,0.0,0.0,0.0,0.0,202.0,218.0,121.0
2026-01-06 16:00:00,20,20,40,0,0,0,0,0,449.0,188.0,104.0,0.0,0.0,0.0,0.0,0.0
2026-01-06 17:00:00,21,21,42,0,0,0,0,0,428.0,167.0,500.0,0.0,0.0,0.0,0.0,0.0
2026-01-06 18:00:00,15,0,0,30,16,0,0,0,413.0,0.0,0.0,407.0,148.0,0.0,0.0,0.0
2026-01-06 19:00:00,0,0,0,0,0,10,9,19,0.0,0.0,0.0,0.0,0.0,192.0,209.0,102.0
2026-01-06 20:00:00,0,0,0,0,0,9,9,19,0.0,0.0,0.0,0.0,0.0,183.0,200.0,500.0
2026-01-06 21:00:00,0,0,0,0,0,10,10,20,0.0,0.0,0.0,0.0,0.0,173.0,190.0,480.0
2026-01-06 22:00:00,0,0,0,0,0,9,9,18,0.0,0.0,0.0,0.0,0.0,164.0,181.0,462.0
2026-01-06 23:00:00,0,0,0,0,0,9,10,18,0.0,0.0,0.0,0.0,0.0,155.0,171.0,444.0
2026-01-07 00:00:00,0,0,0,0,0,9,9,18,0.0,0.0,0.0,0.0,0.0,146.0,162.0,426.0
2026-01-07 01:00:00,0,0,0,0,0,8,8,15,0.0,0.0,0.0,0.0,0.0,138.0,154.0,411.0
2026-01-07 02:00:00,0,0,0,0,0,8,8,15,0.0,0.0,0.0,0.0,0.0,130.0,146.0,396.0
2026-01-07 03:00:00,0,0,0,0,0,9,9,17,0.0,0.0,0.0,0.0,0.0,121.0,137.0,379.0
2026-01-07 04:00:00,0,0,0,0,0,8,9,17,0.0,0.0,0.0,0.0,0.0,113.0,128.0,362.0
2026-01-07 05:00:00,0,0,0,0,0,8,9,18,0.0,0.0,0.0,0.0,0.0,105.0,119.0,344.0
2026-01-07 06:00:00,19,19,38,0,0,0,0,0,394.0,148.0,462.0,0.0,0.0,0.0,0.0,0.0
2026-01-07 07:00:00,19,19,38,0,0,0,0,0,375.0,129.0,424.0,0.0,0.0,0.0,0.0,0.0
2026-01-07 08:00:00,0,0,0,0,0,10,10,20,0.0,0.0,0.0,0.0,0.0,500.0,109.0,324.0
2026-01-07 09:00:00,0,0,0,0,0,10,10,20,0.0,0.0,0.0,0.0,0.0,490.0,500.0,304.0
2026-01-07 10:00:00,21,21,43,0,0,0,0,0,354.0,108.0,381.0,0.0,0.0,0.0,0.0,0.0
2026-01-07 11:00:00,20,20,41,0,0,0,0,0,334.0,500.0,340.0,0.0,0.0,0.0,0.0,0.0
2026-01-07 12:00:00,0,0,0,0,0,9,9,18,0.0,0.0,0.0,0.0,0.0,481.0,491.0,286.0
2026-01-07 13:00:00,0,0,0,0,0,9,9,18,0.0,0.0,0.0,0.0,0.0,472.0,482.0,268.0
2026-01-07 14:00:00,14,0,0,28,15,0,0,0,320.0,0.0,0.0,379.0,133.0,0.0,0.0,0.0
2026-01-07 15:00:00,14,0,0,28,15,0,0,0,306.0,0.0,0.0,351.0,118.0,0.0,0.0,0.0
2026-01-07 16:00:00,0,0,0,0,0,7,7,14,0.0,0.0,0.0,0.0,0.0,465.0,475.0,254.0
2026-01-07 17:00:00,0,0,0,0,0,7,7,14,0.0,0.0,0.0,0.0,0.0,458.0,468.0,240.0
2026-01-07 18:00:00,0,0,0,0,0,7,8,16,0.0,0.0,0.0,0.0,0.0,451.0,460.0,224.0
2026-01-07 19:00:00,0,0,0,0,0,10,10,20,0.0,0.0,0.0,0.0,0.0,441.0,450.0,204.0
2026-01-07 20:00:00,0,0,0,0,0,10,10,20,0.0,0.0,0.0,0.0,0.0,431.0,440.0,184.0
2026-01-07 21:00:00,0,0,0,0,0,11,11,22,0.0,0.0,0.0,0.0,0.0,420.0,429.0,162.0
2026-01-07 22:00:00,0,0,0,0,0,11,10,22,0.0,0.0,0.0,0.0,0.0,409.0,419.0,140.0
2026-01-07 23:00:00,20,20,40,0,0,0,0,0,286.0,480.0,300.0,0.0,0.0,0.0,0.0,0.0
2026-01-08 00:00:00,20,20,40,0,0,0,0,0,266.0,460.0,260.0,0.0,0.0,0.0,0.0,0.0
2026-01-08 01:00:00,18,19,38,0,0,0,0,0,248.0,441.0,222.0,0.0,0.0,0.0,0.0,0.0
2026-01-08 02:00:00,18,18,36,0,0,0,0,0,230.0,423.0,186.0,0.0,0.0,0.0,0.0,0.0
2026-01-08 03:00:00,19,19,38,0,0,0,0,0,211.0,404.0,148.0,0.0,0.0,0.0,0.0,0.0
2026-01-08 04:00:00,19,19,38,0,0,0,0,0,192.0,385.0,110.0,0.0,0.0,0.0,0.0,0.0
2026-01-08 05:00:00,20,19,40,0,0,0,0,0,172.0,366.0,500.0,0.0,0.0,0.0,0.0,0.0
2026-01-08 06:00:00,0,0,0,0,0,11,11,22,0.0,0.0,0.0,0.0,0.0,398.0,408.0,118.0
2026-01-08 07:00:00,0,0,0,0,0,11,11,22,0.0,0.0,0.0,0.0,0.0,387.0,397.0,500.0
2026-01-08 08:00:00,0,0,0,0,0,10,10,20,0.0,0.0,0.0,0.0,0.0,377.0,387.0,480.0
2026-01-08 09:00:00,21,21,42,0,0,0,0,0,151.0,345.0,458.0,0.0,0.0,0.0,0.0,0.0
2026-01-08 10:00:00,14,0,0,28,14,0,0,0,137.0,0.0,0.0,323.0,104.0,0.0,0.0,0.0
2026-01-08 11:00:00,20,20,40,0,0,0,0,0,117.0,325.0,418.0,0.0,0.0,0.0,0.0,0.0
2026-01-08 12:00:00,20,20,40,0,0,0,0,0,500.0,305.0,378.0,0.0,0.0,0.0,0.0,0.0
2026-01-08 13:00:00,20,20,40,0,0,0,0,0,480.0,285.0,338.0,0.0,0.0,0.0,0.0,0.0
2026-01-08 14:00:00,15,0,0,31,15,0,0,0,465.0,0.0,0.0,292.0,500.0,0.0,0.0,0.0
2026-01-08 15:00:00,0,0,0,0,0,9,9,18,0.0,0.0,0.0,0.0,0.0,368.0,378.0,462.0
2026-01-08 16:00:00,0,0,0,0,0,9,9,18,0.0,0.0,0.0,0.0,0.0,359.0,369.0,444.0
2026-01-08 17:00:00,0,0,0,0,0,9,9,18,0.0,0.0,0.0,0.0,0.0,350.0,360.0,426.0
2026-01-08 18:00:00,0,0,0,0,0,10,9,18,0.0,0.0,0.0,0.0,0.0,340.0,351.0,408.0
2026-01-08 19:00:00,0,0,0,0,0,11,11,22,0.0,0.0,0.0,0.0,0.0,329.0,340.0,386.0
2026-01-08 20:00:00,0,0,0,0,0,10,10,20,0.0,0.0,0.0,0.0,0.0,319.0,330.0,366.0
2026-01-08 21:00:00,0,0,0,0,0,9,9,18,0.0,0.0,0.0,0.0,0.0,310.0,321.0,348.0
2026-01-08 22:00:00,0,0,0,0,0,9,9,18,0.0,0.0,0.0,0.0,0.0,301.0,312.0,330.0
2026-01-08 23:00:00,0,0,0,0,0,8,8,16,0.0,0.0,0.0,0.0,0.0,293.0,304.0,314.0
2026-01-09 00:00:00,0,0,0,0,0,8,8,16,0.0,0.0,0.0,0.0,0.0,285.0,296.0,298.0
2026-01-09 01:00:00,0,0,0,0,0,8,8,16,0.0,0.0,0.0,0.0,0.0,277.0,288.0,282.0
2026-01-09 02:00:00,0,0,0,0,0,9,9,18,0.0,0.0,0.0,0.0,0.0,268.0,279.0,264.0
2026-01-09 03:00:00,13,0,0,28,14,0,0,0,452.0,0.0,0.0,264.0,486.0,0.0,0.0,0.0
2026-01-09 04:00:00,13,0,0,28,14,0,0,0,439.0,0.0,0.0,236.0,472.0,0.0,0.0,0.0
2026-01-09 05:00:00,0,0,0,0,0,9,9,18,0.0,0.0,0.0,0.0,0.0,259.0,270.0,246.0
2026-01-09 06:00:00,18,19,38,0,0,0,0,0,421.0,266.0,300.0,0.0,0.0,0.0,0.0,0.0
2026-01-09 07:00:00,19,19,40,0,0,0,0,0,402.0,247.0,260.0,0.0,0.0,0.0,0.0,0.0
2026-01-09 08:00:00,20,20,40,0,0,0,0,0,382.0,227.0,220.0,0.0,0.0,0.0,0.0,0.0
2026-01-09 09:00:00,0,0,0,0,0,9,9,19,0.0,0.0,0.0,0.0,0.0,250.0,261.0,227.0
2026-01-09 10:00:00,19,19,39,0,0,0,0,0,363.0,208.0,181.0,0.0,0.0,0.0,0.0,0.0
2026-01-09 11:00:00,21,20,40,0,0,0,0,0,342.0,188.0,141.0,0.0,0.0,0.0,0.0,0.0
2026-01-09 12:00:00,19,19,38,0,0,0,0,0,323.0,169.0,103.0,0.0,0.0,0.0,0.0,0.0
2026-01-09 13:00:00,20,20,40,0,0,0,0,0,303.0,149.0,500.0,0.0,0.0,0.0,0.0,0.0
2026-01-09 14:00:00,20,20,41,0,0,0,0,0,283.0,129.0,459.0,0.0,0.0,0.0,0.0,0.0
2026-01-09 15:00:00,21,21,43,0,0,0,0,0,262.0,108.0,416.0,0.0,0.0,0.0,0.0,0.0
2026-01-09 16:00:00,20,20,40,0,0,0,0,0,242.0,500.0,376.0,0.0,0.0,0.0,0.0,0.0
2026-01-09 17:00:00,20,20,40,0,0,0,0,0,222.0,480.0,336.0,0.0,0.0,0.0,0.0,0.0
2026-01-09 18:00:00,19,19,38,0,0,0,0,0,203.0,461.0,298.0,0.0,0.0,0.0,0.0,0.0
2026-01-09 19:00:00,15,0,0,30,15,0,0,0,188.0,0.0,0.0,206.0,457.0,0.0,0.0,0.0
2026-01-09 20:00:00,15,0,0,30,15,0,0,0,173.0,0.0,0.0,176.0,442.0,0.0,0.0,0.0
2026-01-09 21:00:00,16,0,0,30,15,0,0,0,157.0,0.0,0.0,146.0,427.0,0.0,0.0,0.0
2026-01-09 22:00:00,15,0,0,28,14,0,0,0,142.0,0.0,0.0,118.0,413.0,0.0,0.0,0.0
2026-01-09 23:00:00,20,20,40,0,0,0,0,0,122.0,441.0,258.0,0.0,0.0,0.0,0.0,0.0
2026-01-10 00:00:00,19,18,38,0,0,0,0,0,103.0,423.0,220.0,0.0,0.0,0.0,0.0,0.0
2026-01-10 01:00:00,18,18,36,0,0,0,0,0,500.0,405.0,184.0,0.0,0.0,0.0,0.0,0.0
2026-01-10 02:00:00,0,0,0,0,0,8,8,16,0.0,0.0,0.0,0.0,0.0,242.0,253.0,211.0
2026-01-10 03:00:00,12,0,0,24,12,0,0,0,488.0,0.0,0.0,500.0,401.0,0.0,0.0,0.0
2026-01-10 04:00:00,12,0,0,23,12,0,0,0,476.0,0.0,0.0,477.0,389.0,0.0,0.0,0.0
2026-01-10 05:00:00,0,0,0,0,0,7,8,16,0.0,0.0,0.0,0.0,0.0,235.0,245.0,195.0
2026-01-10 06:00:00,0,0,0,0,0,7,7,14,0.0,0.0,0.0,0.0,0.0,228.0,238.0,181.0
2026-01-10 07:00:00,16,16,34,0,0,0,0,0,460.0,389.0,150.0,0.0,0.0,0.0,0.0,0.0
2026-01-10 08:00:00,0,0,0,0,0,9,9,18,0.0,0.0,0.0,0.0,0.0,219.0,229.0,163.0
2026-01-10 09:00:00,15,0,0,30,15,0,0,0,445.0,0.0,0.0,447.0,374.0,0.0,0.0,0.0
2026-01-10 10:00:00,15,0,0,30,15,0,0,0,430.0,0.0,0.0,417.0,359.0,0.0,0.0,0.0
2026-01-10 11:00:00,14,0,0,28,13,0,0,0,416.0,0.0,0.0,389.0,346.0,0.0,0.0,0.0
2026-01-10 12:00:00,14,0,0,28,14,0,0,0,402.0,0.0,0.0,361.0,332.0,0.0,0.0,0.0
2026-01-10 13:00:00,15,0,0,30,15,0,0,0,387.0,0.0,0.0,331.0,317.0,0.0,0.0,0.0
2026-01-10 14:00:00,16,0,0,32,16,0,0,0,371.0,0.0,0.0,299.0,301.0,0.0,0.0,0.0
2026-01-10 15:00:00,22,22,44,0,0,0,0,0,349.0,367.0,106.0,0.0,0.0,0.0,0.0,0.0
2026-01-10 16:00:00,22,21,42,0,0,0,0,0,327.0,346.0,500.0,0.0,0.0,0.0,0.0,0.0
2026-01-10 17:00:00,21,21,42,0,0,0,0,0,306.0,325.0,458.0,0.0,0.0,0.0,0.0,0.0
2026-01-10 18:00:00,19,19,38,0,0,0,0,0,287.0,306.0,420.0,0.0,0.0,0.0,0.0,0.0
2026-01-10 19:00:00,19,19,38,0,0,0,0,0,268.0,287.0,382.0,0.0,0.0,0.0,0.0,0.0
2026-01-10 20:00:00,0,0,0,0,0,8,8,16,0.0,0.0,0.0,0.0,0.0,211.0,221.0,147.0
2026-01-10 21:00:00,19,19,38,0,0,0,0,0,249.0,268.0,344.0,0.0,0.0,0.0,0.0,0.0
2026-01-10 22:00:00,19,19,38,0,0,0,0,0,230.0,249.0,306.0,0.0,0.0,0.0,0.0,0.0
2026-01-10 23:00:00,20,20,40,0,0,0,0,0,210.0,229.0,266.0,0.0,0.0,0.0,0.0,0.0
2026-01-11 00:00:00,20,19,39,0,0,0,0,0,190.0,210.0,227.0,0.0,0.0,0.0,0.0,0.0
2026-01-11 01:00:00,19,18,38,0,0,0,0,0,171.0,192.0,189.0,0.0,0.0,0.0,0.0,0.0
2026-01-11 02:00:00,18,18,36,0,0,0,0,0,153.0,174.0,153.0,0.0,0.0,0.0,0.0,0.0
2026-01-11 03:00:00,17,16,34,0,0,0,0,0,136.0,158.0,119.0,0.0,0.0,0.0,0.0,0.0
2026-01-11 04:00:00,17,17,34,0,0,0,0,0,119.0,141.0,500.0,0.0,0.0,0.0,0.0,0.0
2026-01-11 05:00:00,16,16,32,0,0,0,0,0,103.0,125.0,468.0,0.0,0.0,0.0,0.0,0.0
2026-01-11 06:00:00,12,0,0,26,13,0,0,0,500.0,0.0,0.0,273.0,288.0,0.0,0.0,0.0
2026-01-11 07:00:00,13,0,0,26,12,0,0,0,487.0,0.0,0.0,247.0,276.0,0.0,0.0,0.0
2026-01-11 08:00:00,14,0,0,28,14,0,0,0,473.0,0.0,0.0,219.0,262.0,0.0,0.0,0.0
2026-01-11 09:00:00,14,0,0,28,14,0,0,0,459.0,0.0,0.0,191.0,248.0,0.0,0.0,0.0
2026-01-11 10:00:00,13,0,0,26,13,0,0,0,446.0,0.0,0.0,165.0,235.0,0.0,0.0,0.0
2026-01-11 11:00:00,14,0,0,28,14,0,0,0,432.0,0.0,0.0,137.0,221.0,0.0,0.0,0.0
2026-01-11 12:00:00,15,0,0,30,15,0,0,0,417.0,0.0,0.0,107.0,206.0,0.0,0.0,0.0
2026-01-11 13:00:00,21,22,42,0,0,0,0,0,396.0,103.0,426.0,0.0,0.0,0.0,0.0,0.0
2026-01-11 14:00:00,0,0,0,0,0,12,13,25,0.0,0.0,0.0,0.0,0.0,199.0,208.0,122.0
2026-01-11 15:00:00,17,0,0,34,18,0,0,0,379.0,0.0,0.0,500.0,188.0,0.0,0.0,0.0
2026-01-11 16:00:00,0,0,0,0,0,12,12,24,0.0,0.0,0.0,0.0,0.0,187.0,196.0,500.0
2026-01-11 17:00:00,0,0,0,0,0,12,12,24,0.0,0.0,0.0,0.0,0.0,175.0,184.0,476.0
2026-01-11 18:00:00,0,0,0,0,0,11,11,22,0.0,0.0,0.0,0.0,0.0,164.0,173.0,454.0
2026-01-11 19:00:00,0,0,0,0,0,10,10,20,0.0,0.0,0.0,0.0,0.0,154.0,163.0,434.0
2026-01-11 20:00:00,0,0,0,0,0,9,9,18,0.0,0.0,0.0,0.0,0.0,145.0,154.0,416.0
2026-01-11 21:00:00,0,0,0,0,0,9,9,18,0.0,0.0,0.0,0.0,0.0,136.0,145.0,398.0
2026-01-11 22:00:00,15,0,0,30,16,0,0,0,364.0,0.0,0.0,470.0,172.0,0.0,0.0,0.0
2026-01-11 23:00:00,15,0,0,30,15,0,0,0,349.0,0.0,0.0,440.0,157.0,0.0,0.0,0.0
2026-01-12 00:00:00,0,0,0,0,0,10,10,20,0.0,0.0,0.0,0.0,0.0,126.0,135.0,378.0
2026-01-12 01:00:00,0,0,0,0,0,10,10,20,0.0,0.0,0.0,0.0,0.0,116.0,125.0,358.0
2026-01-12 02:00:00,0,0,0,0,0,10,10,20,0.0,0.0,0.0,0.0,0.0,106.0,115.0,338.0
2026-01-12 03:00:00,0,0,0,0,0,10,9,18,0.0,0.0,0.0,0.0,0.0,500.0,106.0,320.0
2026-01-12 04:00:00,0,0,0,0,0,8,8,15,0.0,0.0,0.0,0.0,0.0,492.0,500.0,305.0
2026-01-12 05:00:00,12,0,0,24,12,0,0,0,337.0,0.0,0.0,416.0,145.0,0.0,0.0,0.0
2026-01-12 06:00:00,12,0,0,24,12,0,0,0,325.0,0.0,0.0,392.0,133.0,0.0,0.0,0.0
2026-01-12 07:00:00,0,0,0,0,0,9,9,17,0.0,0.0,0.0,0.0,0.0,483.0,491.0,288.0
2026-01-12 08:00:00,0,0,0,0,0,9,9,18,0.0,0.0,0.0,0.0,0.0,474.0,482.0,270.0
2026-01-12 09:00:00,0,0,0,0,0,9,9,18,0.0,0.0,0.0,0.0,0.0,465.0,473.0,252.0
2026-01-12 10:00:00,0,0,0,0,0,9,9,18,0.0,0.0,0.0,0.0,0.0,456.0,464.0,234.0
2026-01-12 11:00:00,15,0,0,30,15,0,0,0,310.0,0.0,0.0,362.0,118.0,0.0,0.0,0.0
2026-01-12 12:00:00,20,20,40,0,0,0,0,0,290.0,500.0,386.0,0.0,0.0,0.0,0.0,0.0
2026-01-12 13:00:00,21,21,42,0,0,0,0,0,269.0,479.0,344.0,0.0,0.0,0.0,0.0,0.0
2026-01-12 14:00:00,22,22,44,0,0,0,0,0,247.0,457.0,300.0,0.0,0.0,0.0,0.0,0.0
2026-01-12 15:00:00,23,24,46,0,0,0,0,0,224.0,433.0,254.0,0.0,0.0,0.0,0.0,0.0
2026-01-12 16:00:00,21,21,42,0,0,0,0,0,203.0,412.0,212.0,0.0,0.0,0.0,0.0,0.0
2026-01-12 17:00:00,20,21,40,0,0,0,0,0,183.0,391.0,172.0,0.0,0.0,0.0,0.0,0.0
2026-01-12 18:00:00,20,20,40,0,0,0,0,0,163.0,371.0,132.0,0.0,0.0,0.0,0.0,0.0
2026-01-12 19:00:00,20,20,40,0,0,0,0,0,143.0,351.0,500.0,0.0,0.0,0.0,0.0,0.0
2026-01-12 20:00:00,20,19,38,0,0,0,0,0,123.0,332.0,462.0,0.0,0.0,0.0,0.0,0.0
2026-01-12 21:00:00,19,19,38,0,0,0,0,0,104.0,313.0,424.0,0.0,0.0,0.0,0.0,0.0
2026-01-12 22:00:00,0,0,0,0,0,10,10,20,0.0,0.0,0.0,0.0,0.0,446.0,454.0,214.0
2026-01-12 23:00:00,0,0,0,0,0,10,10,20,0.0,0.0,0.0,0.0,0.0,436.0,444.0,194.0
2026-01-13 00:00:00,0,0,0,0,0,8,8,15,0.0,0.0,0.0,0.0,0.0,428.0,436.0,179.0
2026-01-13 01:00:00,0,0,0,0,0,9,9,18,0.0,0.0,0.0,0.0,0.0,419.0,427.0,161.0
2026-01-13 02:00:00,14,0,0,27,14,0,0,0,500.0,0.0,0.0,335.0,104.0,0.0,0.0,0.0
2026-01-13 03:00:00,13,0,0,25,13,0,0,0,487.0,0.0,0.0,310.0,500.0,0.0,0.0,0.0
2026-01-13 04:00:00,13,0,0,25,13,0,0,0,474.0,0.0,0.0,285.0,487.0,0.0,0.0,0.0
2026-01-13 05:00:00,12,0,0,24,12,0,0,0,462.0,0.0,0.0,261.0,475.0,0.0,0.0,0.0
2026-01-13 06:00:00,18,17,35,0,0,0,0,0,444.0,296.0,389.0,0.0,0.0,0.0,0.0,0.0
2026-01-13 07:00:00,0,0,0,0,0,10,10,20,0.0,0.0,0.0,0.0,0.0,409.0,417.0,141.0
2026-01-13 08:00:00,15,0,0,30,15,0,0,0,429.0,0.0,0.0,231.0,460.0,0.0,0.0,0.0
2026-01-13 09:00:00,0,0,0,0,0,8,8,15,0.0,0.0,0.0,0.0,0.0,401.0,409.0,126.0
2026-01-13 10:00:00,0,0,0,0,0,9,9,18,0.0,0.0,0.0,0.0,0.0,392.0,400.0,108.0
2026-01-13 11:00:00,16,0,0,32,16,0,0,0,413.0,0.0,0.0,199.0,444.0,0.0,0.0,0.0
2026-01-13 12:00:00,15,0,0,30,15,0,0,0,398.0,0.0,0.0,169.0,429.0,0.0,0.0,0.0
2026-01-13 13:00:00,14,0,0,28,14,0,0,0,384.0,0.0,0.0,141.0,415.0,0.0,0.0,0.0
2026-01-13 14:00:00,15,0,0,31,15,0,0,0,369.0,0.0,0.0,110.0,400.0,0.0,0.0,0.0
2026-01-13 15:00:00,15,0,0,30,15,0,0,0,354.0,0.0,0.0,500.0,385.0,0.0,0.0,0.0
2026-01-13 16:00:00,14,0,0,28,14,0,0,0,340.0,0.0,0.0,472.0,371.0,0.0,0.0,0.0
2026-01-13 17:00:00,19,18,38,0,0,0,0,0,321.0,278.0,351.0,0.0,0.0,0.0,0.0,0.0
2026-01-13 18:00:00,14,0,0,28,14,0,0,0,307.0,0.0,0.0,444.0,357.0,0.0,0.0,0.0
2026-01-13 19:00:00,15,0,0,30,15,0,0,0,292.0,0.0,0.0,414.0,342.0,0.0,0.0,0.0
2026-01-13 20:00:00,15,0,0,30,15,0,0,0,277.0,0.0,0.0,384.0,327.0,0.0,0.0,0.0
2026-01-13 21:00:00,0,0,0,0,0,10,10,19,0.0,0.0,0.0,0.0,0.0,382.0,390.0,500.0
2026-01-13 22:00:00,0,0,0,0,0,10,10,19,0.0,0.0,0.0,0.0,0.0,372.0,380.0,481.0
2026-01-13 23:00:00,20,19,40,0,0,0,0,0,257.0,259.0,311.0,0.0,0.0,0.0,0.0,0.0
2026-01-14 00:00:00,17,17,34,0,0,0,0,0,240.0,242.0,277.0,0.0,0.0,0.0,0.0,0.0
2026-01-14 01:00:00,12,0,0,23,12,0,0,0,228.0,0.0,0.0,361.0,315.0,0.0,0.0,0.0
2026-01-14 02:00:00,12,0,0,24,12,0,0,0,216.0,0.0,0.0,337.0,303.0,0.0,0.0,0.0
2026-01-14 03:00:00,13,0,0,26,13,0,0,0,203.0,0.0,0.0,311.0,290.0,0.0,0.0,0.0
2026-01-14 04:00:00,13,0,0,26,13,0,0,0,190.0,0.0,0.0,285.0,277.0,0.0,0.0,0.0
2026-01-14 05:00:00,19,19,38,0,0,0,0,0,171.0,223.0,239.0,0.0,0.0,0.0,0.0,0.0
2026-01-14 06:00:00,0,0,0,0,0,10,10,19,0.0,0.0,0.0,0.0,0.0,362.0,370.0,462.0
2026-01-14 07:00:00,0,0,0,0,0,9,9,17,0.0,0.0,0.0,0.0,0.0,353.0,361.0,445.0
2026-01-14 08:00:00,0,0,0,0,0,11,10,22,0.0,0.0,0.0,0.0,0.0,342.0,351.0,423.0
2026-01-14 09:00:00,0,0,0,0,0,13,13,26,0.0,0.0,0.0,0.0,0.0,329.0,338.0,397.0
2026-01-14 10:00:00,0,0,0,0,0,12,12,24,0.0,0.0,0.0,0.0,0.0,317.0,326.0,373.0
2026-01-14 11:00:00,0,0,0,0,0,10,11,22,0.0,0.0,0.0,0.0,0.0,307.0,315.0,351.0
2026-01-14 12:00:00,0,0,0,0,0,11,11,22,0.0,0.0,0.0,0.0,0.0,296.0,304.0,329.0
2026-01-14 13:00:00,0,0,0,0,0,11,11,22,0.0,0.0,0.0,0.0,0.0,285.0,293.0,307.0
2026-01-14 14:00:00,0,0,0,0,0,12,12,24,0.0,0.0,0.0,0.0,0.0,273.0,281.0,283.0
2026-01-14 15:00:00,0,0,0,0,0,12,12,24,0.0,0.0,0.0,0.0,0.0,261.0,269.0,259.0
2026-01-14 16:00:00,20,21,41,0,0,0,0,0,151.0,202.0,198.0,0.0,0.0,0.0,0.0,0.0
2026-01-14 17:00:00,20,20,40,0,0,0,0,0,131.0,182.0,158.0,0.0,0.0,0.0,0.0,0.0
2026-01-14 18:00:00,19,19,38,0,0,0,0,0,112.0,163.0,120.0,0.0,0.0,0.0,0.0,0.0
2026-01-14 19:00:00,20,20,40,0,0,0,0,0,500.0,143.0,500.0,0.0,0.0,0.0,0.0,0.0
2026-01-14 20:00:00,19,19,38,0,0,0,0,0,481.0,124.0,462.0,0.0,0.0,0.0,0.0,0.0
2026-01-14 21:00:00,19,19,38,0,0,0,0,0,462.0,105.0,424.0,0.0,0.0,0.0,0.0,0.0
2026-01-14 22:00:00,21,22,42,0,0,0,0,0,441.0,500.0,382.0,0.0,0.0,0.0,0.0,0.0
2026-01-14 23:00:00,15,0,0,31,15,0,0,0,426.0,0.0,0.0,254.0,262.0,0.0,0.0,0.0
2026-01-15 00:00:00,17,0,0,34,17,0,0,0,409.0,0.0,0.0,220.0,245.0,0.0,0.0,0.0
2026-01-15 01:00:00,13,0,0,28,14,0,0,0,396.0,0.0,0.0,192.0,231.0,0.0,0.0,0.0
2026-01-15 02:00:00,13,0,0,28,15,0,0,0,383.0,0.0,0.0,164.0,216.0,0.0,0.0,0.0
2026-01-15 03:00:00,14,0,0,30,15,0,0,0,369.0,0.0,0.0,134.0,201.0,0.0,0.0,0.0
2026-01-15 04:00:00,13,0,0,28,14,0,0,0,356.0,0.0,0.0,106.0,187.0,0.0,0.0,0.0
2026-01-15 05:00:00,13,0,0,28,14,0,0,0,343.0,0.0,0.0,500.0,173.0,0.0,0.0,0.0
2026-01-15 06:00:00,0,0,0,0,0,10,10,20,0.0,0.0,0.0,0.0,0.0,251.0,259.0,239.0
2026-01-15 07:00:00,0,0,0,0,0,10,10,20,0.0,0.0,0.0,0.0,0.0,241.0,249.0,219.0
2026-01-15 08:00:00,21,21,42,0,0,0,0,0,322.0,479.0,340.0,0.0,0.0,0.0,0.0,0.0
2026-01-15 09:00:00,22,22,44,0,0,0,0,0,300.0,457.0,296.0,0.0,0.0,0.0,0.0,0.0
2026-01-15 10:00:00,20,20,40,0,0,0,0,0,280.0,437.0,256.0,0.0,0.0,0.0,0.0,0.0
2026-01-15 11:00:00,20,20,40,0,0,0,0,0,260.0,417.0,216.0,0.0,0.0,0.0,0.0,0.0
2026-01-15 12:00:00,19,19,38,0,0,0,0,0,241.0,398.0,178.0,0.0,0.0,0.0,0.0,0.0
2026-01-15 13:00:00,15,0,0,30,15,0,0,0,226.0,0.0,0.0,470.0,158.0,0.0,0.0,0.0
2026-01-15 14:00:00,0,0,0,0,0,11,10,21,0.0,0.0,0.0,0.0,0.0,230.0,239.0,198.0
2026-01-15 15:00:00,18,19,38,0,0,0,0,0,208.0,379.0,140.0,0.0,0.0,0.0,0.0,0.0
2026-01-15 16:00:00,11,0,0,24,12,0,0,0,197.0,0.0,0.0,446.0,146.0,0.0,0.0,0.0
2026-01-15 17:00:00,13,0,0,26,13,0,0,0,184.0,0.0,0.0,420.0,133.0,0.0,0.0,0.0
2026-01-15 18:00:00,0,0,0,0,0,9,9,18,0.0,0.0,0.0,0.0,0.0,221.0,230.0,180.0
2026-01-15 19:00:00,0,0,0,0,0,8,8,16,0.0,0.0,0.0,0.0,0.0,213.0,222.0,164.0
2026-01-15 20:00:00,13,0,0,26,13,0,0,0,171.0,0.0,0.0,394.0,120.0,0.0,0.0,0.0
2026-01-15 21:00:00,14,0,0,28,14,0,0,0,157.0,0.0,0.0,366.0,106.0,0.0,0.0,0.0
2026-01-15 22:00:00,0,0,0,0,0,11,11,22,0.0,0.0,0.0,0.0,0.0,202.0,211.0,142.0
2026-01-15 23:00:00,0,0,0,0,0,10,10,20,0.0,0.0,0.0,0.0,0.0,192.0,201.0,122.0
2026-01-16 00:00:00,19,18,38,0,0,0,0,0,138.0,361.0,102.0,0.0,0.0,0.0,0.0,0.0
2026-01-16 01:00:00,18,17,35,0,0,0,0,0,120.0,344.0,500.0,0.0,0.0,0.0,0.0,0.0
2026-01-16 02:00:00,19,18,38,0,0,0,0,0,101.0,326.0,462.0,0.0,0.0,0.0,0.0,0.0
2026-01-16 03:00:00,18,17,35,0,0,0,0,0,500.0,309.0,427.0,0.0,0.0,0.0,0.0,0.0
2026-01-16 04:00:00,17,18,36,0,0,0,0,0,483.0,291.0,391.0,0.0,0.0,0.0,0.0,0.0
2026-01-16 05:00:00,16,17,34,0,0,0,0,0,467.0,274.0,357.0,0.0,0.0,0.0,0.0,0.0
2026-01-16 06:00:00,19,19,38,0,0,0,0,0,448.0,255.0,319.0,0.0,0.0,0.0,0.0,0.0
2026-01-16 07:00:00,18,18,35,0,0,0,0,0,430.0,237.0,284.0,0.0,0.0,0.0,0.0,0.0
2026-01-16 08:00:00,19,19,38,0,0,0,0,0,411.0,218.0,246.0,0.0,0.0,0.0,0.0,0.0
2026-01-16 09:00:00,0,0,0,0,0,10,10,20,0.0,0.0,0.0,0.0,0.0,182.0,191.0,102.0
2026-01-16 10:00:00,0,0,0,0,0,10,10,20,0.0,0.0,0.0,0.0,0.0,172.0,181.0,500.0
2026-01-16 11:00:00,0,0,0,0,0,11,11,22,0.0,0.0,0.0,0.0,0.0,161.0,170.0,478.0
2026-01-16 12:00:00,0,0,0,0,0,12,12,24,0.0,0.0,0.0,0.0,0.0,149.0,158.0,454.0
2026-01-16 13:00:00,21,21,42,0,0,0,0,0,390.0,197.0,204.0,0.0,0.0,0.0,0.0,0.0
2026-01-16 14:00:00,16,0,0,33,16,0,0,0,374.0,0.0,0.0,333.0,500.0,0.0,0.0,0.0
2026-01-16 15:00:00,0,0,0,0,0,10,10,21,0.0,0.0,0.0,0.0,0.0,139.0,148.0,433.0
2026-01-16 16:00:00,20,20,40,0,0,0,0,0,354.0,177.0,164.0,0.0,0.0,0.0,0.0,0.0
2026-01-16 17:00:00,20,20,40,0,0,0,0,0,334.0,157.0,124.0,0.0,0.0,0.0,0.0,0.0
2026-01-16 18:00:00,20,20,40,0,0,0,0,0,314.0,137.0,500.0,0.0,0.0,0.0,0.0,0.0
2026-01-16 19:00:00,0,0,0,0,0,9,10,20,0.0,0.0,0.0,0.0,0.0,130.0,138.0,413.0
2026-01-16 20:00:00,0,0,0,0,0,9,10,20,0.0,0.0,0.0,0.0,0.0,121.0,128.0,393.0
2026-01-16 21:00:00,0,0,0,0,0,9,10,20,0.0,0.0,0.0,0.0,0.0,112.0,118.0,373.0
2026-01-16 22:00:00,0,0,0,0,0,11,11,22,0.0,0.0,0.0,0.0,0.0,101.0,107.0,351.0
2026-01-16 23:00:00,0,0,0,0,0,12,12,24,0.0,0.0,0.0,0.0,0.0,500.0,500.0,327.0
2026-01-17 00:00:00,0,0,0,0,0,12,13,25,0.0,0.0,0.0,0.0,0.0,488.0,487.0,302.0
2026-01-17 01:00:00,16,0,0,34,17,0,0,0,298.0,0.0,0.0,299.0,483.0,0.0,0.0,0.0
2026-01-17 02:00:00,16,0,0,31,16,0,0,0,282.0,0.0,0.0,268.0,467.0,0.0,0.0,0.0
2026-01-17 03:00:00,0,0,0,0,0,11,11,21,0.0,0.0,0.0,0.0,0.0,477.0,476.0,281.0
2026-01-17 04:00:00,0,0,0,0,0,11,11,21,0.0,0.0,0.0,0.0,0.0,466.0,465.0,260.0
2026-01-17 05:00:00,0,0,0,0,0,9,9,17,0.0,0.0,0.0,0.0,0.0,457.0,456.0,243.0
2026-01-17 06:00:00,0,0,0,0,0,10,9,18,0.0,0.0,0.0,0.0,0.0,447.0,447.0,225.0
2026-01-17 07:00:00,0,0,0,0,0,10,10,20,0.0,0.0,0.0,0.0,0.0,437.0,437.0,205.0
2026-01-17 08:00:00,16,0,0,32,16,0,0,0,266.0,0.0,0.0,236.0,451.0,0.0,0.0,0.0
2026-01-17 09:00:00,0,0,0,0,0,11,11,22,0.0,0.0,0.0,0.0,0.0,426.0,426.0,183.0
2026-01-17 10:00:00,0,0,0,0,0,11,11,22,0.0,0.0,0.0,0.0,0.0,415.0,415.0,161.0
2026-01-17 11:00:00,0,0,0,0,0,12,11,22,0.0,0.0,0.0,0.0,0.0,403.0,404.0,139.0
2026-01-17 12:00:00,0,0,0,0,0,13,13,24,0.0,0.0,0.0,0.0,0.0,390.0,391.0,115.0
2026-01-17 13:00:00,0,0,0,0,0,10,9,18,0.0,0.0,0.0,0.0,0.0,380.0,382.0,500.0
2026-01-17 14:00:00,0,0,0,0,0,10,10,20,0.0,0.0,0.0,0.0,0.0,370.0,372.0,480.0
2026-01-17 15:00:00,0,0,0,0,0,10,9,18,0.0,0.0,0.0,0.0,0.0,360.0,363.0,462.0
2026-01-17 16:00:00,0,0,0,0,0,9,8,18,0.0,0.0,0.0,0.0,0.0,351.0,355.0,444.0
2026-01-17 17:00:00,0,0,0,0,0,9,9,18,0.0,0.0,0.0,0.0,0.0,342.0,346.0,426.0
2026-01-17 18:00:00,0,0,0,0,0,8,8,16,0.0,0.0,0.0,0.0,0.0,334.0,338.0,410.0
2026-01-17 19:00:00,19,19,37,0,0,0,0,0,247.0,118.0,463.0,0.0,0.0,0.0,0.0,0.0
2026-01-17 20:00:00,19,19,38,0,0,0,0,0,228.0,500.0,425.0,0.0,0.0,0.0,0.0,0.0
2026-01-17 21:00:00,19,19,38,0,0,0,0,0,209.0,481.0,387.0,0.0,0.0,0.0,0.0,0.0
2026-01-17 22:00:00,20,20,40,0,0,0,0,0,189.0,461.0,347.0,0.0,0.0,0.0,0.0,0.0
2026-01-17 23:00:00,0,0,0,0,0,9,9,18,0.0,0.0,0.0,0.0,0.0,325.0,329.0,392.0
2026-01-18 00:00:00,0,0,0,0,0,8,8,16,0.0,0.0,0.0,0.0,0.0,317.0,321.0,376.0
2026-01-18 01:00:00,0,0,0,0,0,8,8,16,0.0,0.0,0.0,0.0,0.0,309.0,313.0,360.0
2026-01-18 02:00:00,0,0,0,0,0,8,8,16,0.0,0.0,0.0,0.0,0.0,301.0,305.0,344.0
2026-01-18 03:00:00,0,0,0,0,0,8,8,16,0.0,0.0,0.0,0.0,0.0,293.0,297.0,328.0
2026-01-18 04:00:00,18,18,35,0,0,0,0,0,171.0,443.0,312.0,0.0,0.0,0.0,0.0,0.0
2026-01-18 05:00:00,17,17,33,0,0,0,0,0,154.0,426.0,279.0,0.0,0.0,0.0,0.0,0.0
2026-01-18 06:00:00,0,0,0,0,0,8,8,16,0.0,0.0,0.0,0.0,0.0,285.0,289.0,312.0
2026-01-18 07:00:00,15,0,0,30,15,0,0,0,139.0,0.0,0.0,206.0,436.0,0.0,0.0,0.0
2026-01-18 08:00:00,16,0,0,32,16,0,0,0,123.0,0.0,0.0,174.0,420.0,0.0,0.0,0.0
2026-01-18 09:00:00,15,0,0,30,16,0,0,0,108.0,0.0,0.0,144.0,404.0,0.0,0.0,0.0
2026-01-18 10:00:00,15,0,0,30,15,0,0,0,500.0,0.0,0.0,114.0,389.0,0.0,0.0,0.0
2026-01-18 11:00:00,0,0,0,0,0,10,10,20,0.0,0.0,0.0,0.0,0.0,275.0,279.0,292.0
2026-01-18 12:00:00,14,0,0,28,14,0,0,0,486.0,0.0,0.0,500.0,375.0,0.0,0.0,0.0
2026-01-18 13:00:00,15,0,0,30,15,0,0,0,471.0,0.0,0.0,470.0,360.0,0.0,0.0,0.0
2026-01-18 14:00:00,16,0,0,32,16,0,0,0,455.0,0.0,0.0,438.0,344.0,0.0,0.0,0.0
2026-01-18 15:00:00,17,0,0,32,16,0,0,0,438.0,0.0,0.0,406.0,328.0,0.0,0.0,0.0
2026-01-18 16:00:00,16,0,0,32,16,0,0,0,422.0,0.0,0.0,374.0,312.0,0.0,0.0,0.0
2026-01-18 17:00:00,14,0,0,28,14,0,0,0,408.0,0.0,0.0,346.0,298.0,0.0,0.0,0.0
2026-01-18 18:00:00,20,21,40,0,0,0,0,0,388.0,405.0,239.0,0.0,0.0,0.0,0.0,0.0
2026-01-18 19:00:00,18,19,36,0,0,0,0,0,370.0,386.0,203.0,0.0,0.0,0.0,0.0,0.0
2026-01-18 20:00:00,18,18,36,0,0,0,0,0,352.0,368.0,167.0,0.0,0.0,0.0,0.0,0.0
2026-01-18 21:00:00,19,19,38,0,0,0,0,0,333.0,349.0,129.0,0.0,0.0,0.0,0.0,0.0
2026-01-18 22:00:00,0,0,0,0,0,9,9,18,0.0,0.0,0.0,0.0,0.0,266.0,270.0,274.0
2026-01-18 23:00:00,0,0,0,0,0,10,10,20,0.0,0.0,0.0,0.0,0.0,256.0,260.0,254.0
2026-01-19 00:00:00,0,0,0,0,0,8,8,17,0.0,0.0,0.0,0.0,0.0,248.0,252.0,237.0
2026-01-19 01:00:00,0,0,0,0,0,10,10,20,0.0,0.0,0.0,0.0,0.0,238.0,242.0,217.0
2026-01-19 02:00:00,0,0,0,0,0,11,11,22,0.0,0.0,0.0,0.0,0.0,227.0,231.0,195.0
2026-01-19 03:00:00,0,0,0,0,0,10,10,20,0.0,0.0,0.0,0.0,0.0,217.0,221.0,175.0
2026-01-19 04:00:00,0,0,0,0,0,9,9,18,0.0,0.0,0.0,0.0,0.0,208.0,212.0,157.0
2026-01-19 05:00:00,18,18,35,0,0,0,0,0,315.0,331.0,500.0,0.0,0.0,0.0,0.0,0.0
2026-01-19 06:00:00,18,18,36,0,0,0,0,0,297.0,313.0,464.0,0.0,0.0,0.0,0.0,0.0
2026-01-19 07:00:00,17,18,36,0,0,0,0,0,280.0,295.0,428.0,0.0,0.0,0.0,0.0,0.0
2026-01-19 08:00:00,18,19,39,0,0,0,0,0,262.0,276.0,389.0,0.0,0.0,0.0,0.0,0.0
2026-01-19 09:00:00,14,0,0,30,14,0,0,0,248.0,0.0,0.0,316.0,284.0,0.0,0.0,0.0
2026-01-19 10:00:00,0,0,0,0,0,11,11,22,0.0,0.0,0.0,0.0,0.0,197.0,201.0,135.0
2026-01-19 11:00:00,0,0,0,0,0,11,11,22,0.0,0.0,0.0,0.0,0.0,186.0,190.0,113.0
2026-01-19 12:00:00,0,0,0,0,0,11,11,22,0.0,0.0,0.0,0.0,0.0,175.0,179.0,500.0
2026-01-19 13:00:00,16,0,0,34,17,0,0,0,232.0,0.0,0.0,282.0,267.0,0.0,0.0,0.0
2026-01-19 14:00:00,17,0,0,36,19,0,0,0,215.0,0.0,0.0,246.0,248.0,0.0,0.0,0.0
2026-01-19 15:00:00,17,0,0,34,17,0,0,0,198.0,0.0,0.0,212.0,231.0,0.0,0.0,0.0
2026-01-19 16:00:00,17,0,0,34,17,0,0,0,181.0,0.0,0.0,178.0,214.0,0.0,0.0,0.0
2026-01-19 17:00:00,0,0,0,0,0,11,11,22,0.0,0.0,0.0,0.0,0.0,164.0,168.0,478.0
2026-01-19 18:00:00,21,21,42,0,0,0,0,0,160.0,255.0,347.0,0.0,0.0,0.0,0.0,0.0
2026-01-19 19:00:00,19,19,38,0,0,0,0,0,141.0,236.0,309.0,0.0,0.0,0.0,0.0,0.0
2026-01-19 20:00:00,13,0,0,25,13,0,0,0,128.0,0.0,0.0,153.0,201.0,0.0,0.0,0.0
2026-01-19 21:00:00,14,0,0,28,14,0,0,0,114.0,0.0,0.0,125.0,187.0,0.0,0.0,0.0
2026-01-19 22:00:00,15,0,0,30,15,0,0,0,500.0,0.0,0.0,500.0,172.0,0.0,0.0,0.0
2026-01-19 23:00:00,15,0,0,31,15,0,0,0,485.0,0.0,0.0,469.0,157.0,0.0,0.0,0.0
2026-01-20 00:00:00,0,0,0,0,0,9,9,17,0.0,0.0,0.0,0.0,0.0,155.0,159.0,461.0
2026-01-20 01:00:00,0,0,0,0,0,9,9,17,0.0,0.0,0.0,0.0,0.0,146.0,150.0,444.0
2026-01-20 02:00:00,14,0,0,28,14,0,0,0,471.0,0.0,0.0,441.0,143.0,0.0,0.0,0.0
2026-01-20 03:00:00,14,0,0,28,14,0,0,0,457.0,0.0,0.0,413.0,129.0,0.0,0.0,0.0
2026-01-20 04:00:00,19,19,37,0,0,0,0,0,438.0,217.0,272.0,0.0,0.0,0.0,0.0,0.0
2026-01-20 05:00:00,18,18,35,0,0,0,0,0,420.0,199.0,237.0,0.0,0.0,0.0,0.0,0.0
2026-01-20 06:00:00,18,17,34,0,0,0,0,0,402.0,182.0,203.0,0.0,0.0,0.0,0.0,0.0
2026-01-20 07:00:00,20,19,38,0,0,0,0,0,382.0,163.0,165.0,0.0,0.0,0.0,0.0,0.0
2026-01-20 08:00:00,15,0,0,28,14,0,0,0,367.0,0.0,0.0,385.0,115.0,0.0,0.0,0.0
2026-01-20 09:00:00,15,0,0,28,13,0,0,0,352.0,0.0,0.0,357.0,102.0,0.0,0.0,0.0
2026-01-20 10:00:00,15,0,0,30,15,0,0,0,337.0,0.0,0.0,327.0,500.0,0.0,0.0,0.0
2026-01-20 11:00:00,16,0,0,31,15,0,0,0,321.0,0.0,0.0,296.0,485.0,0.0,0.0,0.0
2026-01-20 12:00:00,15,0,0,28,14,0,0,0,306.0,0.0,0.0,268.0,471.0,0.0,0.0,0.0
2026-01-20 13:00:00,14,0,0,28,14,0,0,0,292.0,0.0,0.0,240.0,457.0,0.0,0.0,0.0
2026-01-20 14:00:00,14,0,0,28,14,0,0,0,278.0,0.0,0.0,212.0,443.0,0.0,0.0,0.0
2026-01-20 15:00:00,15,0,0,30,15,0,0,0,263.0,0.0,0.0,182.0,428.0,0.0,0.0,0.0
2026-01-20 16:00:00,14,0,0,28,14,0,0,0,249.0,0.0,0.0,154.0,414.0,0.0,0.0,0.0
2026-01-20 17:00:00,15,0,0,30,15,0,0,0,234.0,0.0,0.0,124.0,399.0,0.0,0.0,0.0
2026-01-20 18:00:00,15,0,0,30,15,0,0,0,219.0,0.0,0.0,500.0,384.0,0.0,0.0,0.0
2026-01-20 19:00:00,15,0,0,30,15,0,0,0,204.0,0.0,0.0,470.0,369.0,0.0,0.0,0.0
2026-01-20 20:00:00,15,0,0,30,15,0,0,0,189.0,0.0,0.0,440.0,354.0,0.0,0.0,0.0
2026-01-20 21:00:00,16,0,0,32,16,0,0,0,173.0,0.0,0.0,408.0,338.0,0.0,0.0,0.0
2026-01-20 22:00:00,0,0,0,0,0,11,11,22,0.0,0.0,0.0,0.0,0.0,135.0,139.0,422.0
2026-01-20 23:00:00,0,0,0,0,0,12,12,22,0.0,0.0,0.0,0.0,0.0,123.0,127.0,400.0
2026-01-21 00:00:00,0,0,0,0,0,10,10,20,0.0,0.0,0.0,0.0,0.0,113.0,117.0,380.0
2026-01-21 01:00:00,0,0,0,0,0,9,9,18,0.0,0.0,0.0,0.0,0.0,104.0,108.0,362.0
2026-01-21 02:00:00,18,18,36,0,0,0,0,0,155.0,145.0,129.0,0.0,0.0,0.0,0.0,0.0
2026-01-21 03:00:00,21,21,41,0,0,0,0,0,134.0,124.0,500.0,0.0,0.0,0.0,0.0,0.0
2026-01-21 04:00:00,0,0,0,0,0,10,9,18,0.0,0.0,0.0,0.0,0.0,500.0,500.0,344.0
2026-01-21 05:00:00,19,19,37,0,0,0,0,0,115.0,105.0,463.0,0.0,0.0,0.0,0.0,0.0
2026-01-21 06:00:00,14,0,0,30,15,0,0,0,101.0,0.0,0.0,378.0,323.0,0.0,0.0,0.0
2026-01-21 07:00:00,14,0,0,30,15,0,0,0,500.0,0.0,0.0,348.0,308.0,0.0,0.0,0.0
2026-01-21 08:00:00,17,0,0,34,17,0,0,0,483.0,0.0,0.0,314.0,291.0,0.0,0.0,0.0
2026-01-21 09:00:00,22,22,44,0,0,0,0,0,461.0,500.0,419.0,0.0,0.0,0.0,0.0,0.0
2026-01-21 10:00:00,22,22,45,0,0,0,0,0,439.0,478.0,374.0,0.0,0.0,0.0,0.0,0.0
2026-01-21 11:00:00,16,0,0,32,16,0,0,0,423.0,0.0,0.0,282.0,275.0,0.0,0.0,0.0
2026-01-21 12:00:00,17,0,0,34,17,0,0,0,406.0,0.0,0.0,248.0,258.0,0.0,0.0,0.0
2026-01-21 13:00:00,17,0,0,34,17,0,0,0,389.0,0.0,0.0,214.0,241.0,0.0,0.0,0.0
2026-01-21 14:00:00,0,0,0,0,0,12,12,22,0.0,0.0,0.0,0.0,0.0,488.0,488.0,322.0
2026-01-21 15:00:00,0,0,0,0,0,13,13,24,0.0,0.0,0.0,0.0,0.0,475.0,475.0,298.0
2026-01-21 16:00:00,21,21,42,0,0,0,0,0,368.0,457.0,332.0,0.0,0.0,0.0,0.0,0.0
2026-01-21 17:00:00,20,20,40,0,0,0,0,0,348.0,437.0,292.0,0.0,0.0,0.0,0.0,0.0
2026-01-21 18:00:00,20,21,42,0,0,0,0,0,328.0,416.0,250.0,0.0,0.0,0.0,0.0,0.0
2026-01-21 19:00:00,20,20,40,0,0,0,0,0,308.0,396.0,210.0,0.0,0.0,0.0,0.0,0.0
2026-01-21 20:00:00,19,19,38,0,0,0,0,0,289.0,377.0,172.0,0.0,0.0,0.0,0.0,0.0
2026-01-21 21:00:00,19,19,38,0,0,0,0,0,270.0,358.0,134.0,0.0,0.0,0.0,0.0,0.0
2026-01-21 22:00:00,19,19,37,0,0,0,0,0,251.0,339.0,500.0,0.0,0.0,0.0,0.0,0.0
2026-01-21 23:00:00,0,0,0,0,0,8,8,16,0.0,0.0,0.0,0.0,0.0,467.0,467.0,282.0
2026-01-22 00:00:00,0,0,0,0,0,8,8,16,0.0,0.0,0.0,0.0,0.0,459.0,459.0,266.0
2026-01-22 01:00:00,0,0,0,0,0,7,7,14,0.0,0.0,0.0,0.0,0.0,452.0,452.0,252.0
2026-01-22 02:00:00,0,0,0,0,0,7,7,14,0.0,0.0,0.0,0.0,0.0,445.0,445.0,238.0
2026-01-22 03:00:00,0,0,0,0,0,7,7,15,0.0,0.0,0.0,0.0,0.0,438.0,438.0,223.0
2026-01-22 04:00:00,16,17,31,0,0,0,0,0,235.0,322.0,469.0,0.0,0.0,0.0,0.0,0.0
2026-01-22 05:00:00,16,16,31,0,0,0,0,0,219.0,306.0,438.0,0.0,0.0,0.0,0.0,0.0
2026-01-22 06:00:00,18,19,37,0,0,0,0,0,201.0,287.0,401.0,0.0,0.0,0.0,0.0,0.0
2026-01-22 07:00:00,15,0,0,30,15,0,0,0,186.0,0.0,0.0,184.0,226.0,0.0,0.0,0.0
2026-01-22 08:00:00,21,21,42,0,0,0,0,0,165.0,266.0,359.0,0.0,0.0,0.0,0.0,0.0
2026-01-22 09:00:00,21,21,42,0,0,0,0,0,144.0,245.0,317.0,0.0,0.0,0.0,0.0,0.0
2026-01-22 10:00:00,16,0,0,32,16,0,0,0,128.0,0.0,0.0,152.0,210.0,0.0,0.0,0.0
2026-01-22 11:00:00,15,0,0,31,15,0,0,0,113.0,0.0,0.0,121.0,195.0,0.0,0.0,0.0
2026-01-22 12:00:00,14,0,0,28,14,0,0,0,500.0,0.0,0.0,500.0,181.0,0.0,0.0,0.0
2026-01-22 13:00:00,0,0,0,0,0,10,9,19,0.0,0.0,0.0,0.0,0.0,428.0,429.0,204.0
2026-01-22 14:00:00,0,0,0,0,0,11,10,20,0.0,0.0,0.0,0.0,0.0,417.0,419.0,184.0
2026-01-22 15:00:00,0,0,0,0,0,10,10,20,0.0,0.0,0.0,0.0,0.0,407.0,409.0,164.0
2026-01-22 16:00:00,20,20,40,0,0,0,0,0,480.0,225.0,277.0,0.0,0.0,0.0,0.0,0.0
2026-01-22 17:00:00,13,0,0,26,13,0,0,0,467.0,0.0,0.0,474.0,168.0,0.0,0.0,0.0
2026-01-22 18:00:00,0,0,0,0,0,8,8,16,0.0,0.0,0.0,0.0,0.0,399.0,401.0,148.0
2026-01-22 19:00:00,0,0,0,0,0,9,9,18,0.0,0.0,0.0,0.0,0.0,390.0,392.0,130.0
2026-01-22 20:00:00,14,0,0,28,14,0,0,0,453.0,0.0,0.0,446.0,154.0,0.0,0.0,0.0
2026-01-22 21:00:00,14,0,0,30,15,0,0,0,439.0,0.0,0.0,416.0,139.0,0.0,0.0,0.0
2026-01-22 22:00:00,14,0,0,28,14,0,0,0,425.0,0.0,0.0,388.0,125.0,0.0,0.0,0.0
2026-01-22 23:00:00,14,0,0,28,13,0,0,0,411.0,0.0,0.0,360.0,112.0,0.0,0.0,0.0
2026-01-23 00:00:00,0,0,0,0,0,9,9,18,0.0,0.0,0.0,0.0,0.0,381.0,383.0,112.0
2026-01-23 01:00:00,0,0,0,0,0,8,8,16,0.0,0.0,0.0,0.0,0.0,373.0,375.0,500.0
2026-01-23 02:00:00,0,0,0,0,0,8,8,15,0.0,0.0,0.0,0.0,0.0,365.0,367.0,485.0
2026-01-23 03:00:00,0,0,0,0,0,8,8,15,0.0,0.0,0.0,0.0,0.0,357.0,359.0,470.0
2026-01-23 04:00:00,19,19,37,0,0,0,0,0,392.0,206.0,240.0,0.0,0.0,0.0,0.0,0.0
2026-01-23 05:00:00,18,19,37,0,0,0,0,0,374.0,187.0,203.0,0.0,0.0,0.0,0.0,0.0
2026-01-23 06:00:00,19,19,37,0,0,0,0,0,355.0,168.0,166.0,0.0,0.0,0.0,0.0,0.0
2026-01-23 07:00:00,20,20,39,0,0,0,0,0,335.0,148.0,127.0,0.0,0.0,0.0,0.0,0.0
2026-01-23 08:00:00,20,20,40,0,0,0,0,0,315.0,128.0,500.0,0.0,0.0,0.0,0.0,0.0
2026-01-23 09:00:00,20,20,40,0,0,0,0,0,295.0,108.0,460.0,0.0,0.0,0.0,0.0,0.0
2026-01-23 10:00:00,22,21,42,0,0,0,0,0,273.0,500.0,418.0,0.0,0.0,0.0,0.0,0.0
2026-01-23 11:00:00,0,0,0,0,0,10,10,19,0.0,0.0,0.0,0.0,0.0,347.0,349.0,451.0
2026-01-23 12:00:00,16,0,0,32,15,0,0,0,257.0,0.0,0.0,328.0,500.0,0.0,0.0,0.0
2026-01-23 13:00:00,15,0,0,30,14,0,0,0,242.0,0.0,0.0,298.0,486.0,0.0,0.0,0.0
2026-01-23 14:00:00,15,0,0,30,15,0,0,0,227.0,0.0,0.0,268.0,471.0,0.0,0.0,0.0
2026-01-23 15:00:00,21,21,42,0,0,0,0,0,206.0,479.0,376.0,0.0,0.0,0.0,0.0,0.0
2026-01-23 16:00:00,0,0,0,0,0,12,12,24,0.0,0.0,0.0,0.0,0.0,335.0,337.0,427.0
2026-01-23 17:00:00,0,0,0,0,0,12,12,24,0.0,0.0,0.0,0.0,0.0,323.0,325.0,403.0
2026-01-23 18:00:00,0,0,0,0,0,11,11,21,0.0,0.0,0.0,0.0,0.0,312.0,314.0,382.0
2026-01-23 19:00:00,0,0,0,0,0,10,11,20,0.0,0.0,0.0,0.0,0.0,302.0,303.0,362.0
2026-01-23 20:00:00,0,0,0,0,0,12,12,24,0.0,0.0,0.0,0.0,0.0,290.0,291.0,338.0
2026-01-23 21:00:00,0,0,0,0,0,11,11,22,0.0,0.0,0.0,0.0,0.0,279.0,280.0,316.0
2026-01-23 22:00:00,14,0,0,27,13,0,0,0,192.0,0.0,0.0,241.0,458.0,0.0,0.0,0.0
2026-01-23 23:00:00,15,0,0,29,15,0,0,0,177.0,0.0,0.0,212.0,443.0,0.0,0.0,0.0
2026-01-24 00:00:00,14,0,0,28,14,0,0,0,163.0,0.0,0.0,184.0,429.0,0.0,0.0,0.0
2026-01-24 01:00:00,13,0,0,26,13,0,0,0,150.0,0.0,0.0,158.0,416.0,0.0,0.0,0.0
2026-01-24 02:00:00,12,0,0,24,12,0,0,0,138.0,0.0,0.0,134.0,404.0,0.0,0.0,0.0
2026-01-24 03:00:00,12,0,0,24,12,0,0,0,126.0,0.0,0.0,110.0,392.0,0.0,0.0,0.0
2026-01-24 04:00:00,12,0,0,24,12,0,0,0,114.0,0.0,0.0,500.0,380.0,0.0,0.0,0.0
2026-01-24 05:00:00,12,0,0,23,12,0,0,0,102.0,0.0,0.0,477.0,368.0,0.0,0.0,0.0
2026-01-24 06:00:00,13,0,0,25,14,0,0,0,500.0,0.0,0.0,452.0,354.0,0.0,0.0,0.0
2026-01-24 07:00:00,0,0,0,0,0,9,9,18,0.0,0.0,0.0,0.0,0.0,270.0,271.0,298.0
2026-01-24 08:00:00,0,0,0,0,0,11,10,20,0.0,0.0,0.0,0.0,0.0,259.0,261.0,278.0
2026-01-24 09:00:00,21,21,42,0,0,0,0,0,479.0,458.0,334.0,0.0,0.0,0.0,0.0,0.0
2026-01-24 10:00:00,21,20,40,0,0,0,0,0,458.0,438.0,294.0,0.0,0.0,0.0,0.0,0.0
2026-01-24 11:00:00,20,20,40,0,0,0,0,0,438.0,418.0,254.0,0.0,0.0,0.0,0.0,0.0
2026-01-24 12:00:00,19,19,38,0,0,0,0,0,419.0,399.0,216.0,0.0,0.0,0.0,0.0,0.0
2026-01-24 13:00:00,0,0,0,0,0,9,9,18,0.0,0.0,0.0,0.0,0.0,250.0,252.0,260.0
2026-01-24 14:00:00,16,0,0,32,16,0,0,0,403.0,0.0,0.0,420.0,338.0,0.0,0.0,0.0
2026-01-24 15:00:00,0,0,0,0,0,11,12,22,0.0,0.0,0.0,0.0,0.0,239.0,240.0,238.0
2026-01-24 16:00:00,15,0,0,29,16,0,0,0,388.0,0.0,0.0,391.0,322.0,0.0,0.0,0.0
2026-01-24 17:00:00,14,0,0,27,15,0,0,0,374.0,0.0,0.0,364.0,307.0,0.0,0.0,0.0
2026-01-24 18:00:00,19,18,38,0,0,0,0,0,355.0,381.0,178.0,0.0,0.0,0.0,0.0,0.0
2026-01-24 19:00:00,0,0,0,0,0,11,11,22,0.0,0.0,0.0,0.0,0.0,228.0,229.0,216.0
2026-01-24 20:00:00,16,0,0,31,17,0,0,0,339.0,0.0,0.0,333.0,290.0,0.0,0.0,0.0
2026-01-24 21:00:00,0,0,0,0,0,11,11,22,0.0,0.0,0.0,0.0,0.0,217.0,218.0,194.0
2026-01-24 22:00:00,21,20,42,0,0,0,0,0,318.0,361.0,136.0,0.0,0.0,0.0,0.0,0.0
2026-01-24 23:00:00,15,0,0,29,16,0,0,0,303.0,0.0,0.0,304.0,274.0,0.0,0.0,0.0
2026-01-25 00:00:00,0,0,0,0,0,8,8,16,0.0,0.0,0.0,0.0,0.0,209.0,210.0,178.0
2026-01-25 01:00:00,0,0,0,0,0,8,8,17,0.0,0.0,0.0,0.0,0.0,201.0,202.0,161.0
2026-01-25 02:00:00,0,0,0,0,0,9,10,19,0.0,0.0,0.0,0.0,0.0,192.0,192.0,142.0
2026-01-25 03:00:00,0,0,0,0,0,10,10,19,0.0,0.0,0.0,0.0,0.0,182.0,182.0,123.0
2026-01-25 04:00:00,0,0,0,0,0,10,10,20,0.0,0.0,0.0,0.0,0.0,172.0,172.0,103.0
2026-01-25 05:00:00,15,0,0,29,15,0,0,0,288.0,0.0,0.0,275.0,259.0,0.0,0.0,0.0
2026-01-25 06:00:00,14,0,0,27,14,0,0,0,274.0,0.0,0.0,248.0,245.0,0.0,0.0,0.0
2026-01-25 07:00:00,16,0,0,31,16,0,0,0,258.0,0.0,0.0,217.0,229.0,0.0,0.0,0.0
2026-01-25 08:00:00,20,20,40,0,0,0,0,0,238.0,341.0,500.0,0.0,0.0,0.0,0.0,0.0
2026-01-25 09:00:00,14,0,0,28,14,0,0,0,224.0,0.0,0.0,189.0,215.0,0.0,0.0,0.0
2026-01-25 10:00:00,15,0,0,30,15,0,0,0,209.0,0.0,0.0,159.0,200.0,0.0,0.0,0.0
2026-01-25 11:00:00,0,0,0,0,0,9,9,18,0.0,0.0,0.0,0.0,0.0,163.0,163.0,500.0
2026-01-25 12:00:00,0,0,0,0,0,8,8,15,0.0,0.0,0.0,0.0,0.0,155.0,155.0,485.0
2026-01-25 13:00:00,0,0,0,0,0,9,9,17,0.0,0.0,0.0,0.0,0.0,146.0,146.0,468.0
2026-01-25 14:00:00,20,20,41,0,0,0,0,0,189.0,321.0,459.0,0.0,0.0,0.0,0.0,0.0
2026-01-25 15:00:00,20,20,41,0,0,0,0,0,169.0,301.0,418.0,0.0,0.0,0.0,0.0,0.0
2026-01-25 16:00:00,13,0,0,26,13,0,0,0,156.0,0.0,0.0,133.0,187.0,0.0,0.0,0.0
2026-01-25 17:00:00,13,0,0,26,13,0,0,0,143.0,0.0,0.0,107.0,174.0,0.0,0.0,0.0
2026-01-25 18:00:00,13,0,0,27,13,0,0,0,130.0,0.0,0.0,500.0,161.0,0.0,0.0,0.0
2026-01-25 19:00:00,12,0,0,24,12,0,0,0,118.0,0.0,0.0,476.0,149.0,0.0,0.0,0.0
2026-01-25 20:00:00,14,0,0,28,14,0,0,0,104.0,0.0,0.0,448.0,135.0,0.0,0.0,0.0
2026-01-25 21:00:00,0,0,0,0,0,9,9,18,0.0,0.0,0.0,0.0,0.0,137.0,137.0,450.0
2026-01-25 22:00:00,15,0,0,28,14,0,0,0,500.0,0.0,0.0,420.0,121.0,0.0,0.0,0.0
2026-01-25 23:00:00,19,18,38,0,0,0,0,0,481.0,283.0,380.0,0.0,0.0,0.0,0.0,0.0
2026-01-26 00:00:00,19,18,38,0,0,0,0,0,462.0,265.0,342.0,0.0,0.0,0.0,0.0,0.0
2026-01-26 01:00:00,19,19,37,0,0,0,0,0,443.0,246.0,305.0,0.0,0.0,0.0,0.0,0.0
2026-01-26 02:00:00,19,19,37,0,0,0,0,0,424.0,227.0,268.0,0.0,0.0,0.0,0.0,0.0
2026-01-26 03:00:00,19,19,37,0,0,0,0,0,405.0,208.0,231.0,0.0,0.0,0.0,0.0,0.0
2026-01-26 04:00:00,18,17,35,0,0,0,0,0,387.0,191.0,196.0,0.0,0.0,0.0,0.0,0.0
2026-01-26 05:00:00,17,17,34,0,0,0,0,0,370.0,174.0,162.0,0.0,0.0,0.0,0.0,0.0
2026-01-26 06:00:00,21,21,42,0,0,0,0,0,349.0,153.0,120.0,0.0,0.0,0.0,0.0,0.0
2026-01-26 07:00:00,20,20,39,0,0,0,0,0,329.0,133.0,500.0,0.0,0.0,0.0,0.0,0.0
2026-01-26 08:00:00,21,21,42,0,0,0,0,0,308.0,112.0,458.0,0.0,0.0,0.0,0.0,0.0
2026-01-26 09:00:00,17,0,0,34,17,0,0,0,291.0,0.0,0.0,386.0,104.0,0.0,0.0,0.0
2026-01-26 10:00:00,17,0,0,34,17,0,0,0,274.0,0.0,0.0,352.0,500.0,0.0,0.0,0.0
2026-01-26 11:00:00,17,0,0,34,17,0,0,0,257.0,0.0,0.0,318.0,483.0,0.0,0.0,0.0
2026-01-26 12:00:00,20,20,41,0,0,0,0,0,237.0,500.0,417.0,0.0,0.0,0.0,0.0,0.0
2026-01-26 13:00:00,20,20,40,0,0,0,0,0,217.0,480.0,377.0,0.0,0.0,0.0,0.0,0.0
2026-01-26 14:00:00,20,20,40,0,0,0,0,0,197.0,460.0,337.0,0.0,0.0,0.0,0.0,0.0
2026-01-26 15:00:00,20,20,40,0,0,0,0,0,177.0,440.0,297.0,0.0,0.0,0.0,0.0,0.0
2026-01-26 16:00:00,21,21,42,0,0,0,0,0,156.0,419.0,255.0,0.0,0.0,0.0,0.0,0.0
2026-01-26 17:00:00,20,20,40,0,0,0,0,0,136.0,399.0,215.0,0.0,0.0,0.0,0.0,0.0
2026-01-26 18:00:00,21,20,40,0,0,0,0,0,115.0,379.0,175.0,0.0,0.0,0.0,0.0,0.0
2026-01-26 19:00:00,21,20,40,0,0,0,0,0,500.0,359.0,135.0,0.0,0.0,0.0,0.0,0.0
2026-01-26 20:00:00,21,20,40,0,0,0,0,0,479.0,339.0,500.0,0.0,0.0,0.0,0.0,0.0
2026-01-26 21:00:00,16,0,0,32,16,0,0,0,463.0,0.0,0.0,286.0,467.0,0.0,0.0,0.0
2026-01-26 22:00:00,23,23,46,0,0,0,0,0,440.0,316.0,454.0,0.0,0.0,0.0,0.0,0.0
2026-01-26 23:00:00,23,23,46,0,0,0,0,0,417.0,293.0,408.0,0.0,0.0,0.0,0.0,0.0
2026-01-27 00:00:00,20,21,42,0,0,0,0,0,397.0,272.0,366.0,0.0,0.0,0.0,0.0,0.0
2026-01-27 01:00:00,19,20,39,0,0,0,0,0,378.0,252.0,327.0,0.0,0.0,0.0,0.0,0.0
2026-01-27 02:00:00,19,19,40,0,0,0,0,0,359.0,233.0,287.0,0.0,0.0,0.0,0.0,0.0
2026-01-27 03:00:00,15,0,0,30,15,0,0,0,344.0,0.0,0.0,256.0,452.0,0.0,0.0,0.0
2026-01-27 04:00:00,14,0,0,27,14,0,0,0,330.0,0.0,0.0,229.0,438.0,0.0,0.0,0.0
2026-01-27 05:00:00,14,0,0,27,14,0,0,0,316.0,0.0,0.0,202.0,424.0,0.0,0.0,0.0
2026-01-27 06:00:00,16,0,0,31,16,0,0,0,300.0,0.0,0.0,171.0,408.0,0.0,0.0,0.0
2026-01-27 07:00:00,18,0,0,35,18,0,0,0,282.0,0.0,0.0,136.0,390.0,0.0,0.0,0.0
2026-01-27 08:00:00,19,0,0,38,19,0,0,0,263.0,0.0,0.0,500.0,371.0,0.0,0.0,0.0
2026-01-27 09:00:00,19,0,0,38,20,0,0,0,244.0,0.0,0.0,462.0,351.0,0.0,0.0,0.0
2026-01-27 10:00:00,0,0,0,0,0,14,15,28,0.0,0.0,0.0,0.0,0.0,123.0,122.0,422.0
2026-01-27 11:00:00,0,0,0,0,0,13,14,26,0.0,0.0,0.0,0.0,0.0,110.0,108.0,396.0
2026-01-27 12:00:00,17,0,0,34,18,0,0,0,227.0,0.0,0.0,428.0,333.0,0.0,0.0,0.0
2026-01-27 13:00:00,16,0,0,32,17,0,0,0,211.0,0.0,0.0,396.0,316.0,0.0,0.0,0.0
2026-01-27 14:00:00,17,0,0,34,17,0,0,0,194.0,0.0,0.0,362.0,299.0,0.0,0.0,0.0
2026-01-27 15:00:00,21,21,42,0,0,0,0,0,173.0,212.0,245.0,0.0,0.0,0.0,0.0,0.0
2026-01-27 16:00:00,22,22,44,0,0,0,0,0,151.0,190.0,201.0,0.0,0.0,0.0,0.0,0.0
2026-01-27 17:00:00,20,20,40,0,0,0,0,0,131.0,170.0,161.0,0.0,0.0,0.0,0.0,0.0
2026-01-27 18:00:00,15,0,0,30,15,0,0,0,116.0,0.0,0.0,332.0,284.0,0.0,0.0,0.0
2026-01-27 19:00:00,14,0,0,30,15,0,0,0,102.0,0.0,0.0,302.0,269.0,0.0,0.0,0.0
2026-01-27 20:00:00,0,0,0,0,0,11,11,22,0.0,0.0,0.0,0.0,0.0,500.0,500.0,374.0
2026-01-27 21:00:00,0,0,0,0,0,11,11,22,0.0,0.0,0.0,0.0,0.0,489.0,489.0,352.0
2026-01-27 22:00:00,0,0,0,0,0,10,10,20,0.0,0.0,0.0,0.0,0.0,479.0,479.0,332.0
2026-01-27 23:00:00,19,20,40,0,0,0,0,0,500.0,150.0,121.0,0.0,0.0,0.0,0.0,0.0
2026-01-28 00:00:00,19,20,40,0,0,0,0,0,481.0,130.0,500.0,0.0,0.0,0.0,0.0,0.0
2026-01-28 01:00:00,19,20,39,0,0,0,0,0,462.0,110.0,461.0,0.0,0.0,0.0,0.0,0.0
2026-01-28 02:00:00,19,18,37,0,0,0,0,0,443.0,500.0,424.0,0.0,0.0,0.0,0.0,0.0
2026-01-28 03:00:00,0,0,0,0,0,9,9,18,0.0,0.0,0.0,0.0,0.0,470.0,470.0,314.0
2026-01-28 04:00:00,0,0,0,0,0,10,9,21,0.0,0.0,0.0,0.0,0.0,460.0,461.0,293.0
2026-01-28 05:00:00,0,0,0,0,0,10,9,20,0.0,0.0,0.0,0.0,0.0,450.0,452.0,273.0
2026-01-28 06:00:00,0,0,0,0,0,11,11,23,0.0,0.0,0.0,0.0,0.0,439.0,441.0,250.0
2026-01-28 07:00:00,0,0,0,0,0,10,9,21,0.0,0.0,0.0,0.0,0.0,429.0,432.0,229.0
2026-01-28 08:00:00,0,0,0,0,0,11,10,22,0.0,0.0,0.0,0.0,0.0,418.0,422.0,207.0
2026-01-28 09:00:00,0,0,0,0,0,11,10,22,0.0,0.0,0.0,0.0,0.0,407.0,412.0,185.0
2026-01-28 10:00:00,0,0,0,0,0,10,9,20,0.0,0.0,0.0,0.0,0.0,397.0,403.0,165.0
2026-01-28 11:00:00,21,21,42,0,0,0,0,0,422.0,479.0,382.0,0.0,0.0,0.0,0.0,0.0
2026-01-28 12:00:00,16,0,0,33,16,0,0,0,406.0,0.0,0.0,269.0,253.0,0.0,0.0,0.0
2026-01-28 13:00:00,20,20,40,0,0,0,0,0,386.0,459.0,342.0,0.0,0.0,0.0,0.0,0.0
2026-01-28 14:00:00,0,0,0,0,0,9,9,19,0.0,0.0,0.0,0.0,0.0,388.0,394.0,146.0
2026-01-28 15:00:00,0,0,0,0,0,9,8,16,0.0,0.0,0.0,0.0,0.0,379.0,386.0,130.0
2026-01-28 16:00:00,0,0,0,0,0,10,10,20,0.0,0.0,0.0,0.0,0.0,369.0,376.0,110.0
2026-01-28 17:00:00,0,0,0,0,0,9,9,18,0.0,0.0,0.0,0.0,0.0,360.0,367.0,500.0
2026-01-28 18:00:00,18,18,36,0,0,0,0,0,368.0,441.0,306.0,0.0,0.0,0.0,0.0,0.0
2026-01-28 19:00:00,19,19,38,0,0,0,0,0,349.0,422.0,268.0,0.0,0.0,0.0,0.0,0.0
2026-01-28 20:00:00,14,0,0,28,14,0,0,0,335.0,0.0,0.0,241.0,239.0,0.0,0.0,0.0
2026-01-28 21:00:00,19,19,38,0,0,0,0,0,316.0,403.0,230.0,0.0,0.0,0.0,0.0,0.0
2026-01-28 22:00:00,19,19,38,0,0,0,0,0,297.0,384.0,192.0,0.0,0.0,0.0,0.0,0.0
2026-01-28 23:00:00,19,19,38,0,0,0,0,0,278.0,365.0,154.0,0.0,0.0,0.0,0.0,0.0
2026-01-29 00:00:00,17,18,36,0,0,0,0,0,261.0,347.0,118.0,0.0,0.0,0.0,0.0,0.0
2026-01-29 01:00:00,18,19,37,0,0,0,0,0,243.0,328.0,500.0,0.0,0.0,0.0,0.0,0.0
2026-01-29 02:00:00,19,20,40,0,0,0,0,0,224.0,308.0,460.0,0.0,0.0,0.0,0.0,0.0
2026-01-29 03:00:00,0,0,0,0,0,10,10,20,0.0,0.0,0.0,0.0,0.0,350.0,357.0,480.0
2026-01-29 04:00:00,0,0,0,0,0,7,7,14,0.0,0.0,0.0,0.0,0.0,343.0,350.0,466.0
2026-01-29 05:00:00,0,0,0,0,0,8,7,16,0.0,0.0,0.0,0.0,0.0,335.0,343.0,450.0
2026-01-29 06:00:00,0,0,0,0,0,8,8,16,0.0,0.0,0.0,0.0,0.0,327.0,335.0,434.0
2026-01-29 07:00:00,0,0,0,0,0,10,10,20,0.0,0.0,0.0,0.0,0.0,317.0,325.0,414.0
2026-01-29 08:00:00,0,0,0,0,0,10,10,20,0.0,0.0,0.0,0.0,0.0,307.0,315.0,394.0
2026-01-29 09:00:00,0,0,0,0,0,9,9,18,0.0,0.0,0.0,0.0,0.0,298.0,306.0,376.0
2026-01-29 10:00:00,0,0,0,0,0,9,9,18,0.0,0.0,0.0,0.0,0.0,289.0,297.0,358.0
2026-01-29 11:00:00,13,0,0,28,14,0,0,0,211.0,0.0,0.0,213.0,225.0,0.0,0.0,0.0
2026-01-29 12:00:00,14,0,0,29,14,0,0,0,197.0,0.0,0.0,184.0,211.0,0.0,0.0,0.0
2026-01-29 13:00:00,0,0,0,0,0,7,7,14,0.0,0.0,0.0,0.0,0.0,282.0,290.0,344.0
2026-01-29 14:00:00,18,18,36,0,0,0,0,0,179.0,290.0,424.0,0.0,0.0,0.0,0.0,0.0
2026-01-29 15:00:00,21,21,42,0,0,0,0,0,158.0,269.0,382.0,0.0,0.0,0.0,0.0,0.0
2026-01-29 16:00:00,21,20,42,0,0,0,0,0,137.0,249.0,340.0,0.0,0.0,0.0,0.0,0.0
2026-01-29 17:00:00,14,0,0,31,15,0,0,0,123.0,0.0,0.0,153.0,196.0,0.0,0.0,0.0
2026-01-29 18:00:00,0,0,0,0,0,10,10,20,0.0,0.0,0.0,0.0,0.0,272.0,280.0,324.0
2026-01-29 19:00:00,0,0,0,0,0,10,10,20,0.0,0.0,0.0,0.0,0.0,262.0,270.0,304.0
2026-01-29 20:00:00,0,0,0,0,0,10,10,20,0.0,0.0,0.0,0.0,0.0,252.0,260.0,284.0
2026-01-29 21:00:00,0,0,0,0,0,10,10,20,0.0,0.0,0.0,0.0,0.0,242.0,250.0,264.0
2026-01-29 22:00:00,0,0,0,0,0,8,8,16,0.0,0.0,0.0,0.0,0.0,234.0,242.0,248.0
2026-01-29 23:00:00,0,0,0,0,0,7,7,14,0.0,0.0,0.0,0.0,0.0,227.0,235.0,234.0
2026-01-30 00:00:00,0,0,0,0,0,7,7,14,0.0,0.0,0.0,0.0,0.0,220.0,228.0,220.0
2026-01-30 01:00:00,16,16,31,0,0,0,0,0,107.0,233.0,309.0,0.0,0.0,0.0,0.0,0.0
2026-01-30 02:00:00,18,17,35,0,0,0,0,0,500.0,216.0,274.0,0.0,0.0,0.0,0.0,0.0
2026-01-30 03:00:00,19,18,37,0,0,0,0,0,481.0,198.0,237.0,0.0,0.0,0.0,0.0,0.0
2026-01-30 04:00:00,17,17,33,0,0,0,0,0,464.0,181.0,204.0,0.0,0.0,0.0,0.0,0.0
2026-01-30 05:00:00,0,0,0,0,0,9,9,18,0.0,0.0,0.0,0.0,0.0,211.0,219.0,202.0
2026-01-30 06:00:00,0,0,0,0,0,10,9,19,0.0,0.0,0.0,0.0,0.0,201.0,210.0,183.0
2026-01-30 07:00:00,18,18,36,0,0,0,0,0,446.0,163.0,168.0,0.0,0.0,0.0,0.0,0.0
2026-01-30 08:00:00,18,18,36,0,0,0,0,0,428.0,145.0,132.0,0.0,0.0,0.0,0.0,0.0
2026-01-30 09:00:00,19,19,38,0,0,0,0,0,409.0,126.0,500.0,0.0,0.0,0.0,0.0,0.0
2026-01-30 10:00:00,20,19,39,0,0,0,0,0,389.0,107.0,461.0,0.0,0.0,0.0,0.0,0.0
2026-01-30 11:00:00,0,0,0,0,0,7,7,15,0.0,0.0,0.0,0.0,0.0,194.0,203.0,168.0
2026-01-30 12:00:00,17,17,34,0,0,0,0,0,372.0,500.0,427.0,0.0,0.0,0.0,0.0,0.0
2026-01-30 13:00:00,12,0,0,25,12,0,0,0,360.0,0.0,0.0,128.0,184.0,0.0,0.0,0.0
2026-01-30 14:00:00,14,0,0,29,14,0,0,0,346.0,0.0,0.0,500.0,170.0,0.0,0.0,0.0
2026-01-30 15:00:00,0,0,0,0,0,9,9,18,0.0,0.0,0.0,0.0,0.0,185.0,194.0,150.0
2026-01-30 16:00:00,0,0,0,0,0,10,10,20,0.0,0.0,0.0,0.0,0.0,175.0,184.0,130.0
2026-01-30 17:00:00,0,0,0,0,0,10,11,20,0.0,0.0,0.0,0.0,0.0,165.0,173.0,110.0
2026-01-30 18:00:00,16,0,0,31,15,0,0,0,330.0,0.0,0.0,469.0,155.0,0.0,0.0,0.0
2026-01-30 19:00:00,14,0,0,28,15,0,0,0,316.0,0.0,0.0,441.0,140.0,0.0,0.0,0.0
2026-01-30 20:00:00,15,0,0,30,16,0,0,0,301.0,0.0,0.0,411.0,124.0,0.0,0.0,0.0
2026-01-30 21:00:00,16,0,0,33,17,0,0,0,285.0,0.0,0.0,378.0,107.0,0.0,0.0,0.0
2026-01-30 22:00:00,16,0,0,32,16,0,0,0,269.0,0.0,0.0,346.0,500.0,0.0,0.0,0.0
2026-01-30 23:00:00,16,0,0,32,16,0,0,0,253.0,0.0,0.0,314.0,484.0,0.0,0.0,0.0
2026-01-31 00:00:00,0,0,0,0,0,10,10,20,0.0,0.0,0.0,0.0,0.0,155.0,163.0,500.0
2026-01-31 01:00:00,0,0,0,0,0,10,10,20,0.0,0.0,0.0,0.0,0.0,145.0,153.0,480.0
2026-01-31 02:00:00,19,19,38,0,0,0,0,0,234.0,481.0,389.0,0.0,0.0,0.0,0.0,0.0
2026-01-31 03:00:00,20,20,40,0,0,0,0,0,214.0,461.0,349.0,0.0,0.0,0.0,0.0,0.0
2026-01-31 04:00:00,19,19,38,0,0,0,0,0,195.0,442.0,311.0,0.0,0.0,0.0,0.0,0.0
2026-01-31 05:00:00,19,19,38,0,0,0,0,0,176.0,423.0,273.0,0.0,0.0,0.0,0.0,0.0
2026-01-31 06:00:00,18,18,36,0,0,0,0,0,158.0,405.0,237.0,0.0,0.0,0.0,0.0,0.0
2026-01-31 07:00:00,14,0,0,28,14,0,0,0,144.0,0.0,0.0,286.0,470.0,0.0,0.0,0.0
