timestamp,material_id,demand,base_demand,structured_bias
2026-01-01 08:00:00,M006,12,11,0.7372
2026-01-01 08:00:00,M007,11,11,-0.2706
2026-01-01 08:00:00,M008,22,22,0.1255
2026-01-01 09:00:00,M006,12,11,0.9825
2026-01-01 09:00:00,M007,11,11,-0.441
2026-01-01 09:00:00,M008,22,22,0.176
2026-01-01 10:00:00,M006,12,11,1.0661
2026-01-01 10:00:00,M007,11,11,-0.2418
2026-01-01 10:00:00,M008,22,22,0.2002
2026-01-01 11:00:00,M006,11,10,0.66
2026-01-01 11:00:00,M007,10,10,-0.0886
2026-01-01 11:00:00,M008,20,20,0.1435
2026-01-01 12:00:00,M006,10,10,0.4458
2026-01-01 12:00:00,M007,10,10,-0.4484
2026-01-01 12:00:00,M008,20,20,0.351
2026-01-01 13:00:00,M001,20,20,0.4168
2026-01-01 13:00:00,M002,20,20,0.1048
2026-01-01 13:00:00,M003,41,40,0.763
2026-01-01 14:00:00,M001,21,21,0.4054
2026-01-01 14:00:00,M002,21,21,0.1824
2026-01-01 14:00:00,M003,43,42,1.0343
2026-01-01 15:00:00,M001,23,23,0.2939
2026-01-01 15:00:00,M002,23,23,0.2764
2026-01-01 15:00:00,M003,46,46,0.4631
2026-01-01 16:00:00,M006,12,12,0.383
2026-01-01 16:00:00,M007,12,12,-0.3205
2026-01-01 16:00:00,M008,25,24,0.8999
2026-01-01 17:00:00,M006,11,11,0.3937
2026-01-01 17:00:00,M007,11,11,-0.4957
2026-01-01 17:00:00,M008,22,22,0.2405
2026-01-01 18:00:00,M006,11,10,0.554
2026-01-01 18:00:00,M007,10,10,-0.2818
2026-01-01 18:00:00,M008,20,20,-0.0762
2026-01-01 19:00:00,M006,9,9,-0.1316
2026-01-01 19:00:00,M007,9,9,-0.0968
2026-01-01 19:00:00,M008,18,18,0.1825
2026-01-01 20:00:00,M001,19,19,-0.2135
2026-01-01 20:00:00,M002,19,19,-0.2664
2026-01-01 20:00:00,M003,38,38,0.0
2026-01-01 21:00:00,M001,20,20,-0.2225
2026-01-01 21:00:00,M002,20,20,-0.3903
2026-01-01 21:00:00,M003,40,40,0.4432
2026-01-01 22:00:00,M001,19,19,-0.2856
2026-01-01 22:00:00,M002,18,19,-0.8896
2026-01-01 22:00:00,M003,38,38,0.0311
2026-01-01 23:00:00,M001,20,20,0.0051
2026-01-01 23:00:00,M002,19,20,-0.6765
2026-01-01 23:00:00,M003,40,40,-0.0919
2026-01-02 00:00:00,M001,19,19,-0.3942
2026-01-02 00:00:00,M002,18,19,-0.8633
2026-01-02 00:00:00,M003,38,38,-0.1034
2026-01-02 01:00:00,M001,19,19,-0.3169
2026-01-02 01:00:00,M002,18,19,-0.8551
2026-01-02 01:00:00,M003,38,38,-0.1629
2026-01-02 02:00:00,M001,17,18,-0.5277
2026-01-02 02:00:00,M002,17,18,-1.0636
2026-01-02 02:00:00,M003,36,36,-0.4851
2026-01-02 03:00:00,M001,19,19,-0.3273
2026-01-02 03:00:00,M002,18,19,-0.5856
2026-01-02 03:00:00,M003,38,38,-0.4639
2026-01-02 04:00:00,M001,21,21,-0.042
2026-01-02 04:00:00,M002,21,21,-0.1415
2026-01-02 04:00:00,M003,41,42,-0.5865
2026-01-02 05:00:00,M001,20,20,-0.1556
2026-01-02 05:00:00,M002,20,20,-0.4924
2026-01-02 05:00:00,M003,40,40,-0.345
2026-01-02 06:00:00,M001,20,20,-0.409
2026-01-02 06:00:00,M002,19,20,-0.7302
2026-01-02 06:00:00,M003,40,40,-0.4444
2026-01-02 07:00:00,M001,20,20,-0.3493
2026-01-02 07:00:00,M002,19,20,-0.5764
2026-01-02 07:00:00,M003,39,40,-0.5831
2026-01-02 08:00:00,M001,21,21,0.0578
2026-01-02 08:00:00,M002,21,21,-0.1043
2026-01-02 08:00:00,M003,42,42,-0.0709
2026-01-02 09:00:00,M001,22,22,0.0457
2026-01-02 09:00:00,M002,22,22,0.2476
2026-01-02 09:00:00,M003,44,44,-0.018
2026-01-02 10:00:00,M001,23,23,0.4251
2026-01-02 10:00:00,M002,23,23,-0.0354
2026-01-02 10:00:00,M003,46,46,-0.3277
2026-01-02 11:00:00,M001,23,23,0.3858
2026-01-02 11:00:00,M002,23,23,-0.0661
2026-01-02 11:00:00,M003,46,46,-0.1987
2026-01-02 12:00:00,M001,24,23,0.6503
2026-01-02 12:00:00,M002,23,23,-0.2613
2026-01-02 12:00:00,M003,46,46,-0.0797
2026-01-02 13:00:00,M001,24,23,0.7804
2026-01-02 13:00:00,M002,23,23,-0.3315
2026-01-02 13:00:00,M003,46,46,0.0094
2026-01-02 14:00:00,M006,11,11,0.1478
2026-01-02 14:00:00,M007,11,11,-0.1984
2026-01-02 14:00:00,M008,23,22,0.8219
2026-01-02 15:00:00,M006,11,11,0.1679
2026-01-02 15:00:00,M007,11,11,-0.392
2026-01-02 15:00:00,M008,23,22,0.7247
2026-01-02 16:00:00,M006,11,11,0.1394
2026-01-02 16:00:00,M007,10,11,-0.6023
2026-01-02 16:00:00,M008,22,22,0.223
2026-01-02 17:00:00,M001,21,20,0.7679
2026-01-02 17:00:00,M002,20,20,-0.0977
2026-01-02 17:00:00,M003,40,40,-0.1496
2026-01-02 18:00:00,M001,22,21,0.7598
2026-01-02 18:00:00,M002,21,21,-0.0421
2026-01-02 18:00:00,M003,42,42,-0.2265
2026-01-02 19:00:00,M006,12,11,0.5982
2026-01-02 19:00:00,M007,11,11,-0.2344
2026-01-02 19:00:00,M008,22,22,0.0946
2026-01-02 20:00:00,M006,12,12,0.2962
2026-01-02 20:00:00,M007,12,12,-0.2564
2026-01-02 20:00:00,M008,24,24,0.0308
2026-01-02 21:00:00,M006,12,12,0.0755
2026-01-02 21:00:00,M007,12,12,-0.3918
2026-01-02 21:00:00,M008,24,24,-0.4108
2026-01-02 22:00:00,M006,12,12,0.0573
2026-01-02 22:00:00,M007,12,12,-0.0427
2026-01-02 22:00:00,M008,24,24,0.0766
2026-01-02 23:00:00,M006,10,10,-0.1298
2026-01-02 23:00:00,M007,10,10,-0.2892
2026-01-02 23:00:00,M008,20,20,-0.172
2026-01-03 00:00:00,M001,16,15,0.7729
2026-01-03 00:00:00,M004,30,30,-0.3505
2026-01-03 00:00:00,M005,15,15,-0.2816
2026-01-03 01:00:00,M001,15,14,0.6358
2026-01-03 01:00:00,M004,28,28,-0.3299
2026-01-03 01:00:00,M005,14,14,-0.3451
2026-01-03 02:00:00,M001,16,15,0.6518
2026-01-03 02:00:00,M004,30,30,-0.1968
2026-01-03 02:00:00,M005,14,15,-0.5455
2026-01-03 03:00:00,M001,16,15,0.8959
2026-01-03 03:00:00,M004,30,30,-0.0515
2026-01-03 03:00:00,M005,14,15,-0.5579
2026-01-03 04:00:00,M001,16,15,0.5535
2026-01-03 04:00:00,M004,30,30,-0.1941
2026-01-03 04:00:00,M005,14,15,-0.8327
2026-01-03 05:00:00,M001,16,16,0.3784
2026-01-03 05:00:00,M004,32,32,-0.4713
2026-01-03 05:00:00,M005,15,16,-0.6174
2026-01-03 06:00:00,M001,17,17,0.2442
2026-01-03 06:00:00,M004,33,34,-0.5954
2026-01-03 06:00:00,M005,16,17,-0.6931
2026-01-03 07:00:00,M001,15,15,0.3652
2026-01-03 07:00:00,M004,30,30,-0.3636
2026-01-03 07:00:00,M005,15,15,-0.4009
2026-01-03 08:00:00,M001,16,16,0.2734
2026-01-03 08:00:00,M004,32,32,-0.0928
2026-01-03 08:00:00,M005,16,16,-0.259
2026-01-03 09:00:00,M006,10,10,0.3245
2026-01-03 09:00:00,M007,9,10,-0.5652
2026-01-03 09:00:00,M008,20,20,0.0744
2026-01-03 10:00:00,M006,10,10,0.3657
2026-01-03 10:00:00,M007,10,10,-0.4454
2026-01-03 10:00:00,M008,20,20,0.0545
2026-01-03 11:00:00,M006,11,11,-0.0564
2026-01-03 11:00:00,M007,11,11,0.4139
2026-01-03 11:00:00,M008,22,22,0.2074
2026-01-03 12:00:00,M006,11,11,-0.2684
2026-01-03 12:00:00,M007,11,11,-0.1471
2026-01-03 12:00:00,M008,22,22,0.3295
2026-01-03 13:00:00,M001,16,16,0.3868
2026-01-03 13:00:00,M004,32,32,0.0402
2026-01-03 13:00:00,M005,16,16,0.0013
2026-01-03 14:00:00,M001,17,17,0.4993
2026-01-03 14:00:00,M004,34,34,0.26
2026-01-03 14:00:00,M005,17,17,-0.3363
2026-01-03 15:00:00,M001,16,16,0.1761
2026-01-03 15:00:00,M004,33,32,0.5187
2026-01-03 15:00:00,M005,16,16,0.3193
2026-01-03 16:00:00,M001,16,16,0.0206
2026-01-03 16:00:00,M004,32,32,0.4912
2026-01-03 16:00:00,M005,17,16,0.8261
2026-01-03 17:00:00,M001,21,21,-0.0492
2026-01-03 17:00:00,M002,21,21,-0.0843
2026-01-03 17:00:00,M003,42,42,-0.0058
2026-01-03 18:00:00,M001,20,21,-0.6541
2026-01-03 18:00:00,M002,21,21,0.1942
2026-01-03 18:00:00,M003,42,42,0.2357
2026-01-03 19:00:00,M001,20,20,-0.483
2026-01-03 19:00:00,M002,20,20,0.3332
2026-01-03 19:00:00,M003,40,40,0.097
2026-01-03 20:00:00,M001,20,20,-0.2047
2026-01-03 20:00:00,M002,20,20,0.2998
2026-01-03 20:00:00,M003,40,40,0.4749
2026-01-03 21:00:00,M001,15,15,0.1259
2026-01-03 21:00:00,M004,30,30,0.4402
2026-01-03 21:00:00,M005,16,15,0.5214
2026-01-03 22:00:00,M001,16,16,0.0298
2026-01-03 22:00:00,M004,32,32,0.1278
2026-01-03 22:00:00,M005,16,16,0.3292
2026-01-03 23:00:00,M001,20,20,0.0549
2026-01-03 23:00:00,M002,20,20,0.1262
2026-01-03 23:00:00,M003,40,40,0.23
2026-01-04 00:00:00,M001,15,15,-0.0002
2026-01-04 00:00:00,M004,30,30,0.2912
2026-01-04 00:00:00,M005,15,15,-0.0782
2026-01-04 01:00:00,M006,9,9,-0.3189
2026-01-04 01:00:00,M007,9,9,-0.3976
2026-01-04 01:00:00,M008,18,18,0.4547
2026-01-04 02:00:00,M006,10,10,-0.3977
2026-01-04 02:00:00,M007,10,10,-0.3113
2026-01-04 02:00:00,M008,20,20,0.3347
2026-01-04 03:00:00,M006,9,10,-0.6791
2026-01-04 03:00:00,M007,9,10,-0.546
2026-01-04 03:00:00,M008,20,20,0.1013
2026-01-04 04:00:00,M006,10,10,-0.1769
2026-01-04 04:00:00,M007,9,10,-0.7995
2026-01-04 04:00:00,M008,20,20,-0.1794
2026-01-04 05:00:00,M006,9,10,-0.6936
2026-01-04 05:00:00,M007,10,10,-0.4634
2026-01-04 05:00:00,M008,20,20,-0.2677
2026-01-04 06:00:00,M001,19,19,-0.3127
2026-01-04 06:00:00,M002,19,19,0.2292
2026-01-04 06:00:00,M003,38,38,0.1861
2026-01-04 07:00:00,M001,19,20,-0.7772
2026-01-04 07:00:00,M002,20,20,0.3623
2026-01-04 07:00:00,M003,40,40,-0.0364
2026-01-04 08:00:00,M001,20,20,-0.1864
2026-01-04 08:00:00,M002,21,20,0.5067
2026-01-04 08:00:00,M003,40,40,-0.0845
2026-01-04 09:00:00,M001,20,20,-0.1471
2026-01-04 09:00:00,M002,21,20,1.0723
2026-01-04 09:00:00,M003,40,40,0.3154
2026-01-04 10:00:00,M001,20,21,-0.555
2026-01-04 10:00:00,M002,22,21,0.8539
2026-01-04 10:00:00,M003,42,42,0.1821
2026-01-04 11:00:00,M001,22,22,-0.0877
2026-01-04 11:00:00,M002,23,22,1.0674
2026-01-04 11:00:00,M003,45,44,0.6241
2026-01-04 12:00:00,M001,22,22,-0.1539
2026-01-04 12:00:00,M002,23,22,0.6041
2026-01-04 12:00:00,M003,44,44,0.3455
2026-01-04 13:00:00,M001,23,23,0.2574
2026-01-04 13:00:00,M002,23,23,0.1914
2026-01-04 13:00:00,M003,46,46,0.4097
2026-01-04 14:00:00,M001,17,17,0.281
2026-01-04 14:00:00,M004,34,34,0.3304
2026-01-04 14:00:00,M005,17,17,0.4193
2026-01-04 15:00:00,M001,16,16,-0.1336
2026-01-04 15:00:00,M004,32,32,0.1864
2026-01-04 15:00:00,M005,16,16,0.4933
2026-01-04 16:00:00,M001,17,17,-0.392
2026-01-04 16:00:00,M004,34,34,0.0952
2026-01-04 16:00:00,M005,17,17,0.4122
2026-01-04 17:00:00,M001,16,17,-0.5284
2026-01-04 17:00:00,M004,34,34,-0.3525
2026-01-04 17:00:00,M005,17,17,0.0715
2026-01-04 18:00:00,M006,11,11,-0.1483
2026-01-04 18:00:00,M007,11,11,0.0012
2026-01-04 18:00:00,M008,22,22,0.2218
2026-01-04 19:00:00,M001,14,15,-0.732
2026-01-04 19:00:00,M004,29,30,-0.7784
2026-01-04 19:00:00,M005,15,15,0.1288
2026-01-04 20:00:00,M001,14,15,-0.8101
2026-01-04 20:00:00,M004,29,30,-0.654
2026-01-04 20:00:00,M005,15,15,0.0632
2026-01-04 21:00:00,M001,14,15,-0.5135
2026-01-04 21:00:00,M004,29,30,-0.7324
2026-01-04 21:00:00,M005,15,15,-0.0947
2026-01-04 22:00:00,M001,15,15,0.0484
2026-01-04 22:00:00,M004,30,30,-0.4854
2026-01-04 22:00:00,M005,15,15,0.0313
2026-01-04 23:00:00,M001,16,16,-0.1265
2026-01-04 23:00:00,M004,32,32,-0.438
2026-01-04 23:00:00,M005,16,16,-0.354
2026-01-05 00:00:00,M001,15,15,0.2138
2026-01-05 00:00:00,M004,29,30,-0.875
2026-01-05 00:00:00,M005,15,15,-0.3595
2026-01-05 01:00:00,M001,14,14,0.0725
2026-01-05 01:00:00,M004,27,28,-0.64
2026-01-05 01:00:00,M005,14,14,0.1208
2026-01-05 02:00:00,M001,13,13,0.2753
2026-01-05 02:00:00,M004,26,26,-0.0862
2026-01-05 02:00:00,M005,13,13,0.0772
2026-01-05 03:00:00,M001,13,13,0.2299
2026-01-05 03:00:00,M004,26,26,-0.0693
2026-01-05 03:00:00,M005,13,13,0.2154
2026-01-05 04:00:00,M006,10,10,-0.3016
2026-01-05 04:00:00,M007,10,10,-0.0132
2026-01-05 04:00:00,M008,20,20,-0.2214
2026-01-05 05:00:00,M006,9,9,-0.4498
2026-01-05 05:00:00,M007,9,9,-0.0283
2026-01-05 05:00:00,M008,18,18,-0.2643
2026-01-05 06:00:00,M006,10,10,-0.0037
2026-01-05 06:00:00,M007,10,10,-0.2463
2026-01-05 06:00:00,M008,20,20,-0.2326
2026-01-05 07:00:00,M001,19,19,-0.0621
2026-01-05 07:00:00,M002,19,19,-0.3194
2026-01-05 07:00:00,M003,38,38,-0.1635
2026-01-05 08:00:00,M001,19,19,-0.0374
2026-01-05 08:00:00,M002,19,19,0.0334
2026-01-05 08:00:00,M003,38,38,0.1244
2026-01-05 09:00:00,M001,13,14,-0.5097
2026-01-05 09:00:00,M004,28,28,0.1893
2026-01-05 09:00:00,M005,15,14,0.6945
2026-01-05 10:00:00,M001,14,14,-0.39
2026-01-05 10:00:00,M004,29,28,0.531
2026-01-05 10:00:00,M005,15,14,0.5014
2026-01-05 11:00:00,M006,10,10,-0.1311
2026-01-05 11:00:00,M007,10,10,0.0914
2026-01-05 11:00:00,M008,21,20,0.5046
2026-01-05 12:00:00,M006,10,10,0.2528
2026-01-05 12:00:00,M007,10,10,0.0582
2026-01-05 12:00:00,M008,21,20,1.0385
2026-01-05 13:00:00,M001,20,20,-0.1173
2026-01-05 13:00:00,M002,21,20,0.5146
2026-01-05 13:00:00,M003,40,40,0.4462
2026-01-05 14:00:00,M001,20,20,-0.1157
2026-01-05 14:00:00,M002,21,20,0.5634
2026-01-05 14:00:00,M003,40,40,0.0554
2026-01-05 15:00:00,M006,9,9,0.0992
2026-01-05 15:00:00,M007,9,9,-0.0635
2026-01-05 15:00:00,M008,19,18,1.0646
2026-01-05 16:00:00,M006,9,9,-0.0473
2026-01-05 16:00:00,M007,9,9,-0.1909
2026-01-05 16:00:00,M008,19,18,0.5131
2026-01-05 17:00:00,M006,8,8,0.1053
2026-01-05 17:00:00,M007,8,8,-0.2605
2026-01-05 17:00:00,M008,16,16,0.4312
2026-01-05 18:00:00,M001,19,19,-0.2695
2026-01-05 18:00:00,M002,19,19,0.1443
2026-01-05 18:00:00,M003,38,38,-0.1091
2026-01-05 19:00:00,M006,9,9,0.4388
2026-01-05 19:00:00,M007,9,9,-0.2528
2026-01-05 19:00:00,M008,18,18,0.2979
2026-01-05 20:00:00,M006,11,10,0.5766
2026-01-05 20:00:00,M007,10,10,-0.2356
2026-01-05 20:00:00,M008,20,20,0.1303
2026-01-05 21:00:00,M006,13,12,0.5207
2026-01-05 21:00:00,M007,12,12,-0.0856
2026-01-05 21:00:00,M008,24,24,0.0777
2026-01-05 22:00:00,M006,12,12,0.3284
2026-01-05 22:00:00,M007,12,12,0.0289
2026-01-05 22:00:00,M008,24,24,-0.0757
2026-01-05 23:00:00,M006,11,11,0.1666
2026-01-05 23:00:00,M007,11,11,0.0047
2026-01-05 23:00:00,M008,22,22,0.0569
2026-01-06 00:00:00,M006,12,12,0.1901
2026-01-06 00:00:00,M007,12,12,-0.3482
2026-01-06 00:00:00,M008,24,24,-0.2003
2026-01-06 01:00:00,M006,11,11,-0.4347
2026-01-06 01:00:00,M007,10,11,-0.7571
2026-01-06 01:00:00,M008,22,22,-0.3681
2026-01-06 02:00:00,M001,15,15,-0.3735
2026-01-06 02:00:00,M004,30,30,-0.069
2026-01-06 02:00:00,M005,16,15,0.5889
2026-01-06 03:00:00,M001,14,15,-0.5063
2026-01-06 03:00:00,M004,31,30,0.5474
2026-01-06 03:00:00,M005,16,15,0.5838
2026-01-06 04:00:00,M001,13,13,-0.3997
2026-01-06 04:00:00,M004,26,26,0.2974
2026-01-06 04:00:00,M005,13,13,0.3503
2026-01-06 05:00:00,M001,19,19,-0.4652
2026-01-06 05:00:00,M002,19,19,0.3262
2026-01-06 05:00:00,M003,37,38,-0.8163
2026-01-06 06:00:00,M006,10,10,0.0208
2026-01-06 06:00:00,M007,9,10,-0.6724
2026-01-06 06:00:00,M008,20,20,-0.173
2026-01-06 07:00:00,M001,20,20,-0.0005
2026-01-06 07:00:00,M002,20,20,0.4475
2026-01-06 07:00:00,M003,40,40,-0.1466
2026-01-06 08:00:00,M001,21,21,0.4235
2026-01-06 08:00:00,M002,21,21,0.4518
2026-01-06 08:00:00,M003,43,42,0.9027
2026-01-06 09:00:00,M001,22,21,0.5653
2026-01-06 09:00:00,M002,21,21,0.2898
2026-01-06 09:00:00,M003,42,42,0.4225
2026-01-06 10:00:00,M006,11,11,-0.06
2026-01-06 10:00:00,M007,11,11,-0.1062
2026-01-06 10:00:00,M008,22,22,0.3235
2026-01-06 11:00:00,M001,15,15,0.2126
2026-01-06 11:00:00,M004,31,30,0.6755
2026-01-06 11:00:00,M005,15,15,0.3703
2026-01-06 12:00:00,M001,16,16,0.2476
2026-01-06 12:00:00,M004,32,32,0.4985
2026-01-06 12:00:00,M005,17,16,0.5453
2026-01-06 13:00:00,M006,11,11,-0.0804
2026-01-06 13:00:00,M007,10,11,-0.5366
2026-01-06 13:00:00,M008,23,22,0.5889
2026-01-06 14:00:00,M006,12,12,0.0541
2026-01-06 14:00:00,M007,12,12,-0.3041
2026-01-06 14:00:00,M008,24,24,0.368
2026-01-06 15:00:00,M006,10,10,0.209
2026-01-06 15:00:00,M007,9,10,-0.5588
2026-01-06 15:00:00,M008,20,20,0.3984
2026-01-06 16:00:00,M001,20,20,0.3722
2026-01-06 16:00:00,M002,20,20,-0.1735
2026-01-06 16:00:00,M003,40,40,0.4311
2026-01-06 17:00:00,M001,21,21,0.0879
2026-01-06 17:00:00,M002,21,21,-0.2934
2026-01-06 17:00:00,M003,42,42,0.0163
2026-01-06 18:00:00,M001,15,15,0.3153
2026-01-06 18:00:00,M004,30,30,0.3434
2026-01-06 18:00:00,M005,16,15,0.5498
2026-01-06 19:00:00,M006,10,9,0.6087
2026-01-06 19:00:00,M007,9,9,-0.4161
2026-01-06 19:00:00,M008,19,18,0.5593
2026-01-06 20:00:00,M006,9,9,0.1167
2026-01-06 20:00:00,M007,9,9,-0.1412
2026-01-06 20:00:00,M008,19,18,0.5001
2026-01-06 21:00:00,M006,10,10,0.2711
2026-01-06 21:00:00,M007,10,10,0.1752
2026-01-06 21:00:00,M008,20,20,0.4454
2026-01-06 22:00:00,M006,9,9,0.1046
2026-01-06 22:00:00,M007,9,9,0.2444
2026-01-06 22:00:00,M008,18,18,0.3295
2026-01-06 23:00:00,M006,9,9,-0.0187
2026-01-06 23:00:00,M007,10,9,0.5276
2026-01-06 23:00:00,M008,18,18,0.2471
2026-01-07 00:00:00,M006,9,9,-0.3397
2026-01-07 00:00:00,M007,9,9,0.2443
2026-01-07 00:00:00,M008,18,18,-0.2548
2026-01-07 01:00:00,M006,8,8,-0.47
2026-01-07 01:00:00,M007,8,8,0.4505
2026-01-07 01:00:00,M008,15,16,-0.5755
2026-01-07 02:00:00,M006,8,8,0.0038
2026-01-07 02:00:00,M007,8,8,0.2854
2026-01-07 02:00:00,M008,15,16,-0.6552
2026-01-07 03:00:00,M006,9,9,0.0109
2026-01-07 03:00:00,M007,9,9,0.0091
2026-01-07 03:00:00,M008,17,18,-0.8547
2026-01-07 04:00:00,M006,8,9,-0.7222
2026-01-07 04:00:00,M007,9,9,0.1038
2026-01-07 04:00:00,M008,17,18,-0.688
2026-01-07 05:00:00,M006,8,9,-0.7152
2026-01-07 05:00:00,M007,9,9,-0.3738
2026-01-07 05:00:00,M008,18,18,-0.2855
2026-01-07 06:00:00,M001,19,19,-0.1795
2026-01-07 06:00:00,M002,19,19,-0.4833
2026-01-07 06:00:00,M003,38,38,-0.379
2026-01-07 07:00:00,M001,19,19,-0.3535
2026-01-07 07:00:00,M002,19,19,-0.4513
2026-01-07 07:00:00,M003,38,38,-0.145
2026-01-07 08:00:00,M006,10,10,-0.0752
2026-01-07 08:00:00,M007,10,10,0.156
2026-01-07 08:00:00,M008,20,20,-0.1991
2026-01-07 09:00:00,M006,10,10,0.1246
2026-01-07 09:00:00,M007,10,10,0.1083
2026-01-07 09:00:00,M008,20,20,-0.4116
2026-01-07 10:00:00,M001,21,21,0.0109
2026-01-07 10:00:00,M002,21,21,-0.3791
2026-01-07 10:00:00,M003,43,42,0.5247
2026-01-07 11:00:00,M001,20,20,0.0196
2026-01-07 11:00:00,M002,20,20,-0.3613
2026-01-07 11:00:00,M003,41,40,0.9202
2026-01-07 12:00:00,M006,9,9,-0.4464
2026-01-07 12:00:00,M007,9,9,-0.1564
2026-01-07 12:00:00,M008,18,18,-0.1365
2026-01-07 13:00:00,M006,9,9,-0.3648
2026-01-07 13:00:00,M007,9,9,-0.133
2026-01-07 13:00:00,M008,18,18,-0.1043
2026-01-07 14:00:00,M001,14,14,-0.0984
2026-01-07 14:00:00,M004,28,28,0.3699
2026-01-07 14:00:00,M005,15,14,0.9278
2026-01-07 15:00:00,M001,14,14,0.0183
2026-01-07 15:00:00,M004,28,28,0.4479
2026-01-07 15:00:00,M005,15,14,0.695
2026-01-07 16:00:00,M006,7,7,-0.452
2026-01-07 16:00:00,M007,7,7,-0.0593
2026-01-07 16:00:00,M008,14,14,-0.0024
2026-01-07 17:00:00,M006,7,7,-0.3426
2026-01-07 17:00:00,M007,7,7,-0.1986
2026-01-07 17:00:00,M008,14,14,-0.0164
2026-01-07 18:00:00,M006,7,8,-0.6692
2026-01-07 18:00:00,M007,8,8,-0.1225
2026-01-07 18:00:00,M008,16,16,-0.2891
2026-01-07 19:00:00,M006,10,10,0.0249
2026-01-07 19:00:00,M007,10,10,-0.3036
2026-01-07 19:00:00,M008,20,20,-0.1895
2026-01-07 20:00:00,M006,10,10,-0.026
2026-01-07 20:00:00,M007,10,10,-0.3889
2026-01-07 20:00:00,M008,20,20,-0.1028
2026-01-07 21:00:00,M006,11,11,-0.2826
2026-01-07 21:00:00,M007,11,11,-0.1883
2026-01-07 21:00:00,M008,22,22,0.1771
2026-01-07 22:00:00,M006,11,11,-0.1116
2026-01-07 22:00:00,M007,10,11,-0.876
2026-01-07 22:00:00,M008,22,22,0.1904
2026-01-07 23:00:00,M001,20,20,-0.031
2026-01-07 23:00:00,M002,20,20,-0.1935
2026-01-07 23:00:00,M003,40,40,0.17
2026-01-08 00:00:00,M001,20,20,-0.336
2026-01-08 00:00:00,M002,20,20,-0.3702
2026-01-08 00:00:00,M003,40,40,-0.0735
2026-01-08 01:00:00,M001,18,19,-0.5316
2026-01-08 01:00:00,M002,19,19,-0.1838
2026-01-08 01:00:00,M003,38,38,-0.1452
2026-01-08 02:00:00,M001,18,18,-0.3654
2026-01-08 02:00:00,M002,18,18,-0.1792
2026-01-08 02:00:00,M003,36,36,-0.077
2026-01-08 03:00:00,M001,19,19,-0.1807
2026-01-08 03:00:00,M002,19,19,-0.1138
2026-01-08 03:00:00,M003,38,38,-0.097
2026-01-08 04:00:00,M001,19,19,-0.2529
2026-01-08 04:00:00,M002,19,19,-0.1831
2026-01-08 04:00:00,M003,38,38,0.0334
2026-01-08 05:00:00,M001,20,20,0.3092
2026-01-08 05:00:00,M002,19,20,-0.5619
2026-01-08 05:00:00,M003,40,40,-0.239
2026-01-08 06:00:00,M006,11,11,-0.1271
2026-01-08 06:00:00,M007,11,11,-0.1896
2026-01-08 06:00:00,M008,22,22,-0.1565
2026-01-08 07:00:00,M006,11,11,-0.0792
2026-01-08 07:00:00,M007,11,11,0.0963
2026-01-08 07:00:00,M008,22,22,-0.2428
2026-01-08 08:00:00,M006,10,10,0.086
2026-01-08 08:00:00,M007,10,10,0.1503
2026-01-08 08:00:00,M008,20,20,0.2967
2026-01-08 09:00:00,M001,21,21,0.2939
2026-01-08 09:00:00,M002,21,21,-0.0386
2026-01-08 09:00:00,M003,42,42,0.0956
2026-01-08 10:00:00,M001,14,14,0.2346
2026-01-08 10:00:00,M004,28,28,0.2438
2026-01-08 10:00:00,M005,14,14,0.4731
2026-01-08 11:00:00,M001,20,20,0.1714
2026-01-08 11:00:00,M002,20,20,-0.3936
2026-01-08 11:00:00,M003,40,40,0.0092
2026-01-08 12:00:00,M001,20,20,0.2524
2026-01-08 12:00:00,M002,20,20,-0.3362
2026-01-08 12:00:00,M003,40,40,-0.083
2026-01-08 13:00:00,M001,20,20,-0.186
2026-01-08 13:00:00,M002,20,20,-0.4282
2026-01-08 13:00:00,M003,40,40,0.0115
2026-01-08 14:00:00,M001,15,15,0.1364
2026-01-08 14:00:00,M004,31,30,0.5637
2026-01-08 14:00:00,M005,15,15,0.355
2026-01-08 15:00:00,M006,9,9,0.3142
2026-01-08 15:00:00,M007,9,9,-0.3149
2026-01-08 15:00:00,M008,18,18,0.3622
2026-01-08 16:00:00,M006,9,9,0.3097
2026-01-08 16:00:00,M007,9,9,-0.2502
2026-01-08 16:00:00,M008,18,18,-0.3777
2026-01-08 17:00:00,M006,9,9,0.1388
2026-01-08 17:00:00,M007,9,9,0.0039
2026-01-08 17:00:00,M008,18,18,-0.096
2026-01-08 18:00:00,M006,10,9,0.5724
2026-01-08 18:00:00,M007,9,9,-0.1042
2026-01-08 18:00:00,M008,18,18,0.361
2026-01-08 19:00:00,M006,11,11,0.1798
2026-01-08 19:00:00,M007,11,11,-0.1822
2026-01-08 19:00:00,M008,22,22,0.0776
2026-01-08 20:00:00,M006,10,10,0.0593
2026-01-08 20:00:00,M007,10,10,-0.3565
2026-01-08 20:00:00,M008,20,20,0.1713
2026-01-08 21:00:00,M006,9,9,-0.2402
2026-01-08 21:00:00,M007,9,9,-0.085
2026-01-08 21:00:00,M008,18,18,-0.1915
2026-01-08 22:00:00,M006,9,9,-0.2474
2026-01-08 22:00:00,M007,9,9,-0.0268
2026-01-08 22:00:00,M008,18,18,0.0374
2026-01-08 23:00:00,M006,8,8,0.0808
2026-01-08 23:00:00,M007,8,8,0.2768
2026-01-08 23:00:00,M008,16,16,-0.3257
2026-01-09 00:00:00,M006,8,8,-0.0774
2026-01-09 00:00:00,M007,8,8,0.1501
2026-01-09 00:00:00,M008,16,16,-0.1646
2026-01-09 01:00:00,M006,8,8,0.2338
2026-01-09 01:00:00,M007,8,8,0.2013
2026-01-09 01:00:00,M008,16,16,-0.3048
2026-01-09 02:00:00,M006,9,9,-0.1153
2026-01-09 02:00:00,M007,9,9,0.4293
2026-01-09 02:00:00,M008,18,18,-0.0048
2026-01-09 03:00:00,M001,13,14,-0.6084
2026-01-09 03:00:00,M004,28,28,-0.3603
2026-01-09 03:00:00,M005,14,14,-0.2163
2026-01-09 04:00:00,M001,13,14,-0.5567
2026-01-09 04:00:00,M004,28,28,-0.0961
2026-01-09 04:00:00,M005,14,14,0.0459
2026-01-09 05:00:00,M006,9,9,-0.083
2026-01-09 05:00:00,M007,9,9,0.2482
2026-01-09 05:00:00,M008,18,18,0.3971
2026-01-09 06:00:00,M001,18,19,-0.6834
2026-01-09 06:00:00,M002,19,19,-0.0839
2026-01-09 06:00:00,M003,38,38,0.3036
2026-01-09 07:00:00,M001,19,20,-0.5631
2026-01-09 07:00:00,M002,19,20,-0.5804
2026-01-09 07:00:00,M003,40,40,0.0943
2026-01-09 08:00:00,M001,20,20,-0.0567
2026-01-09 08:00:00,M002,20,20,0.1178
2026-01-09 08:00:00,M003,40,40,0.4901
2026-01-09 09:00:00,M006,9,9,0.0575
2026-01-09 09:00:00,M007,9,9,0.0829
2026-01-09 09:00:00,M008,19,18,0.6866
2026-01-09 10:00:00,M001,19,19,0.2424
2026-01-09 10:00:00,M002,19,19,0.2488
2026-01-09 10:00:00,M003,39,38,0.71
2026-01-09 11:00:00,M001,21,20,0.6676
2026-01-09 11:00:00,M002,20,20,0.1412
2026-01-09 11:00:00,M003,40,40,0.4572
2026-01-09 12:00:00,M001,19,19,0.4401
2026-01-09 12:00:00,M002,19,19,0.1859
2026-01-09 12:00:00,M003,38,38,0.0598
2026-01-09 13:00:00,M001,20,20,0.0902
2026-01-09 13:00:00,M002,20,20,0.2322
2026-01-09 13:00:00,M003,40,40,0.1429
2026-01-09 14:00:00,M001,20,20,0.0256
2026-01-09 14:00:00,M002,20,20,0.3536
2026-01-09 14:00:00,M003,41,40,0.8112
2026-01-09 15:00:00,M001,21,21,0.379
2026-01-09 15:00:00,M002,21,21,0.2234
2026-01-09 15:00:00,M003,43,42,0.763
2026-01-09 16:00:00,M001,20,20,0.4282
2026-01-09 16:00:00,M002,20,20,0.1452
2026-01-09 16:00:00,M003,40,40,0.3515
2026-01-09 17:00:00,M001,20,20,0.246
2026-01-09 17:00:00,M002,20,20,0.1419
2026-01-09 17:00:00,M003,40,40,0.4853
2026-01-09 18:00:00,M001,19,19,-0.0653
2026-01-09 18:00:00,M002,19,19,0.0266
2026-01-09 18:00:00,M003,38,38,-0.1473
2026-01-09 19:00:00,M001,15,15,0.084
2026-01-09 19:00:00,M004,30,30,0.1466
2026-01-09 19:00:00,M005,15,15,0.0172
2026-01-09 20:00:00,M001,15,15,-0.1034
2026-01-09 20:00:00,M004,30,30,0.3837
2026-01-09 20:00:00,M005,15,15,-0.0713
2026-01-09 21:00:00,M001,16,15,0.5409
2026-01-09 21:00:00,M004,30,30,0.1946
2026-01-09 21:00:00,M005,15,15,-0.0894
2026-01-09 22:00:00,M001,15,14,0.502
2026-01-09 22:00:00,M004,28,28,0.321
2026-01-09 22:00:00,M005,14,14,0.0139
2026-01-09 23:00:00,M001,20,20,0.4926
2026-01-09 23:00:00,M002,20,20,-0.0571
2026-01-09 23:00:00,M003,40,40,-0.2041
2026-01-10 00:00:00,M001,19,19,-0.262
2026-01-10 00:00:00,M002,18,19,-0.7308
2026-01-10 00:00:00,M003,38,38,-0.3383
2026-01-10 01:00:00,M001,18,18,-0.1582
2026-01-10 01:00:00,M002,18,18,-0.4763
2026-01-10 01:00:00,M003,36,36,-0.18
2026-01-10 02:00:00,M006,8,8,-0.2792
2026-01-10 02:00:00,M007,8,8,-0.2103
2026-01-10 02:00:00,M008,16,16,-0.073
2026-01-10 03:00:00,M001,12,12,-0.3548
2026-01-10 03:00:00,M004,24,24,-0.4633
2026-01-10 03:00:00,M005,12,12,-0.3857
2026-01-10 04:00:00,M001,12,12,-0.4696
2026-01-10 04:00:00,M004,23,24,-0.7673
2026-01-10 04:00:00,M005,12,12,-0.3041
2026-01-10 05:00:00,M006,7,8,-0.5428
2026-01-10 05:00:00,M007,8,8,-0.0153
2026-01-10 05:00:00,M008,16,16,-0.2891
2026-01-10 06:00:00,M006,7,7,-0.39
2026-01-10 06:00:00,M007,7,7,0.0786
2026-01-10 06:00:00,M008,14,14,-0.2649
2026-01-10 07:00:00,M001,16,17,-0.5986
2026-01-10 07:00:00,M002,16,17,-0.7979
2026-01-10 07:00:00,M003,34,34,-0.3277
2026-01-10 08:00:00,M006,9,9,-0.4111
2026-01-10 08:00:00,M007,9,9,0.156
2026-01-10 08:00:00,M008,18,18,0.3729
2026-01-10 09:00:00,M001,15,15,0.1576
2026-01-10 09:00:00,M004,30,30,-0.0678
2026-01-10 09:00:00,M005,15,15,0.0452
2026-01-10 10:00:00,M001,15,15,0.3975
2026-01-10 10:00:00,M004,30,30,-0.1203
2026-01-10 10:00:00,M005,15,15,-0.3319
2026-01-10 11:00:00,M001,14,14,0.2946
2026-01-10 11:00:00,M004,28,28,-0.3924
2026-01-10 11:00:00,M005,13,14,-0.5569
2026-01-10 12:00:00,M001,14,14,-0.0226
2026-01-10 12:00:00,M004,28,28,-0.2477
2026-01-10 12:00:00,M005,14,14,-0.0003
2026-01-10 13:00:00,M001,15,15,0.0825
2026-01-10 13:00:00,M004,30,30,-0.2312
2026-01-10 13:00:00,M005,15,15,-0.2726
2026-01-10 14:00:00,M001,16,16,-0.0821
2026-01-10 14:00:00,M004,32,32,-0.1813
2026-01-10 14:00:00,M005,16,16,-0.3818
2026-01-10 15:00:00,M001,22,22,0.0754
2026-01-10 15:00:00,M002,22,22,-0.445
2026-01-10 15:00:00,M003,44,44,0.2249
2026-01-10 16:00:00,M001,22,21,0.6447
2026-01-10 16:00:00,M002,21,21,-0.2293
2026-01-10 16:00:00,M003,42,42,0.1666
2026-01-10 17:00:00,M001,21,21,0.225
2026-01-10 17:00:00,M002,21,21,0.0658
2026-01-10 17:00:00,M003,42,42,-0.2484
2026-01-10 18:00:00,M001,19,19,-0.2525
2026-01-10 18:00:00,M002,19,19,-0.2061
2026-01-10 18:00:00,M003,38,38,-0.1133
2026-01-10 19:00:00,M001,19,19,-0.3322
2026-01-10 19:00:00,M002,19,19,-0.0356
2026-01-10 19:00:00,M003,38,38,-0.4164
2026-01-10 20:00:00,M006,8,8,-0.3165
2026-01-10 20:00:00,M007,8,8,0.4203
2026-01-10 20:00:00,M008,16,16,-0.0435
2026-01-10 21:00:00,M001,19,19,0.0672
2026-01-10 21:00:00,M002,19,19,-0.0147
2026-01-10 21:00:00,M003,38,38,0.0142
2026-01-10 22:00:00,M001,19,19,0.0351
2026-01-10 22:00:00,M002,19,19,-0.0463
2026-01-10 22:00:00,M003,38,38,0.0119
2026-01-10 23:00:00,M001,20,20,-0.0659
2026-01-10 23:00:00,M002,20,20,-0.3964
2026-01-10 23:00:00,M003,40,40,0.0612
2026-01-11 00:00:00,M001,20,20,-0.0816
2026-01-11 00:00:00,M002,19,20,-0.6746
2026-01-11 00:00:00,M003,39,40,-0.501
2026-01-11 01:00:00,M001,19,19,0.0688
2026-01-11 01:00:00,M002,18,19,-0.5829
2026-01-11 01:00:00,M003,38,38,-0.4205
2026-01-11 02:00:00,M001,18,18,0.0568
2026-01-11 02:00:00,M002,18,18,-0.334
2026-01-11 02:00:00,M003,36,36,-0.3976
2026-01-11 03:00:00,M001,17,17,-0.0674
2026-01-11 03:00:00,M002,16,17,-0.5272
2026-01-11 03:00:00,M003,34,34,-0.0045
2026-01-11 04:00:00,M001,17,17,-0.2687
2026-01-11 04:00:00,M002,17,17,-0.3306
2026-01-11 04:00:00,M003,34,34,-0.3622
2026-01-11 05:00:00,M001,16,16,-0.4579
2026-01-11 05:00:00,M002,16,16,0.0012
2026-01-11 05:00:00,M003,32,32,-0.3694
2026-01-11 06:00:00,M001,12,13,-0.5484
2026-01-11 06:00:00,M004,26,26,-0.3123
2026-01-11 06:00:00,M005,13,13,-0.3045
2026-01-11 07:00:00,M001,13,13,-0.2373
2026-01-11 07:00:00,M004,26,26,-0.3897
2026-01-11 07:00:00,M005,12,13,-0.7772
2026-01-11 08:00:00,M001,14,14,0.2665
2026-01-11 08:00:00,M004,28,28,-0.1647
2026-01-11 08:00:00,M005,14,14,-0.2408
2026-01-11 09:00:00,M001,14,14,-0.1933
2026-01-11 09:00:00,M004,28,28,-0.0315
2026-01-11 09:00:00,M005,14,14,-0.1055
2026-01-11 10:00:00,M001,13,13,-0.3314
2026-01-11 10:00:00,M004,26,26,0.0858
2026-01-11 10:00:00,M005,13,13,-0.171
2026-01-11 11:00:00,M001,14,14,-0.2651
2026-01-11 11:00:00,M004,28,28,0.0031
2026-01-11 11:00:00,M005,14,14,-0.1991
2026-01-11 12:00:00,M001,15,15,0.0679
2026-01-11 12:00:00,M004,30,30,0.3055
2026-01-11 12:00:00,M005,15,15,0.4686
2026-01-11 13:00:00,M001,21,21,0.2388
2026-01-11 13:00:00,M002,22,21,0.8091
2026-01-11 13:00:00,M003,42,42,-0.3379
2026-01-11 14:00:00,M006,12,12,0.1142
2026-01-11 14:00:00,M007,13,12,0.7231
2026-01-11 14:00:00,M008,25,24,0.5323
2026-01-11 15:00:00,M001,17,17,-0.1821
2026-01-11 15:00:00,M004,34,34,0.4746
2026-01-11 15:00:00,M005,18,17,0.7644
2026-01-11 16:00:00,M006,12,12,0.2014
2026-01-11 16:00:00,M007,12,12,0.459
2026-01-11 16:00:00,M008,24,24,0.005
2026-01-11 17:00:00,M006,12,12,-0.1973
2026-01-11 17:00:00,M007,12,12,0.3089
2026-01-11 17:00:00,M008,24,24,-0.2712
2026-01-11 18:00:00,M006,11,11,-0.0716
2026-01-11 18:00:00,M007,11,11,0.2983
2026-01-11 18:00:00,M008,22,22,-0.3645
2026-01-11 19:00:00,M006,10,10,0.0913
2026-01-11 19:00:00,M007,10,10,-0.1068
2026-01-11 19:00:00,M008,20,20,0.1467
2026-01-11 20:00:00,M006,9,9,0.1783
2026-01-11 20:00:00,M007,9,9,-0.3101
2026-01-11 20:00:00,M008,18,18,0.0322
2026-01-11 21:00:00,M006,9,9,0.4372
2026-01-11 21:00:00,M007,9,9,-0.045
2026-01-11 21:00:00,M008,18,18,0.1598
2026-01-11 22:00:00,M001,15,15,-0.0563
2026-01-11 22:00:00,M004,30,30,-0.0158
2026-01-11 22:00:00,M005,16,15,0.5229
2026-01-11 23:00:00,M001,15,15,-0.149
2026-01-11 23:00:00,M004,30,30,-0.3784
2026-01-11 23:00:00,M005,15,15,0.133
2026-01-12 00:00:00,M006,10,10,-0.0381
2026-01-12 00:00:00,M007,10,10,0.4662
2026-01-12 00:00:00,M008,20,20,-0.0628
2026-01-12 01:00:00,M006,10,10,-0.0105
2026-01-12 01:00:00,M007,10,10,0.1113
2026-01-12 01:00:00,M008,20,20,-0.2053
2026-01-12 02:00:00,M006,10,10,0.1719
2026-01-12 02:00:00,M007,10,10,-0.0475
2026-01-12 02:00:00,M008,20,20,-0.385
2026-01-12 03:00:00,M006,10,9,0.5922
2026-01-12 03:00:00,M007,9,9,0.1913
2026-01-12 03:00:00,M008,18,18,-0.363
2026-01-12 04:00:00,M006,8,8,0.2997
2026-01-12 04:00:00,M007,8,8,0.187
2026-01-12 04:00:00,M008,15,16,-0.5255
2026-01-12 05:00:00,M001,12,12,-0.3207
2026-01-12 05:00:00,M004,24,24,-0.4847
2026-01-12 05:00:00,M005,12,12,-0.01
2026-01-12 06:00:00,M001,12,12,-0.4989
2026-01-12 06:00:00,M004,24,24,-0.4071
2026-01-12 06:00:00,M005,12,12,-0.0569
2026-01-12 07:00:00,M006,9,9,-0.1401
2026-01-12 07:00:00,M007,9,9,-0.1018
2026-01-12 07:00:00,M008,17,18,-0.6766
2026-01-12 08:00:00,M006,9,9,0.361
2026-01-12 08:00:00,M007,9,9,-0.0183
2026-01-12 08:00:00,M008,18,18,-0.1311
2026-01-12 09:00:00,M006,9,9,0.1061
2026-01-12 09:00:00,M007,9,9,0.1165
2026-01-12 09:00:00,M008,18,18,-0.0175
2026-01-12 10:00:00,M006,9,9,-0.1468
2026-01-12 10:00:00,M007,9,9,0.0904
2026-01-12 10:00:00,M008,18,18,0.0499
2026-01-12 11:00:00,M001,15,15,-0.0096
2026-01-12 11:00:00,M004,30,30,0.0561
2026-01-12 11:00:00,M005,15,15,-0.3505
2026-01-12 12:00:00,M001,20,20,-0.0224
2026-01-12 12:00:00,M002,20,20,0.0951
2026-01-12 12:00:00,M003,40,40,0.0082
2026-01-12 13:00:00,M001,21,21,-0.1141
2026-01-12 13:00:00,M002,21,21,0.0197
2026-01-12 13:00:00,M003,42,42,-0.0696
2026-01-12 14:00:00,M001,22,22,0.0496
2026-01-12 14:00:00,M002,22,22,0.3918
2026-01-12 14:00:00,M003,44,44,0.194
2026-01-12 15:00:00,M001,23,23,-0.2316
2026-01-12 15:00:00,M002,24,23,0.5262
2026-01-12 15:00:00,M003,46,46,0.4508
2026-01-12 16:00:00,M001,21,21,-0.0046
2026-01-12 16:00:00,M002,21,21,0.4028
2026-01-12 16:00:00,M003,42,42,-0.0831
2026-01-12 17:00:00,M001,20,20,-0.2113
2026-01-12 17:00:00,M002,21,20,0.5128
2026-01-12 17:00:00,M003,40,40,0.1737
2026-01-12 18:00:00,M001,20,20,-0.2101
2026-01-12 18:00:00,M002,20,20,0.2214
2026-01-12 18:00:00,M003,40,40,-0.1837
2026-01-12 19:00:00,M001,20,20,0.2149
2026-01-12 19:00:00,M002,20,20,-0.0192
2026-01-12 19:00:00,M003,40,40,-0.2751
2026-01-12 20:00:00,M001,20,19,0.6241
2026-01-12 20:00:00,M002,19,19,0.1869
2026-01-12 20:00:00,M003,38,38,-0.4012
2026-01-12 21:00:00,M001,19,19,0.4849
2026-01-12 21:00:00,M002,19,19,-0.032
2026-01-12 21:00:00,M003,38,38,-0.4009
2026-01-12 22:00:00,M006,10,10,-0.2184
2026-01-12 22:00:00,M007,10,10,-0.2753
2026-01-12 22:00:00,M008,20,20,0.0494
2026-01-12 23:00:00,M006,10,10,-0.1629
2026-01-12 23:00:00,M007,10,10,0.1205
2026-01-12 23:00:00,M008,20,20,-0.1244
2026-01-13 00:00:00,M006,8,8,0.0939
2026-01-13 00:00:00,M007,8,8,-0.0217
2026-01-13 00:00:00,M008,15,16,-0.6411
2026-01-13 01:00:00,M006,9,9,-0.3923
2026-01-13 01:00:00,M007,9,9,-0.0543
2026-01-13 01:00:00,M008,18,18,-0.4853
2026-01-13 02:00:00,M001,14,14,0.2542
2026-01-13 02:00:00,M004,27,28,-0.6862
2026-01-13 02:00:00,M005,14,14,-0.3989
2026-01-13 03:00:00,M001,13,13,0.0939
2026-01-13 03:00:00,M004,25,26,-0.6548
2026-01-13 03:00:00,M005,13,13,-0.1845
2026-01-13 04:00:00,M001,13,13,0.1078
2026-01-13 04:00:00,M004,25,26,-0.515
2026-01-13 04:00:00,M005,13,13,-0.4146
2026-01-13 05:00:00,M001,12,12,0.0219
2026-01-13 05:00:00,M004,24,24,-0.2906
2026-01-13 05:00:00,M005,12,12,-0.1066
2026-01-13 06:00:00,M001,18,18,0.233
2026-01-13 06:00:00,M002,17,18,-0.5458
2026-01-13 06:00:00,M003,35,36,-0.5435
2026-01-13 07:00:00,M006,10,10,-0.3575
2026-01-13 07:00:00,M007,10,10,0.1308
2026-01-13 07:00:00,M008,20,20,-0.2772
2026-01-13 08:00:00,M001,15,15,0.0761
2026-01-13 08:00:00,M004,30,30,0.1738
2026-01-13 08:00:00,M005,15,15,-0.1636
2026-01-13 09:00:00,M006,8,8,0.2111
2026-01-13 09:00:00,M007,8,8,0.0858
2026-01-13 09:00:00,M008,15,16,-0.5979
2026-01-13 10:00:00,M006,9,9,-0.065
2026-01-13 10:00:00,M007,9,9,-0.0653
2026-01-13 10:00:00,M008,18,18,-0.2643
2026-01-13 11:00:00,M001,16,16,-0.0676
2026-01-13 11:00:00,M004,32,32,0.3896
2026-01-13 11:00:00,M005,16,16,-0.1117
2026-01-13 12:00:00,M001,15,15,-0.1871
2026-01-13 12:00:00,M004,30,30,0.2366
2026-01-13 12:00:00,M005,15,15,-0.2295
2026-01-13 13:00:00,M001,14,14,-0.1644
2026-01-13 13:00:00,M004,28,28,0.3667
2026-01-13 13:00:00,M005,14,14,-0.3344
2026-01-13 14:00:00,M001,15,15,-0.1849
2026-01-13 14:00:00,M004,31,30,0.6581
2026-01-13 14:00:00,M005,15,15,-0.3241
2026-01-13 15:00:00,M001,15,15,0.1716
2026-01-13 15:00:00,M004,30,30,0.212
2026-01-13 15:00:00,M005,15,15,0.209
2026-01-13 16:00:00,M001,14,14,0.3283
2026-01-13 16:00:00,M004,28,28,0.1375
2026-01-13 16:00:00,M005,14,14,-0.0016
2026-01-13 17:00:00,M001,19,19,0.1381
2026-01-13 17:00:00,M002,18,19,-0.8294
2026-01-13 17:00:00,M003,38,38,0.0443
2026-01-13 18:00:00,M001,14,14,-0.1239
2026-01-13 18:00:00,M004,28,28,-0.4148
2026-01-13 18:00:00,M005,14,14,-0.4359
2026-01-13 19:00:00,M001,15,15,0.2004
2026-01-13 19:00:00,M004,30,30,-0.1071
2026-01-13 19:00:00,M005,15,15,-0.1054
2026-01-13 20:00:00,M001,15,15,0.1175
2026-01-13 20:00:00,M004,30,30,-0.3174
2026-01-13 20:00:00,M005,15,15,-0.0023
2026-01-13 21:00:00,M006,10,10,-0.2837
2026-01-13 21:00:00,M007,10,10,-0.1195
2026-01-13 21:00:00,M008,19,20,-0.7293
2026-01-13 22:00:00,M006,10,10,-0.3651
2026-01-13 22:00:00,M007,10,10,-0.201
2026-01-13 22:00:00,M008,19,20,-0.5212
2026-01-13 23:00:00,M001,20,20,0.1024
2026-01-13 23:00:00,M002,19,20,-0.5019
2026-01-13 23:00:00,M003,40,40,0.0163
2026-01-14 00:00:00,M001,17,17,-0.0811
2026-01-14 00:00:00,M002,17,17,0.0035
2026-01-14 00:00:00,M003,34,34,0.2999
2026-01-14 01:00:00,M001,12,12,-0.0518
2026-01-14 01:00:00,M004,23,24,-0.6923
2026-01-14 01:00:00,M005,12,12,-0.3516
2026-01-14 02:00:00,M001,12,12,-0.1375
2026-01-14 02:00:00,M004,24,24,-0.1094
2026-01-14 02:00:00,M005,12,12,-0.3625
2026-01-14 03:00:00,M001,13,13,-0.3121
2026-01-14 03:00:00,M004,26,26,-0.1254
2026-01-14 03:00:00,M005,13,13,-0.0329
2026-01-14 04:00:00,M001,13,13,-0.48
2026-01-14 04:00:00,M004,26,26,-0.1455
2026-01-14 04:00:00,M005,13,13,0.1701
2026-01-14 05:00:00,M001,19,19,-0.2159
2026-01-14 05:00:00,M002,19,19,0.2601
2026-01-14 05:00:00,M003,38,38,0.1048
2026-01-14 06:00:00,M006,10,10,-0.3711
2026-01-14 06:00:00,M007,10,10,-0.3092
2026-01-14 06:00:00,M008,19,20,-0.5331
2026-01-14 07:00:00,M006,9,9,0.0414
2026-01-14 07:00:00,M007,9,9,-0.31
2026-01-14 07:00:00,M008,17,18,-0.5654
2026-01-14 08:00:00,M006,11,11,0.253
2026-01-14 08:00:00,M007,10,11,-0.8102
2026-01-14 08:00:00,M008,22,22,-0.368
2026-01-14 09:00:00,M006,13,13,0.3739
2026-01-14 09:00:00,M007,13,13,-0.2922
2026-01-14 09:00:00,M008,26,26,0.1504
2026-01-14 10:00:00,M006,12,12,0.2561
2026-01-14 10:00:00,M007,12,12,-0.2869
2026-01-14 10:00:00,M008,24,24,0.2012
2026-01-14 11:00:00,M006,10,11,-0.5245
2026-01-14 11:00:00,M007,11,11,-0.2729
2026-01-14 11:00:00,M008,22,22,-0.0666
2026-01-14 12:00:00,M006,11,11,-0.3262
2026-01-14 12:00:00,M007,11,11,0.208
2026-01-14 12:00:00,M008,22,22,-0.0248
2026-01-14 13:00:00,M006,11,11,-0.1237
2026-01-14 13:00:00,M007,11,11,0.0215
2026-01-14 13:00:00,M008,22,22,-0.0218
2026-01-14 14:00:00,M006,12,12,-0.2447
2026-01-14 14:00:00,M007,12,12,-0.1981
2026-01-14 14:00:00,M008,24,24,-0.0985
2026-01-14 15:00:00,M006,12,12,-0.0926
2026-01-14 15:00:00,M007,12,12,-0.0767
2026-01-14 15:00:00,M008,24,24,0.351
2026-01-14 16:00:00,M001,20,20,-0.1665
2026-01-14 16:00:00,M002,21,20,0.5678
2026-01-14 16:00:00,M003,41,40,0.7276
2026-01-14 17:00:00,M001,20,20,0.0274
2026-01-14 17:00:00,M002,20,20,0.1344
2026-01-14 17:00:00,M003,40,40,0.0059
2026-01-14 18:00:00,M001,19,19,-0.2014
2026-01-14 18:00:00,M002,19,19,0.0637
2026-01-14 18:00:00,M003,38,38,-0.1595
2026-01-14 19:00:00,M001,20,20,0.072
2026-01-14 19:00:00,M002,20,20,-0.0721
2026-01-14 19:00:00,M003,40,40,-0.0762
2026-01-14 20:00:00,M001,19,19,-0.2318
2026-01-14 20:00:00,M002,19,19,-0.0271
2026-01-14 20:00:00,M003,38,38,-0.2
2026-01-14 21:00:00,M001,19,19,0.0819
2026-01-14 21:00:00,M002,19,19,0.2236
2026-01-14 21:00:00,M003,38,38,-0.21
2026-01-14 22:00:00,M001,21,21,-0.1488
2026-01-14 22:00:00,M002,22,21,0.5382
2026-01-14 22:00:00,M003,42,42,-0.3441
2026-01-14 23:00:00,M001,15,15,-0.0331
2026-01-14 23:00:00,M004,31,30,0.5267
2026-01-14 23:00:00,M005,15,15,0.2859
2026-01-15 00:00:00,M001,17,17,-0.1667
2026-01-15 00:00:00,M004,34,34,0.4928
2026-01-15 00:00:00,M005,17,17,0.4596
2026-01-15 01:00:00,M001,13,14,-0.7242
2026-01-15 01:00:00,M004,28,28,0.4107
2026-01-15 01:00:00,M005,14,14,0.4967
2026-01-15 02:00:00,M001,13,14,-0.9868
2026-01-15 02:00:00,M004,28,28,0.1252
2026-01-15 02:00:00,M005,15,14,0.7243
2026-01-15 03:00:00,M001,14,15,-1.0593
2026-01-15 03:00:00,M004,30,30,-0.035
2026-01-15 03:00:00,M005,15,15,0.3734
2026-01-15 04:00:00,M001,13,14,-1.0581
2026-01-15 04:00:00,M004,28,28,-0.33
2026-01-15 04:00:00,M005,14,14,0.3021
2026-01-15 05:00:00,M001,13,14,-1.0532
2026-01-15 05:00:00,M004,28,28,-0.1626
2026-01-15 05:00:00,M005,14,14,0.287
2026-01-15 06:00:00,M006,10,10,0.0947
2026-01-15 06:00:00,M007,10,10,0.0515
2026-01-15 06:00:00,M008,20,20,0.0175
2026-01-15 07:00:00,M006,10,10,0.2065
2026-01-15 07:00:00,M007,10,10,-0.0464
2026-01-15 07:00:00,M008,20,20,0.1668
2026-01-15 08:00:00,M001,21,21,-0.0135
2026-01-15 08:00:00,M002,21,21,0.3416
2026-01-15 08:00:00,M003,42,42,0.0949
2026-01-15 09:00:00,M001,22,22,0.2008
2026-01-15 09:00:00,M002,22,22,0.2772
2026-01-15 09:00:00,M003,44,44,0.1551
2026-01-15 10:00:00,M001,20,20,0.241
2026-01-15 10:00:00,M002,20,20,0.3222
2026-01-15 10:00:00,M003,40,40,0.4076
2026-01-15 11:00:00,M001,20,20,-0.1243
2026-01-15 11:00:00,M002,20,20,0.0258
2026-01-15 11:00:00,M003,40,40,0.1501
2026-01-15 12:00:00,M001,19,19,-0.3679
2026-01-15 12:00:00,M002,19,19,0.0905
2026-01-15 12:00:00,M003,38,38,0.2009
2026-01-15 13:00:00,M001,15,15,-0.2984
2026-01-15 13:00:00,M004,30,30,0.2739
2026-01-15 13:00:00,M005,15,15,0.2751
2026-01-15 14:00:00,M006,11,10,0.5576
2026-01-15 14:00:00,M007,10,10,0.1666
2026-01-15 14:00:00,M008,21,20,0.7128
2026-01-15 15:00:00,M001,18,19,-0.8204
2026-01-15 15:00:00,M002,19,19,-0.0349
2026-01-15 15:00:00,M003,38,38,0.4718
2026-01-15 16:00:00,M001,11,12,-0.5472
2026-01-15 16:00:00,M004,24,24,0.289
2026-01-15 16:00:00,M005,12,12,-0.0131
2026-01-15 17:00:00,M001,13,13,-0.2257
2026-01-15 17:00:00,M004,26,26,0.2216
2026-01-15 17:00:00,M005,13,13,-0.0918
2026-01-15 18:00:00,M006,9,9,0.0428
2026-01-15 18:00:00,M007,9,9,0.2134
2026-01-15 18:00:00,M008,18,18,0.4922
2026-01-15 19:00:00,M006,8,8,-0.324
2026-01-15 19:00:00,M007,8,8,-0.2068
2026-01-15 19:00:00,M008,16,16,-0.0594
2026-01-15 20:00:00,M001,13,13,-0.0722
2026-01-15 20:00:00,M004,26,26,0.2155
2026-01-15 20:00:00,M005,13,13,0.0181
2026-01-15 21:00:00,M001,14,14,-0.0133
2026-01-15 21:00:00,M004,28,28,0.3931
2026-01-15 21:00:00,M005,14,14,-0.0591
2026-01-15 22:00:00,M006,11,11,-0.4675
2026-01-15 22:00:00,M007,11,11,-0.326
2026-01-15 22:00:00,M008,22,22,-0.3442
2026-01-15 23:00:00,M006,10,10,-0.097
2026-01-15 23:00:00,M007,10,10,0.1029
2026-01-15 23:00:00,M008,20,20,-0.3032
2026-01-16 00:00:00,M001,19,19,-0.1594
2026-01-16 00:00:00,M002,18,19,-0.6938
2026-01-16 00:00:00,M003,38,38,0.0647
2026-01-16 01:00:00,M001,18,18,-0.0198
2026-01-16 01:00:00,M002,17,18,-0.9935
2026-01-16 01:00:00,M003,35,36,-0.5066
2026-01-16 02:00:00,M001,19,19,-0.1392
2026-01-16 02:00:00,M002,18,19,-0.677
2026-01-16 02:00:00,M003,38,38,-0.417
2026-01-16 03:00:00,M001,18,18,-0.0568
2026-01-16 03:00:00,M002,17,18,-0.704
2026-01-16 03:00:00,M003,35,36,-0.5152
2026-01-16 04:00:00,M001,17,18,-0.5511
2026-01-16 04:00:00,M002,18,18,-0.2827
2026-01-16 04:00:00,M003,36,36,-0.4023
2026-01-16 05:00:00,M001,16,17,-0.7588
2026-01-16 05:00:00,M002,17,17,-0.0029
2026-01-16 05:00:00,M003,34,34,-0.3138
2026-01-16 06:00:00,M001,19,19,-0.4394
2026-01-16 06:00:00,M002,19,19,-0.0186
2026-01-16 06:00:00,M003,38,38,-0.4847
2026-01-16 07:00:00,M001,18,18,0.0708
2026-01-16 07:00:00,M002,18,18,-0.2849
2026-01-16 07:00:00,M003,35,36,-0.5171
2026-01-16 08:00:00,M001,19,19,0.3147
2026-01-16 08:00:00,M002,19,19,-0.3423
2026-01-16 08:00:00,M003,38,38,0.1711
2026-01-16 09:00:00,M006,10,10,0.2235
2026-01-16 09:00:00,M007,10,10,0.3677
2026-01-16 09:00:00,M008,20,20,-0.2619
2026-01-16 10:00:00,M006,10,10,-0.1835
2026-01-16 10:00:00,M007,10,10,-0.0129
2026-01-16 10:00:00,M008,20,20,-0.0532
2026-01-16 11:00:00,M006,11,11,-0.2998
2026-01-16 11:00:00,M007,11,11,-0.1659
2026-01-16 11:00:00,M008,22,22,0.2143
2026-01-16 12:00:00,M006,12,12,-0.1189
2026-01-16 12:00:00,M007,12,12,0.2753
2026-01-16 12:00:00,M008,24,24,0.3452
2026-01-16 13:00:00,M001,21,21,0.212
2026-01-16 13:00:00,M002,21,21,-0.2177
2026-01-16 13:00:00,M003,42,42,0.1196
2026-01-16 14:00:00,M001,16,16,0.4761
2026-01-16 14:00:00,M004,33,32,0.6941
2026-01-16 14:00:00,M005,16,16,0.1708
2026-01-16 15:00:00,M006,10,10,0.0517
2026-01-16 15:00:00,M007,10,10,-0.3744
2026-01-16 15:00:00,M008,21,20,0.6708
2026-01-16 16:00:00,M001,20,20,0.095
2026-01-16 16:00:00,M002,20,20,-0.2104
2026-01-16 16:00:00,M003,40,40,-0.4046
2026-01-16 17:00:00,M001,20,20,-0.2316
2026-01-16 17:00:00,M002,20,20,-0.2688
2026-01-16 17:00:00,M003,40,40,-0.3708
2026-01-16 18:00:00,M001,20,20,-0.2995
2026-01-16 18:00:00,M002,20,20,-0.1248
2026-01-16 18:00:00,M003,40,40,-0.2743
2026-01-16 19:00:00,M006,9,10,-0.6295
2026-01-16 19:00:00,M007,10,10,-0.4952
2026-01-16 19:00:00,M008,20,20,0.4455
2026-01-16 20:00:00,M006,9,10,-0.8049
2026-01-16 20:00:00,M007,10,10,-0.2452
2026-01-16 20:00:00,M008,20,20,0.1048
2026-01-16 21:00:00,M006,9,10,-0.5586
2026-01-16 21:00:00,M007,10,10,-0.3306
2026-01-16 21:00:00,M008,20,20,-0.3
2026-01-16 22:00:00,M006,11,11,-0.0876
2026-01-16 22:00:00,M007,11,11,-0.1925
2026-01-16 22:00:00,M008,22,22,-0.4971
2026-01-16 23:00:00,M006,12,12,-0.2398
2026-01-16 23:00:00,M007,12,12,-0.3058
2026-01-16 23:00:00,M008,24,24,0.0461
2026-01-17 00:00:00,M006,12,13,-0.605
2026-01-17 00:00:00,M007,13,13,0.0368
2026-01-17 00:00:00,M008,25,26,-0.5433
2026-01-17 01:00:00,M001,16,17,-0.793
2026-01-17 01:00:00,M004,34,34,-0.2636
2026-01-17 01:00:00,M005,17,17,-0.2107
2026-01-17 02:00:00,M001,16,16,-0.406
2026-01-17 02:00:00,M004,31,32,-0.6553
2026-01-17 02:00:00,M005,16,16,-0.1772
2026-01-17 03:00:00,M006,11,11,-0.1759
2026-01-17 03:00:00,M007,11,11,0.2534
2026-01-17 03:00:00,M008,21,22,-0.7164
2026-01-17 04:00:00,M006,11,11,0.3804
2026-01-17 04:00:00,M007,11,11,0.1846
2026-01-17 04:00:00,M008,21,22,-0.5825
2026-01-17 05:00:00,M006,9,9,0.3336
2026-01-17 05:00:00,M007,9,9,0.2662
2026-01-17 05:00:00,M008,17,18,-0.5019
2026-01-17 06:00:00,M006,10,9,0.5773
2026-01-17 06:00:00,M007,9,9,0.3038
2026-01-17 06:00:00,M008,18,18,-0.34
2026-01-17 07:00:00,M006,10,10,0.2157
2026-01-17 07:00:00,M007,10,10,0.3113
2026-01-17 07:00:00,M008,20,20,-0.2685
2026-01-17 08:00:00,M001,16,16,-0.169
2026-01-17 08:00:00,M004,32,32,-0.2339
2026-01-17 08:00:00,M005,16,16,0.361
2026-01-17 09:00:00,M006,11,11,0.3896
2026-01-17 09:00:00,M007,11,11,0.3311
2026-01-17 09:00:00,M008,22,22,0.0763
2026-01-17 10:00:00,M006,11,11,0.4404
2026-01-17 10:00:00,M007,11,11,0.3377
2026-01-17 10:00:00,M008,22,22,0.4067
2026-01-17 11:00:00,M006,12,11,0.5335
2026-01-17 11:00:00,M007,11,11,0.4152
2026-01-17 11:00:00,M008,22,22,0.0487
2026-01-17 12:00:00,M006,13,12,0.5437
2026-01-17 12:00:00,M007,13,12,0.6525
2026-01-17 12:00:00,M008,24,24,-0.4063
2026-01-17 13:00:00,M006,10,9,0.6744
2026-01-17 13:00:00,M007,9,9,-0.0185
2026-01-17 13:00:00,M008,18,18,-0.2348
2026-01-17 14:00:00,M006,10,10,0.3937
2026-01-17 14:00:00,M007,10,10,-0.1109
2026-01-17 14:00:00,M008,20,20,0.033
2026-01-17 15:00:00,M006,10,9,0.7061
2026-01-17 15:00:00,M007,9,9,-0.4443
2026-01-17 15:00:00,M008,18,18,0.1097
2026-01-17 16:00:00,M006,9,9,0.4353
2026-01-17 16:00:00,M007,8,9,-0.5882
2026-01-17 16:00:00,M008,18,18,-0.1527
2026-01-17 17:00:00,M006,9,9,-0.1472
2026-01-17 17:00:00,M007,9,9,-0.1404
2026-01-17 17:00:00,M008,18,18,-0.1754
2026-01-17 18:00:00,M006,8,8,-0.228
2026-01-17 18:00:00,M007,8,8,-0.4108
2026-01-17 18:00:00,M008,16,16,-0.1672
2026-01-17 19:00:00,M001,19,19,0.1788
2026-01-17 19:00:00,M002,19,19,-0.107
2026-01-17 19:00:00,M003,37,38,-0.6544
2026-01-17 20:00:00,M001,19,19,0.0047
2026-01-17 20:00:00,M002,19,19,-0.279
2026-01-17 20:00:00,M003,38,38,-0.1268
2026-01-17 21:00:00,M001,19,19,-0.2425
2026-01-17 21:00:00,M002,19,19,-0.1111
2026-01-17 21:00:00,M003,38,38,-0.2568
2026-01-17 22:00:00,M001,20,20,-0.1945
2026-01-17 22:00:00,M002,20,20,-0.1323
2026-01-17 22:00:00,M003,40,40,-0.1697
2026-01-17 23:00:00,M006,9,9,0.069
2026-01-17 23:00:00,M007,9,9,-0.0613
2026-01-17 23:00:00,M008,18,18,-0.0615
2026-01-18 00:00:00,M006,8,8,0.1173
2026-01-18 00:00:00,M007,8,8,0.0004
2026-01-18 00:00:00,M008,16,16,0.1539
2026-01-18 01:00:00,M006,8,8,-0.0113
2026-01-18 01:00:00,M007,8,8,-0.162
2026-01-18 01:00:00,M008,16,16,-0.2707
2026-01-18 02:00:00,M006,8,8,0.1082
2026-01-18 02:00:00,M007,8,8,-0.109
2026-01-18 02:00:00,M008,16,16,0.0339
2026-01-18 03:00:00,M006,8,8,-0.1101
2026-01-18 03:00:00,M007,8,8,0.3398
2026-01-18 03:00:00,M008,16,16,-0.2026
2026-01-18 04:00:00,M001,18,18,-0.3437
2026-01-18 04:00:00,M002,18,18,-0.2011
2026-01-18 04:00:00,M003,35,36,-0.9969
2026-01-18 05:00:00,M001,17,17,-0.1784
2026-01-18 05:00:00,M002,17,17,0.016
2026-01-18 05:00:00,M003,33,34,-0.5388
2026-01-18 06:00:00,M006,8,8,-0.1511
2026-01-18 06:00:00,M007,8,8,0.3367
2026-01-18 06:00:00,M008,16,16,0.2544
2026-01-18 07:00:00,M001,15,15,-0.3946
2026-01-18 07:00:00,M004,30,30,-0.442
2026-01-18 07:00:00,M005,15,15,-0.1734
2026-01-18 08:00:00,M001,16,16,-0.294
2026-01-18 08:00:00,M004,32,32,0.0716
2026-01-18 08:00:00,M005,16,16,0.2167
2026-01-18 09:00:00,M001,15,15,-0.0192
2026-01-18 09:00:00,M004,30,30,0.3027
2026-01-18 09:00:00,M005,16,15,0.6974
2026-01-18 10:00:00,M001,15,15,-0.3383
2026-01-18 10:00:00,M004,30,30,-0.2648
2026-01-18 10:00:00,M005,15,15,0.1171
2026-01-18 11:00:00,M006,10,10,0.0595
2026-01-18 11:00:00,M007,10,10,0.1603
2026-01-18 11:00:00,M008,20,20,0.2921
2026-01-18 12:00:00,M001,14,14,-0.457
2026-01-18 12:00:00,M004,28,28,-0.0884
2026-01-18 12:00:00,M005,14,14,0.2776
2026-01-18 13:00:00,M001,15,15,-0.2837
2026-01-18 13:00:00,M004,30,30,-0.0238
2026-01-18 13:00:00,M005,15,15,0.4827
2026-01-18 14:00:00,M001,16,16,0.176
2026-01-18 14:00:00,M004,32,32,0.4468
2026-01-18 14:00:00,M005,16,16,0.3845
2026-01-18 15:00:00,M001,17,16,0.5687
2026-01-18 15:00:00,M004,32,32,0.4219
2026-01-18 15:00:00,M005,16,16,0.3564
2026-01-18 16:00:00,M001,16,16,0.2509
2026-01-18 16:00:00,M004,32,32,0.2535
2026-01-18 16:00:00,M005,16,16,-0.0308
2026-01-18 17:00:00,M001,14,14,0.1308
2026-01-18 17:00:00,M004,28,28,0.4938
2026-01-18 17:00:00,M005,14,14,-0.1633
2026-01-18 18:00:00,M001,20,20,-0.0223
2026-01-18 18:00:00,M002,21,20,0.5497
2026-01-18 18:00:00,M003,40,40,-0.1919
2026-01-18 19:00:00,M001,18,18,0.0525
2026-01-18 19:00:00,M002,19,18,0.5694
2026-01-18 19:00:00,M003,36,36,0.0337
2026-01-18 20:00:00,M001,18,18,0.0236
2026-01-18 20:00:00,M002,18,18,0.3005
2026-01-18 20:00:00,M003,36,36,-0.4288
2026-01-18 21:00:00,M001,19,19,-0.2484
2026-01-18 21:00:00,M002,19,19,0.2698
2026-01-18 21:00:00,M003,38,38,0.052
2026-01-18 22:00:00,M006,9,9,0.0417
2026-01-18 22:00:00,M007,9,9,-0.14
2026-01-18 22:00:00,M008,18,18,-0.067
2026-01-18 23:00:00,M006,10,10,-0.0991
2026-01-18 23:00:00,M007,10,10,0.1589
2026-01-18 23:00:00,M008,20,20,0.3455
2026-01-19 00:00:00,M006,8,8,0.0498
2026-01-19 00:00:00,M007,8,8,0.1307
2026-01-19 00:00:00,M008,17,16,0.5698
2026-01-19 01:00:00,M006,10,10,0.1458
2026-01-19 01:00:00,M007,10,10,0.1313
2026-01-19 01:00:00,M008,20,20,0.0966
2026-01-19 02:00:00,M006,11,11,-0.0277
2026-01-19 02:00:00,M007,11,11,-0.0766
2026-01-19 02:00:00,M008,22,22,-0.0724
2026-01-19 03:00:00,M006,10,10,-0.0081
2026-01-19 03:00:00,M007,10,10,0.1441
2026-01-19 03:00:00,M008,20,20,-0.026
2026-01-19 04:00:00,M006,9,9,0.0969
2026-01-19 04:00:00,M007,9,9,-0.129
2026-01-19 04:00:00,M008,18,18,-0.1941
2026-01-19 05:00:00,M001,18,18,-0.3985
2026-01-19 05:00:00,M002,18,18,-0.0082
2026-01-19 05:00:00,M003,35,36,-0.7094
2026-01-19 06:00:00,M001,18,18,-0.374
2026-01-19 06:00:00,M002,18,18,-0.0993
2026-01-19 06:00:00,M003,36,36,-0.0056
2026-01-19 07:00:00,M001,17,18,-0.705
2026-01-19 07:00:00,M002,18,18,-0.016
2026-01-19 07:00:00,M003,36,36,0.0143
2026-01-19 08:00:00,M001,18,19,-0.8224
2026-01-19 08:00:00,M002,19,19,0.0877
2026-01-19 08:00:00,M003,39,38,0.5366
2026-01-19 09:00:00,M001,14,15,-0.9118
2026-01-19 09:00:00,M004,30,30,0.2922
2026-01-19 09:00:00,M005,14,15,-0.55
2026-01-19 10:00:00,M006,11,11,0.1455
2026-01-19 10:00:00,M007,11,11,-0.1883
2026-01-19 10:00:00,M008,22,22,-0.086
2026-01-19 11:00:00,M006,11,11,0.0141
2026-01-19 11:00:00,M007,11,11,-0.2356
2026-01-19 11:00:00,M008,22,22,0.1096
2026-01-19 12:00:00,M006,11,11,0.1159
2026-01-19 12:00:00,M007,11,11,-0.1551
2026-01-19 12:00:00,M008,22,22,-0.1441
2026-01-19 13:00:00,M001,16,17,-0.6317
2026-01-19 13:00:00,M004,34,34,0.2099
2026-01-19 13:00:00,M005,17,17,-0.179
2026-01-19 14:00:00,M001,17,18,-0.5602
2026-01-19 14:00:00,M004,36,36,0.2864
2026-01-19 14:00:00,M005,19,18,0.5208
2026-01-19 15:00:00,M001,17,17,-0.0558
2026-01-19 15:00:00,M004,34,34,0.2063
2026-01-19 15:00:00,M005,17,17,0.2015
2026-01-19 16:00:00,M001,17,17,0.0111
2026-01-19 16:00:00,M004,34,34,-0.2188
2026-01-19 16:00:00,M005,17,17,0.1335
2026-01-19 17:00:00,M006,11,11,-0.4434
2026-01-19 17:00:00,M007,11,11,-0.415
2026-01-19 17:00:00,M008,22,22,-0.4396
2026-01-19 18:00:00,M001,21,21,-0.049
2026-01-19 18:00:00,M002,21,21,0.1234
2026-01-19 18:00:00,M003,42,42,0.0952
2026-01-19 19:00:00,M001,19,19,0.2434
2026-01-19 19:00:00,M002,19,19,-0.025
2026-01-19 19:00:00,M003,38,38,0.2306
2026-01-19 20:00:00,M001,13,13,-0.0893
2026-01-19 20:00:00,M004,25,26,-0.5359
2026-01-19 20:00:00,M005,13,13,0.3448
2026-01-19 21:00:00,M001,14,14,-0.102
2026-01-19 21:00:00,M004,28,28,0.2809
2026-01-19 21:00:00,M005,14,14,0.382
2026-01-19 22:00:00,M001,15,15,-0.2637
2026-01-19 22:00:00,M004,30,30,0.0338
2026-01-19 22:00:00,M005,15,15,0.2261
2026-01-19 23:00:00,M001,15,15,-0.1066
2026-01-19 23:00:00,M004,31,30,0.5312
2026-01-19 23:00:00,M005,15,15,-0.1113
2026-01-20 00:00:00,M006,9,9,-0.2862
2026-01-20 00:00:00,M007,9,9,-0.1373
2026-01-20 00:00:00,M008,17,18,-0.5511
2026-01-20 01:00:00,M006,9,9,-0.3172
2026-01-20 01:00:00,M007,9,9,-0.1487
2026-01-20 01:00:00,M008,17,18,-0.6843
2026-01-20 02:00:00,M001,14,14,-0.3389
2026-01-20 02:00:00,M004,28,28,0.0653
2026-01-20 02:00:00,M005,14,14,-0.3037
2026-01-20 03:00:00,M001,14,14,-0.2481
2026-01-20 03:00:00,M004,28,28,-0.3439
2026-01-20 03:00:00,M005,14,14,-0.1001
2026-01-20 04:00:00,M001,19,19,-0.265
2026-01-20 04:00:00,M002,19,19,-0.2523
2026-01-20 04:00:00,M003,37,38,-0.5188
2026-01-20 05:00:00,M001,18,18,-0.0332
2026-01-20 05:00:00,M002,18,18,-0.1341
2026-01-20 05:00:00,M003,35,36,-0.5456
2026-01-20 06:00:00,M001,18,17,0.5423
2026-01-20 06:00:00,M002,17,17,-0.4403
2026-01-20 06:00:00,M003,34,34,-0.2296
2026-01-20 07:00:00,M001,20,19,0.5611
2026-01-20 07:00:00,M002,19,19,-0.2786
2026-01-20 07:00:00,M003,38,38,-0.1196
2026-01-20 08:00:00,M001,15,14,0.8488
2026-01-20 08:00:00,M004,28,28,-0.013
2026-01-20 08:00:00,M005,14,14,-0.2725
2026-01-20 09:00:00,M001,15,14,0.6489
2026-01-20 09:00:00,M004,28,28,-0.0222
2026-01-20 09:00:00,M005,13,14,-0.7837
2026-01-20 10:00:00,M001,15,15,0.2409
2026-01-20 10:00:00,M004,30,30,0.3106
2026-01-20 10:00:00,M005,15,15,-0.4314
2026-01-20 11:00:00,M001,16,15,0.5007
2026-01-20 11:00:00,M004,31,30,0.7661
2026-01-20 11:00:00,M005,15,15,0.3003
2026-01-20 12:00:00,M001,15,14,0.5316
2026-01-20 12:00:00,M004,28,28,0.2856
2026-01-20 12:00:00,M005,14,14,-0.0905
2026-01-20 13:00:00,M001,14,14,0.2166
2026-01-20 13:00:00,M004,28,28,-0.1948
2026-01-20 13:00:00,M005,14,14,-0.4174
2026-01-20 14:00:00,M001,14,14,0.2914
2026-01-20 14:00:00,M004,28,28,-0.1963
2026-01-20 14:00:00,M005,14,14,0.1657
2026-01-20 15:00:00,M001,15,15,0.0606
2026-01-20 15:00:00,M004,30,30,-0.1158
2026-01-20 15:00:00,M005,15,15,-0.0607
2026-01-20 16:00:00,M001,14,14,0.0637
2026-01-20 16:00:00,M004,28,28,-0.1007
2026-01-20 16:00:00,M005,14,14,0.1917
2026-01-20 17:00:00,M001,15,15,-0.0018
2026-01-20 17:00:00,M004,30,30,-0.1923
2026-01-20 17:00:00,M005,15,15,-0.163
2026-01-20 18:00:00,M001,15,15,-0.1315
2026-01-20 18:00:00,M004,30,30,0.0569
2026-01-20 18:00:00,M005,15,15,-0.3285
2026-01-20 19:00:00,M001,15,15,-0.3638
2026-01-20 19:00:00,M004,30,30,-0.0714
2026-01-20 19:00:00,M005,15,15,-0.2283
2026-01-20 20:00:00,M001,15,15,-0.3559
2026-01-20 20:00:00,M004,30,30,0.0389
2026-01-20 20:00:00,M005,15,15,-0.1769
2026-01-20 21:00:00,M001,16,16,0.0465
2026-01-20 21:00:00,M004,32,32,0.0407
2026-01-20 21:00:00,M005,16,16,0.1636
2026-01-20 22:00:00,M006,11,11,0.3443
2026-01-20 22:00:00,M007,11,11,0.0614
2026-01-20 22:00:00,M008,22,22,0.1262
2026-01-20 23:00:00,M006,12,11,0.5039
2026-01-20 23:00:00,M007,12,11,0.5913
2026-01-20 23:00:00,M008,22,22,0.4885
2026-01-21 00:00:00,M006,10,10,0.472
2026-01-21 00:00:00,M007,10,10,0.2074
2026-01-21 00:00:00,M008,20,20,0.2552
2026-01-21 01:00:00,M006,9,9,0.3501
2026-01-21 01:00:00,M007,9,9,0.1675
2026-01-21 01:00:00,M008,18,18,-0.1625
2026-01-21 02:00:00,M001,18,18,-0.2018
2026-01-21 02:00:00,M002,18,18,-0.0471
2026-01-21 02:00:00,M003,36,36,-0.4551
2026-01-21 03:00:00,M001,21,21,-0.4894
2026-01-21 03:00:00,M002,21,21,-0.2557
2026-01-21 03:00:00,M003,41,42,-0.6726
2026-01-21 04:00:00,M006,10,9,0.6747
2026-01-21 04:00:00,M007,9,9,0.4486
2026-01-21 04:00:00,M008,18,18,-0.2712
2026-01-21 05:00:00,M001,19,19,-0.0048
2026-01-21 05:00:00,M002,19,19,-0.052
2026-01-21 05:00:00,M003,37,38,-0.7233
2026-01-21 06:00:00,M001,14,15,-0.699
2026-01-21 06:00:00,M004,30,30,-0.3823
2026-01-21 06:00:00,M005,15,15,-0.0126
2026-01-21 07:00:00,M001,14,15,-1.0415
2026-01-21 07:00:00,M004,30,30,-0.2303
2026-01-21 07:00:00,M005,15,15,-0.0944
2026-01-21 08:00:00,M001,17,17,-0.3474
2026-01-21 08:00:00,M004,34,34,-0.1912
2026-01-21 08:00:00,M005,17,17,0.1019
2026-01-21 09:00:00,M001,22,22,-0.1612
2026-01-21 09:00:00,M002,22,22,-0.0746
2026-01-21 09:00:00,M003,44,44,0.0638
2026-01-21 10:00:00,M001,22,22,0.132
2026-01-21 10:00:00,M002,22,22,0.0946
2026-01-21 10:00:00,M003,45,44,0.5807
2026-01-21 11:00:00,M001,16,16,0.2371
2026-01-21 11:00:00,M004,32,32,0.0795
2026-01-21 11:00:00,M005,16,16,0.0915
2026-01-21 12:00:00,M001,17,17,0.3507
2026-01-21 12:00:00,M004,34,34,-0.435
2026-01-21 12:00:00,M005,17,17,0.3143
2026-01-21 13:00:00,M001,17,17,-0.0599
2026-01-21 13:00:00,M004,34,34,-0.1807
2026-01-21 13:00:00,M005,17,17,-0.0314
2026-01-21 14:00:00,M006,12,11,0.884
2026-01-21 14:00:00,M007,12,11,0.7696
2026-01-21 14:00:00,M008,22,22,0.158
2026-01-21 15:00:00,M006,13,12,0.7893
2026-01-21 15:00:00,M007,13,12,0.9071
2026-01-21 15:00:00,M008,24,24,-0.0092
2026-01-21 16:00:00,M001,21,21,-0.0024
2026-01-21 16:00:00,M002,21,21,0.1621
2026-01-21 16:00:00,M003,42,42,0.3109
2026-01-21 17:00:00,M001,20,20,-0.4433
2026-01-21 17:00:00,M002,20,20,0.0985
2026-01-21 17:00:00,M003,40,40,0.2661
2026-01-21 18:00:00,M001,20,21,-0.5036
2026-01-21 18:00:00,M002,21,21,0.1124
2026-01-21 18:00:00,M003,42,42,0.0568
2026-01-21 19:00:00,M001,20,20,-0.4265
2026-01-21 19:00:00,M002,20,20,-0.0285
2026-01-21 19:00:00,M003,40,40,0.1144
2026-01-21 20:00:00,M001,19,19,0.0023
2026-01-21 20:00:00,M002,19,19,-0.3106
2026-01-21 20:00:00,M003,38,38,-0.0847
2026-01-21 21:00:00,M001,19,19,-0.0646
2026-01-21 21:00:00,M002,19,19,-0.1636
2026-01-21 21:00:00,M003,38,38,0.0178
2026-01-21 22:00:00,M001,19,19,0.1296
2026-01-21 22:00:00,M002,19,19,0.0299
2026-01-21 22:00:00,M003,37,38,-0.6688
2026-01-21 23:00:00,M006,8,8,0.3705
2026-01-21 23:00:00,M007,8,8,0.2737
2026-01-21 23:00:00,M008,16,16,0.1896
2026-01-22 00:00:00,M006,8,8,0.4238
2026-01-22 00:00:00,M007,8,8,0.3946
2026-01-22 00:00:00,M008,16,16,-0.2003
2026-01-22 01:00:00,M006,7,7,0.3007
2026-01-22 01:00:00,M007,7,7,-0.3312
2026-01-22 01:00:00,M008,14,14,0.3416
2026-01-22 02:00:00,M006,7,7,0.0268
2026-01-22 02:00:00,M007,7,7,-0.3359
2026-01-22 02:00:00,M008,14,14,0.3817
2026-01-22 03:00:00,M006,7,7,0.1204
2026-01-22 03:00:00,M007,7,7,-0.1748
2026-01-22 03:00:00,M008,15,14,0.7668
2026-01-22 04:00:00,M001,16,16,-0.3101
2026-01-22 04:00:00,M002,17,16,0.6357
2026-01-22 04:00:00,M003,31,32,-0.8035
2026-01-22 05:00:00,M001,16,16,-0.2879
2026-01-22 05:00:00,M002,16,16,0.0644
2026-01-22 05:00:00,M003,31,32,-0.9251
2026-01-22 06:00:00,M001,18,19,-0.8089
2026-01-22 06:00:00,M002,19,19,-0.1166
2026-01-22 06:00:00,M003,37,38,-0.5229
2026-01-22 07:00:00,M001,15,15,-0.0488
2026-01-22 07:00:00,M004,30,30,-0.3758
2026-01-22 07:00:00,M005,15,15,-0.1901
2026-01-22 08:00:00,M001,21,21,0.1413
2026-01-22 08:00:00,M002,21,21,0.1845
2026-01-22 08:00:00,M003,42,42,-0.4265
2026-01-22 09:00:00,M001,21,21,0.2021
2026-01-22 09:00:00,M002,21,21,0.446
2026-01-22 09:00:00,M003,42,42,0.0802
2026-01-22 10:00:00,M001,16,16,0.322
2026-01-22 10:00:00,M004,32,32,0.3707
2026-01-22 10:00:00,M005,16,16,0.0725
2026-01-22 11:00:00,M001,15,15,0.3541
2026-01-22 11:00:00,M004,31,30,0.5857
2026-01-22 11:00:00,M005,15,15,0.3651
2026-01-22 12:00:00,M001,14,14,0.1451
2026-01-22 12:00:00,M004,28,28,0.3105
2026-01-22 12:00:00,M005,14,14,-0.0129
2026-01-22 13:00:00,M006,10,9,0.8669
2026-01-22 13:00:00,M007,9,9,-0.4503
2026-01-22 13:00:00,M008,19,18,0.5797
2026-01-22 14:00:00,M006,11,10,0.5554
2026-01-22 14:00:00,M007,10,10,0.4079
2026-01-22 14:00:00,M008,20,20,0.155
2026-01-22 15:00:00,M006,10,10,0.2829
2026-01-22 15:00:00,M007,10,10,0.2468
2026-01-22 15:00:00,M008,20,20,-0.1812
2026-01-22 16:00:00,M001,20,20,0.3508
2026-01-22 16:00:00,M002,20,20,0.2972
2026-01-22 16:00:00,M003,40,40,-0.0731
2026-01-22 17:00:00,M001,13,13,-0.1087
2026-01-22 17:00:00,M004,26,26,-0.0519
2026-01-22 17:00:00,M005,13,13,0.3861
2026-01-22 18:00:00,M006,8,8,0.3388
2026-01-22 18:00:00,M007,8,8,-0.3315
2026-01-22 18:00:00,M008,16,16,-0.3996
2026-01-22 19:00:00,M006,9,9,0.2844
2026-01-22 19:00:00,M007,9,9,-0.3408
2026-01-22 19:00:00,M008,18,18,-0.0428
2026-01-22 20:00:00,M001,14,14,-0.1023
2026-01-22 20:00:00,M004,28,28,-0.3233
2026-01-22 20:00:00,M005,14,14,0.3803
2026-01-22 21:00:00,M001,14,15,-0.5487
2026-01-22 21:00:00,M004,30,30,0.1647
2026-01-22 21:00:00,M005,15,15,-0.2118
2026-01-22 22:00:00,M001,14,14,-0.3102
2026-01-22 22:00:00,M004,28,28,0.4431
2026-01-22 22:00:00,M005,14,14,0.1433
2026-01-22 23:00:00,M001,14,14,-0.2924
2026-01-22 23:00:00,M004,28,28,0.3994
2026-01-22 23:00:00,M005,13,14,-0.6973
2026-01-23 00:00:00,M006,9,9,0.2076
2026-01-23 00:00:00,M007,9,9,-0.1491
2026-01-23 00:00:00,M008,18,18,0.2982
2026-01-23 01:00:00,M006,8,8,-0.1109
2026-01-23 01:00:00,M007,8,8,-0.0126
2026-01-23 01:00:00,M008,16,16,-0.2642
2026-01-23 02:00:00,M006,8,8,-0.0405
2026-01-23 02:00:00,M007,8,8,-0.1607
2026-01-23 02:00:00,M008,15,16,-0.6364
2026-01-23 03:00:00,M006,8,8,-0.3827
2026-01-23 03:00:00,M007,8,8,-0.105
2026-01-23 03:00:00,M008,15,16,-0.637
2026-01-23 04:00:00,M001,19,19,-0.4756
2026-01-23 04:00:00,M002,19,19,-0.1298
2026-01-23 04:00:00,M003,37,38,-0.9976
2026-01-23 05:00:00,M001,18,19,-0.5639
2026-01-23 05:00:00,M002,19,19,-0.2044
2026-01-23 05:00:00,M003,37,38,-1.1503
2026-01-23 06:00:00,M001,19,19,-0.4908
2026-01-23 06:00:00,M002,19,19,-0.3667
2026-01-23 06:00:00,M003,37,38,-0.7599
2026-01-23 07:00:00,M001,20,20,-0.2753
2026-01-23 07:00:00,M002,20,20,-0.3602
2026-01-23 07:00:00,M003,39,40,-0.7842
2026-01-23 08:00:00,M001,20,20,0.2826
2026-01-23 08:00:00,M002,20,20,-0.0885
2026-01-23 08:00:00,M003,40,40,-0.1042
2026-01-23 09:00:00,M001,20,20,0.4977
2026-01-23 09:00:00,M002,20,20,-0.0218
2026-01-23 09:00:00,M003,40,40,0.2275
2026-01-23 10:00:00,M001,22,21,0.7753
2026-01-23 10:00:00,M002,21,21,-0.2
2026-01-23 10:00:00,M003,42,42,0.2083
2026-01-23 11:00:00,M006,10,10,-0.0677
2026-01-23 11:00:00,M007,10,10,0.0039
2026-01-23 11:00:00,M008,19,20,-0.6426
2026-01-23 12:00:00,M001,16,16,0.3279
2026-01-23 12:00:00,M004,32,32,0.1494
2026-01-23 12:00:00,M005,15,16,-0.7416
2026-01-23 13:00:00,M001,15,15,0.323
2026-01-23 13:00:00,M004,30,30,0.3558
2026-01-23 13:00:00,M005,14,15,-0.7468
2026-01-23 14:00:00,M001,15,15,0.1914
2026-01-23 14:00:00,M004,30,30,-0.0756
2026-01-23 14:00:00,M005,15,15,-0.4233
2026-01-23 15:00:00,M001,21,21,0.2899
2026-01-23 15:00:00,M002,21,21,-0.0791
2026-01-23 15:00:00,M003,42,42,-0.1889
2026-01-23 16:00:00,M006,12,12,-0.1902
2026-01-23 16:00:00,M007,12,12,-0.3222
2026-01-23 16:00:00,M008,24,24,-0.3531
2026-01-23 17:00:00,M006,12,12,-0.0858
2026-01-23 17:00:00,M007,12,12,-0.1274
2026-01-23 17:00:00,M008,24,24,-0.2164
2026-01-23 18:00:00,M006,11,11,0.0592
2026-01-23 18:00:00,M007,11,11,0.2726
2026-01-23 18:00:00,M008,21,22,-0.5166
2026-01-23 19:00:00,M006,10,10,0.1861
2026-01-23 19:00:00,M007,11,10,0.7024
2026-01-23 19:00:00,M008,20,20,0.0342
2026-01-23 20:00:00,M006,12,12,0.1427
2026-01-23 20:00:00,M007,12,12,0.4163
2026-01-23 20:00:00,M008,24,24,0.331
2026-01-23 21:00:00,M006,11,11,0.2062
2026-01-23 21:00:00,M007,11,11,0.2638
2026-01-23 21:00:00,M008,22,22,-0.0379
2026-01-23 22:00:00,M001,14,14,0.0311
2026-01-23 22:00:00,M004,27,28,-0.5675
2026-01-23 22:00:00,M005,13,14,-0.7631
2026-01-23 23:00:00,M001,15,15,-0.0818
2026-01-23 23:00:00,M004,29,30,-0.5627
2026-01-23 23:00:00,M005,15,15,-0.225
2026-01-24 00:00:00,M001,14,14,-0.3077
2026-01-24 00:00:00,M004,28,28,-0.4049
2026-01-24 00:00:00,M005,14,14,-0.0124
2026-01-24 01:00:00,M001,13,13,0.0218
2026-01-24 01:00:00,M004,26,26,-0.3156
2026-01-24 01:00:00,M005,13,13,-0.0735
2026-01-24 02:00:00,M001,12,12,-0.0358
2026-01-24 02:00:00,M004,24,24,-0.4701
2026-01-24 02:00:00,M005,12,12,0.0614
2026-01-24 03:00:00,M001,12,12,-0.3345
2026-01-24 03:00:00,M004,24,24,0.0002
2026-01-24 03:00:00,M005,12,12,0.0832
2026-01-24 04:00:00,M001,12,12,-0.2208
2026-01-24 04:00:00,M004,24,24,-0.1695
2026-01-24 04:00:00,M005,12,12,0.3588
2026-01-24 05:00:00,M001,12,12,0.3042
2026-01-24 05:00:00,M004,23,24,-0.5631
2026-01-24 05:00:00,M005,12,12,0.4814
2026-01-24 06:00:00,M001,13,13,0.1929
2026-01-24 06:00:00,M004,25,26,-0.5532
2026-01-24 06:00:00,M005,14,13,0.6407
2026-01-24 07:00:00,M006,9,9,0.0973
2026-01-24 07:00:00,M007,9,9,0.4364
2026-01-24 07:00:00,M008,18,18,0.0045
2026-01-24 08:00:00,M006,11,10,0.7071
2026-01-24 08:00:00,M007,10,10,0.3509
2026-01-24 08:00:00,M008,20,20,-0.0194
2026-01-24 09:00:00,M001,21,21,0.3276
2026-01-24 09:00:00,M002,21,21,-0.4168
2026-01-24 09:00:00,M003,42,42,0.0642
2026-01-24 10:00:00,M001,21,20,0.5172
2026-01-24 10:00:00,M002,20,20,-0.1158
2026-01-24 10:00:00,M003,40,40,0.2092
2026-01-24 11:00:00,M001,20,20,0.3312
2026-01-24 11:00:00,M002,20,20,0.0329
2026-01-24 11:00:00,M003,40,40,0.2229
2026-01-24 12:00:00,M001,19,19,0.3961
2026-01-24 12:00:00,M002,19,19,-0.0908
2026-01-24 12:00:00,M003,38,38,-0.1134
2026-01-24 13:00:00,M006,9,9,0.3966
2026-01-24 13:00:00,M007,9,9,0.1125
2026-01-24 13:00:00,M008,18,18,0.1926
2026-01-24 14:00:00,M001,16,16,0.4581
2026-01-24 14:00:00,M004,32,32,-0.0746
2026-01-24 14:00:00,M005,16,16,0.4768
2026-01-24 15:00:00,M006,11,11,0.0806
2026-01-24 15:00:00,M007,12,11,0.5388
2026-01-24 15:00:00,M008,22,22,0.3678
2026-01-24 16:00:00,M001,15,15,0.3799
2026-01-24 16:00:00,M004,29,30,-0.5668
2026-01-24 16:00:00,M005,16,15,0.6747
2026-01-24 17:00:00,M001,14,14,-0.4245
2026-01-24 17:00:00,M004,27,28,-0.9164
2026-01-24 17:00:00,M005,15,14,0.7366
2026-01-24 18:00:00,M001,19,19,-0.1867
2026-01-24 18:00:00,M002,18,19,-0.5273
2026-01-24 18:00:00,M003,38,38,-0.2636
2026-01-24 19:00:00,M006,11,11,-0.0804
2026-01-24 19:00:00,M007,11,11,-0.0459
2026-01-24 19:00:00,M008,22,22,-0.2524
2026-01-24 20:00:00,M001,16,16,0.3796
2026-01-24 20:00:00,M004,31,32,-1.1194
2026-01-24 20:00:00,M005,17,16,0.9244
2026-01-24 21:00:00,M006,11,11,-0.1014
2026-01-24 21:00:00,M007,11,11,-0.175
2026-01-24 21:00:00,M008,22,22,0.09
2026-01-24 22:00:00,M001,21,21,0.0031
2026-01-24 22:00:00,M002,20,21,-0.6045
2026-01-24 22:00:00,M003,42,42,-0.2382
2026-01-24 23:00:00,M001,15,15,-0.2735
2026-01-24 23:00:00,M004,29,30,-0.9695
2026-01-24 23:00:00,M005,16,15,0.7844
2026-01-25 00:00:00,M006,8,8,-0.302
2026-01-25 00:00:00,M007,8,8,-0.2899
2026-01-25 00:00:00,M008,16,16,-0.4781
2026-01-25 01:00:00,M006,8,9,-0.7109
2026-01-25 01:00:00,M007,8,9,-0.5191
2026-01-25 01:00:00,M008,17,18,-0.9185
2026-01-25 02:00:00,M006,9,10,-0.5432
2026-01-25 02:00:00,M007,10,10,-0.1702
2026-01-25 02:00:00,M008,19,20,-0.7344
2026-01-25 03:00:00,M006,10,10,0.043
2026-01-25 03:00:00,M007,10,10,-0.1324
2026-01-25 03:00:00,M008,19,20,-0.7135
2026-01-25 04:00:00,M006,10,10,0.304
2026-01-25 04:00:00,M007,10,10,-0.259
2026-01-25 04:00:00,M008,20,20,-0.3992
2026-01-25 05:00:00,M001,15,15,-0.3908
2026-01-25 05:00:00,M004,29,30,-1.1985
2026-01-25 05:00:00,M005,15,15,0.4424
2026-01-25 06:00:00,M001,14,14,-0.2029
2026-01-25 06:00:00,M004,27,28,-0.712
2026-01-25 06:00:00,M005,14,14,0.3267
2026-01-25 07:00:00,M001,16,16,0.0334
2026-01-25 07:00:00,M004,31,32,-0.6291
2026-01-25 07:00:00,M005,16,16,-0.221
2026-01-25 08:00:00,M001,20,20,0.2299
2026-01-25 08:00:00,M002,20,20,-0.3687
2026-01-25 08:00:00,M003,40,40,0.207
2026-01-25 09:00:00,M001,14,14,0.0609
2026-01-25 09:00:00,M004,28,28,0.1033
2026-01-25 09:00:00,M005,14,14,-0.0613
2026-01-25 10:00:00,M001,15,15,0.0037
2026-01-25 10:00:00,M004,30,30,0.2533
2026-01-25 10:00:00,M005,15,15,-0.1611
2026-01-25 11:00:00,M006,9,9,0.3296
2026-01-25 11:00:00,M007,9,9,-0.0693
2026-01-25 11:00:00,M008,18,18,-0.4003
2026-01-25 12:00:00,M006,8,8,0.0651
2026-01-25 12:00:00,M007,8,8,-0.2581
2026-01-25 12:00:00,M008,15,16,-0.6126
2026-01-25 13:00:00,M006,9,9,0.2168
2026-01-25 13:00:00,M007,9,9,-0.31
2026-01-25 13:00:00,M008,17,18,-0.5716
2026-01-25 14:00:00,M001,20,20,-0.2259
2026-01-25 14:00:00,M002,20,20,-0.1538
2026-01-25 14:00:00,M003,41,40,0.7749
2026-01-25 15:00:00,M001,20,20,-0.0391
2026-01-25 15:00:00,M002,20,20,-0.1762
2026-01-25 15:00:00,M003,41,40,0.8535
2026-01-25 16:00:00,M001,13,13,0.0309
2026-01-25 16:00:00,M004,26,26,0.2371
2026-01-25 16:00:00,M005,13,13,-0.497
2026-01-25 17:00:00,M001,13,13,0.463
2026-01-25 17:00:00,M004,26,26,0.4984
2026-01-25 17:00:00,M005,13,13,-0.2995
2026-01-25 18:00:00,M001,13,13,0.3142
2026-01-25 18:00:00,M004,27,26,0.7969
2026-01-25 18:00:00,M005,13,13,-0.3938
2026-01-25 19:00:00,M001,12,12,-0.0516
2026-01-25 19:00:00,M004,24,24,0.4116
2026-01-25 19:00:00,M005,12,12,0.2203
2026-01-25 20:00:00,M001,14,14,-0.0678
2026-01-25 20:00:00,M004,28,28,-0.1586
2026-01-25 20:00:00,M005,14,14,0.1205
2026-01-25 21:00:00,M006,9,9,0.4168
2026-01-25 21:00:00,M007,9,9,-0.1108
2026-01-25 21:00:00,M008,18,18,-0.4944
2026-01-25 22:00:00,M001,15,14,0.5148
2026-01-25 22:00:00,M004,28,28,-0.2125
2026-01-25 22:00:00,M005,14,14,-0.2268
2026-01-25 23:00:00,M001,19,19,0.4937
2026-01-25 23:00:00,M002,18,19,-0.7097
2026-01-25 23:00:00,M003,38,38,0.1869
2026-01-26 00:00:00,M001,19,19,0.2165
2026-01-26 00:00:00,M002,18,19,-0.7676
2026-01-26 00:00:00,M003,38,38,-0.3794
2026-01-26 01:00:00,M001,19,19,0.0222
2026-01-26 01:00:00,M002,19,19,-0.4367
2026-01-26 01:00:00,M003,37,38,-0.6256
2026-01-26 02:00:00,M001,19,19,-0.0977
2026-01-26 02:00:00,M002,19,19,-0.3202
2026-01-26 02:00:00,M003,37,38,-1.018
2026-01-26 03:00:00,M001,19,19,-0.1933
2026-01-26 03:00:00,M002,19,19,0.064
2026-01-26 03:00:00,M003,37,38,-0.9689
2026-01-26 04:00:00,M001,18,18,0.143
2026-01-26 04:00:00,M002,17,18,-0.5815
2026-01-26 04:00:00,M003,35,36,-0.5535
2026-01-26 05:00:00,M001,17,17,0.2773
2026-01-26 05:00:00,M002,17,17,-0.4612
2026-01-26 05:00:00,M003,34,34,-0.3145
2026-01-26 06:00:00,M001,21,21,-0.253
2026-01-26 06:00:00,M002,21,21,-0.486
2026-01-26 06:00:00,M003,42,42,-0.3625
2026-01-26 07:00:00,M001,20,20,-0.2855
2026-01-26 07:00:00,M002,20,20,-0.3615
2026-01-26 07:00:00,M003,39,40,-0.5862
2026-01-26 08:00:00,M001,21,21,0.033
2026-01-26 08:00:00,M002,21,21,-0.1716
2026-01-26 08:00:00,M003,42,42,0.4843
2026-01-26 09:00:00,M001,17,17,0.1232
2026-01-26 09:00:00,M004,34,34,0.317
2026-01-26 09:00:00,M005,17,17,0.1695
2026-01-26 10:00:00,M001,17,17,0.2294
2026-01-26 10:00:00,M004,34,34,0.3
2026-01-26 10:00:00,M005,17,17,0.1477
2026-01-26 11:00:00,M001,17,17,0.2382
2026-01-26 11:00:00,M004,34,34,0.0967
2026-01-26 11:00:00,M005,17,17,0.1094
2026-01-26 12:00:00,M001,20,20,-0.1747
2026-01-26 12:00:00,M002,20,20,-0.0094
2026-01-26 12:00:00,M003,41,40,0.6371
2026-01-26 13:00:00,M001,20,20,-0.3269
2026-01-26 13:00:00,M002,20,20,0.0157
2026-01-26 13:00:00,M003,40,40,0.0542
2026-01-26 14:00:00,M001,20,20,-0.2456
2026-01-26 14:00:00,M002,20,20,0.0163
2026-01-26 14:00:00,M003,40,40,0.2811
2026-01-26 15:00:00,M001,20,20,-0.2471
2026-01-26 15:00:00,M002,20,20,0.0661
2026-01-26 15:00:00,M003,40,40,0.3314
2026-01-26 16:00:00,M001,21,21,0.1285
2026-01-26 16:00:00,M002,21,21,-0.3176
2026-01-26 16:00:00,M003,42,42,0.0883
2026-01-26 17:00:00,M001,20,20,-0.1298
2026-01-26 17:00:00,M002,20,20,0.1244
2026-01-26 17:00:00,M003,40,40,-0.0758
2026-01-26 18:00:00,M001,21,20,0.6377
2026-01-26 18:00:00,M002,20,20,-0.1641
2026-01-26 18:00:00,M003,40,40,-0.3375
2026-01-26 19:00:00,M001,21,20,0.9639
2026-01-26 19:00:00,M002,20,20,-0.226
2026-01-26 19:00:00,M003,40,40,-0.449
2026-01-26 20:00:00,M001,21,20,0.5913
2026-01-26 20:00:00,M002,20,20,-0.0564
2026-01-26 20:00:00,M003,40,40,-0.2683
2026-01-26 21:00:00,M001,16,16,0.304
2026-01-26 21:00:00,M004,32,32,-0.2672
2026-01-26 21:00:00,M005,16,16,-0.0847
2026-01-26 22:00:00,M001,23,23,0.0192
2026-01-26 22:00:00,M002,23,23,0.3466
2026-01-26 22:00:00,M003,46,46,-0.0424
2026-01-26 23:00:00,M001,23,23,-0.4917
2026-01-26 23:00:00,M002,23,23,0.1239
2026-01-26 23:00:00,M003,46,46,-0.0707
2026-01-27 00:00:00,M001,20,21,-0.637
2026-01-27 00:00:00,M002,21,21,0.0
2026-01-27 00:00:00,M003,42,42,-0.242
2026-01-27 01:00:00,M001,19,20,-0.8577
2026-01-27 01:00:00,M002,20,20,-0.0978
2026-01-27 01:00:00,M003,39,40,-0.7495
2026-01-27 02:00:00,M001,19,20,-0.745
2026-01-27 02:00:00,M002,19,20,-0.5553
2026-01-27 02:00:00,M003,40,40,-0.3426
2026-01-27 03:00:00,M001,15,15,-0.2883
2026-01-27 03:00:00,M004,30,30,-0.2076
2026-01-27 03:00:00,M005,15,15,-0.2586
2026-01-27 04:00:00,M001,14,14,-0.0986
2026-01-27 04:00:00,M004,27,28,-0.7306
2026-01-27 04:00:00,M005,14,14,-0.1491
2026-01-27 05:00:00,M001,14,14,-0.4396
2026-01-27 05:00:00,M004,27,28,-0.8937
2026-01-27 05:00:00,M005,14,14,0.0244
2026-01-27 06:00:00,M001,16,16,-0.1101
2026-01-27 06:00:00,M004,31,32,-0.5319
2026-01-27 06:00:00,M005,16,16,-0.3696
2026-01-27 07:00:00,M001,18,18,0.0935
2026-01-27 07:00:00,M004,35,36,-0.6315
2026-01-27 07:00:00,M005,18,18,0.1484
2026-01-27 08:00:00,M001,19,19,0.3144
2026-01-27 08:00:00,M004,38,38,-0.3566
2026-01-27 08:00:00,M005,19,19,0.4878
2026-01-27 09:00:00,M001,19,19,0.1482
2026-01-27 09:00:00,M004,38,38,-0.0603
2026-01-27 09:00:00,M005,20,19,0.6077
2026-01-27 10:00:00,M006,14,14,0.0649
2026-01-27 10:00:00,M007,15,14,0.5036
2026-01-27 10:00:00,M008,28,28,-0.09
2026-01-27 11:00:00,M006,13,13,0.2418
2026-01-27 11:00:00,M007,14,13,0.7915
2026-01-27 11:00:00,M008,26,26,-0.032
2026-01-27 12:00:00,M001,17,17,-0.2608
2026-01-27 12:00:00,M004,34,34,0.0621
2026-01-27 12:00:00,M005,18,17,0.7413
2026-01-27 13:00:00,M001,16,16,0.3784
2026-01-27 13:00:00,M004,32,32,-0.3296
2026-01-27 13:00:00,M005,17,16,0.7214
2026-01-27 14:00:00,M001,17,17,0.2455
2026-01-27 14:00:00,M004,34,34,0.1531
2026-01-27 14:00:00,M005,17,17,0.4237
2026-01-27 15:00:00,M001,21,21,0.3793
2026-01-27 15:00:00,M002,21,21,-0.3001
2026-01-27 15:00:00,M003,42,42,0.2526
2026-01-27 16:00:00,M001,22,22,0.1275
2026-01-27 16:00:00,M002,22,22,-0.1856
2026-01-27 16:00:00,M003,44,44,0.195
2026-01-27 17:00:00,M001,20,20,-0.3127
2026-01-27 17:00:00,M002,20,20,-0.0803
2026-01-27 17:00:00,M003,40,40,0.291
2026-01-27 18:00:00,M001,15,15,-0.2249
2026-01-27 18:00:00,M004,30,30,-0.1184
2026-01-27 18:00:00,M005,15,15,-0.0925
2026-01-27 19:00:00,M001,14,15,-0.8034
2026-01-27 19:00:00,M004,30,30,0.453
2026-01-27 19:00:00,M005,15,15,-0.0636
2026-01-27 20:00:00,M006,11,11,-0.0212
2026-01-27 20:00:00,M007,11,11,0.435
2026-01-27 20:00:00,M008,22,22,-0.0254
2026-01-27 21:00:00,M006,11,11,0.1201
2026-01-27 21:00:00,M007,11,11,0.0061
2026-01-27 21:00:00,M008,22,22,-0.2013
2026-01-27 22:00:00,M006,10,10,0.2227
2026-01-27 22:00:00,M007,10,10,-0.0134
2026-01-27 22:00:00,M008,20,20,-0.0883
2026-01-27 23:00:00,M001,19,20,-0.593
2026-01-27 23:00:00,M002,20,20,0.1179
2026-01-27 23:00:00,M003,40,40,0.1403
2026-01-28 00:00:00,M001,19,20,-0.5289
2026-01-28 00:00:00,M002,20,20,-0.0137
2026-01-28 00:00:00,M003,40,40,-0.3569
2026-01-28 01:00:00,M001,19,20,-0.6753
2026-01-28 01:00:00,M002,20,20,-0.1934
2026-01-28 01:00:00,M003,39,40,-0.7018
2026-01-28 02:00:00,M001,19,19,-0.4786
2026-01-28 02:00:00,M002,18,19,-0.5246
2026-01-28 02:00:00,M003,37,38,-0.5417
2026-01-28 03:00:00,M006,9,9,0.2456
2026-01-28 03:00:00,M007,9,9,-0.3364
2026-01-28 03:00:00,M008,18,18,0.1887
2026-01-28 04:00:00,M006,10,10,0.1164
2026-01-28 04:00:00,M007,9,10,-0.56
2026-01-28 04:00:00,M008,21,20,0.6901
2026-01-28 05:00:00,M006,10,10,0.2971
2026-01-28 05:00:00,M007,9,10,-0.529
2026-01-28 05:00:00,M008,20,20,0.4868
2026-01-28 06:00:00,M006,11,11,-0.0697
2026-01-28 06:00:00,M007,11,11,-0.3517
2026-01-28 06:00:00,M008,23,22,0.6312
2026-01-28 07:00:00,M006,10,10,0.1576
2026-01-28 07:00:00,M007,9,10,-0.7389
2026-01-28 07:00:00,M008,21,20,0.8288
2026-01-28 08:00:00,M006,11,11,0.0905
2026-01-28 08:00:00,M007,10,11,-0.7332
2026-01-28 08:00:00,M008,22,22,0.2556
2026-01-28 09:00:00,M006,11,11,0.1984
2026-01-28 09:00:00,M007,10,11,-0.5249
2026-01-28 09:00:00,M008,22,22,0.2763
2026-01-28 10:00:00,M006,10,10,0.0312
2026-01-28 10:00:00,M007,9,10,-0.6382
2026-01-28 10:00:00,M008,20,20,0.3532
2026-01-28 11:00:00,M001,21,21,0.1069
2026-01-28 11:00:00,M002,21,21,-0.2377
2026-01-28 11:00:00,M003,42,42,0.1572
2026-01-28 12:00:00,M001,16,16,-0.0001
2026-01-28 12:00:00,M004,33,32,0.6431
2026-01-28 12:00:00,M005,16,16,0.2242
2026-01-28 13:00:00,M001,20,20,0.1507
2026-01-28 13:00:00,M002,20,20,-0.2076
2026-01-28 13:00:00,M003,40,40,0.2891
2026-01-28 14:00:00,M006,9,9,0.3414
2026-01-28 14:00:00,M007,9,9,-0.3452
2026-01-28 14:00:00,M008,19,18,0.5091
2026-01-28 15:00:00,M006,9,8,0.7474
2026-01-28 15:00:00,M007,8,8,-0.2637
2026-01-28 15:00:00,M008,16,16,0.4272
2026-01-28 16:00:00,M006,10,10,0.2346
2026-01-28 16:00:00,M007,10,10,-0.1591
2026-01-28 16:00:00,M008,20,20,0.1407
2026-01-28 17:00:00,M006,9,9,-0.2052
2026-01-28 17:00:00,M007,9,9,-0.2798
2026-01-28 17:00:00,M008,18,18,0.0613
2026-01-28 18:00:00,M001,18,18,0.1675
2026-01-28 18:00:00,M002,18,18,0.3783
2026-01-28 18:00:00,M003,36,36,-0.0172
2026-01-28 19:00:00,M001,19,19,0.1895
2026-01-28 19:00:00,M002,19,19,0.1019
2026-01-28 19:00:00,M003,38,38,0.3817
2026-01-28 20:00:00,M001,14,14,-0.0337
2026-01-28 20:00:00,M004,28,28,0.2459
2026-01-28 20:00:00,M005,14,14,0.0064
2026-01-28 21:00:00,M001,19,19,-0.3242
2026-01-28 21:00:00,M002,19,19,-0.1166
2026-01-28 21:00:00,M003,38,38,-0.1757
2026-01-28 22:00:00,M001,19,19,-0.4757
2026-01-28 22:00:00,M002,19,19,-0.0969
2026-01-28 22:00:00,M003,38,38,-0.3777
2026-01-28 23:00:00,M001,19,19,-0.3291
2026-01-28 23:00:00,M002,19,19,-0.0835
2026-01-28 23:00:00,M003,38,38,-0.1612
2026-01-29 00:00:00,M001,17,18,-0.7123
2026-01-29 00:00:00,M002,18,18,0.1266
2026-01-29 00:00:00,M003,36,36,-0.2832
2026-01-29 01:00:00,M001,18,19,-0.9698
2026-01-29 01:00:00,M002,19,19,-0.3687
2026-01-29 01:00:00,M003,37,38,-0.6374
2026-01-29 02:00:00,M001,19,20,-1.1688
2026-01-29 02:00:00,M002,20,20,-0.249
2026-01-29 02:00:00,M003,40,40,-0.4343
2026-01-29 03:00:00,M006,10,10,0.065
2026-01-29 03:00:00,M007,10,10,-0.4653
2026-01-29 03:00:00,M008,20,20,0.2466
2026-01-29 04:00:00,M006,7,7,0.0565
2026-01-29 04:00:00,M007,7,7,-0.3222
2026-01-29 04:00:00,M008,14,14,0.3329
2026-01-29 05:00:00,M006,8,8,-0.0942
2026-01-29 05:00:00,M007,7,8,-0.736
2026-01-29 05:00:00,M008,16,16,0.0405
2026-01-29 06:00:00,M006,8,8,-0.149
2026-01-29 06:00:00,M007,8,8,-0.3024
2026-01-29 06:00:00,M008,16,16,0.2161
2026-01-29 07:00:00,M006,10,10,0.0556
2026-01-29 07:00:00,M007,10,10,-0.2555
2026-01-29 07:00:00,M008,20,20,-0.2008
2026-01-29 08:00:00,M006,10,10,0.1432
2026-01-29 08:00:00,M007,10,10,-0.2351
2026-01-29 08:00:00,M008,20,20,-0.1938
2026-01-29 09:00:00,M006,9,9,-0.0092
2026-01-29 09:00:00,M007,9,9,-0.3835
2026-01-29 09:00:00,M008,18,18,0.1054
2026-01-29 10:00:00,M006,9,9,0.0013
2026-01-29 10:00:00,M007,9,9,-0.0311
2026-01-29 10:00:00,M008,18,18,0.0176
2026-01-29 11:00:00,M001,13,14,-0.5855
2026-01-29 11:00:00,M004,28,28,0.3126
2026-01-29 11:00:00,M005,14,14,0.2412
2026-01-29 12:00:00,M001,14,14,-0.434
2026-01-29 12:00:00,M004,29,28,0.7231
2026-01-29 12:00:00,M005,14,14,-0.3703
2026-01-29 13:00:00,M006,7,7,-0.0294
2026-01-29 13:00:00,M007,7,7,-0.1599
2026-01-29 13:00:00,M008,14,14,0.1694
2026-01-29 14:00:00,M001,18,18,-0.2334
2026-01-29 14:00:00,M002,18,18,0.0098
2026-01-29 14:00:00,M003,36,36,0.3956
2026-01-29 15:00:00,M001,21,21,-0.3351
2026-01-29 15:00:00,M002,21,21,-0.2756
2026-01-29 15:00:00,M003,42,42,0.014
2026-01-29 16:00:00,M001,21,21,-0.4541
2026-01-29 16:00:00,M002,20,21,-0.5494
2026-01-29 16:00:00,M003,42,42,-0.24
2026-01-29 17:00:00,M001,14,15,-0.5319
2026-01-29 17:00:00,M004,31,30,0.8951
2026-01-29 17:00:00,M005,15,15,-0.2157
2026-01-29 18:00:00,M006,10,10,0.0303
2026-01-29 18:00:00,M007,10,10,0.0413
2026-01-29 18:00:00,M008,20,20,0.213
2026-01-29 19:00:00,M006,10,10,-0.2766
2026-01-29 19:00:00,M007,10,10,0.2594
2026-01-29 19:00:00,M008,20,20,0.3335
2026-01-29 20:00:00,M006,10,10,-0.1464
2026-01-29 20:00:00,M007,10,10,0.1667
2026-01-29 20:00:00,M008,20,20,0.024
2026-01-29 21:00:00,M006,10,10,-0.3065
2026-01-29 21:00:00,M007,10,10,0.4136
2026-01-29 21:00:00,M008,20,20,0.0914
2026-01-29 22:00:00,M006,8,8,0.0634
2026-01-29 22:00:00,M007,8,8,0.0355
2026-01-29 22:00:00,M008,16,16,-0.0272
2026-01-29 23:00:00,M006,7,7,0.3276
2026-01-29 23:00:00,M007,7,7,-0.0455
2026-01-29 23:00:00,M008,14,14,0.2434
2026-01-30 00:00:00,M006,7,7,0.2815
2026-01-30 00:00:00,M007,7,7,0.1527
2026-01-30 00:00:00,M008,14,14,0.1976
2026-01-30 01:00:00,M001,16,16,-0.2139
2026-01-30 01:00:00,M002,16,16,-0.3556
2026-01-30 01:00:00,M003,31,32,-0.7349
2026-01-30 02:00:00,M001,18,18,-0.2751
2026-01-30 02:00:00,M002,17,18,-0.6443
2026-01-30 02:00:00,M003,35,36,-0.734
2026-01-30 03:00:00,M001,19,19,-0.3897
2026-01-30 03:00:00,M002,18,19,-0.5419
2026-01-30 03:00:00,M003,37,38,-0.5887
2026-01-30 04:00:00,M001,17,17,-0.373
2026-01-30 04:00:00,M002,17,17,-0.2085
2026-01-30 04:00:00,M003,33,34,-0.5674
2026-01-30 05:00:00,M006,9,9,0.3539
2026-01-30 05:00:00,M007,9,9,-0.1965
2026-01-30 05:00:00,M008,18,18,0.405
2026-01-30 06:00:00,M006,10,9,0.608
2026-01-30 06:00:00,M007,9,9,-0.1513
2026-01-30 06:00:00,M008,19,18,0.5373
2026-01-30 07:00:00,M001,18,18,-0.2542
2026-01-30 07:00:00,M002,18,18,-0.185
2026-01-30 07:00:00,M003,36,36,-0.4237
2026-01-30 08:00:00,M001,18,18,0.0503
2026-01-30 08:00:00,M002,18,18,-0.1386
2026-01-30 08:00:00,M003,36,36,-0.1521
2026-01-30 09:00:00,M001,19,19,0.3449
2026-01-30 09:00:00,M002,19,19,-0.0151
2026-01-30 09:00:00,M003,38,38,0.0523
2026-01-30 10:00:00,M001,20,19,0.7768
2026-01-30 10:00:00,M002,19,19,0.005
2026-01-30 10:00:00,M003,39,38,0.5857
2026-01-30 11:00:00,M006,7,7,0.0861
2026-01-30 11:00:00,M007,7,7,0.2094
2026-01-30 11:00:00,M008,15,14,0.6889
2026-01-30 12:00:00,M001,17,17,0.3651
2026-01-30 12:00:00,M002,17,17,0.2283
2026-01-30 12:00:00,M003,34,34,0.3973
2026-01-30 13:00:00,M001,12,12,0.3868
2026-01-30 13:00:00,M004,25,24,0.8265
2026-01-30 13:00:00,M005,12,12,-0.2227
2026-01-30 14:00:00,M001,14,14,0.2919
2026-01-30 14:00:00,M004,29,28,0.831
2026-01-30 14:00:00,M005,14,14,-0.0639
2026-01-30 15:00:00,M006,9,9,0.2601
2026-01-30 15:00:00,M007,9,9,0.2126
2026-01-30 15:00:00,M008,18,18,0.1818
2026-01-30 16:00:00,M006,10,10,-0.1165
2026-01-30 16:00:00,M007,10,10,0.322
2026-01-30 16:00:00,M008,20,20,-0.102
2026-01-30 17:00:00,M006,10,10,0.0993
2026-01-30 17:00:00,M007,11,10,0.5249
2026-01-30 17:00:00,M008,20,20,-0.2043
2026-01-30 18:00:00,M001,16,15,0.5072
2026-01-30 18:00:00,M004,31,30,0.5463
2026-01-30 18:00:00,M005,15,15,0.1764
2026-01-30 19:00:00,M001,14,14,0.314
2026-01-30 19:00:00,M004,28,28,-0.0565
2026-01-30 19:00:00,M005,15,14,0.5921
2026-01-30 20:00:00,M001,15,15,-0.0226
2026-01-30 20:00:00,M004,30,30,0.2134
2026-01-30 20:00:00,M005,16,15,0.6253
2026-01-30 21:00:00,M001,16,16,-0.1635
2026-01-30 21:00:00,M004,33,32,0.5059
2026-01-30 21:00:00,M005,17,16,0.7639
2026-01-30 22:00:00,M001,16,16,-0.3888
2026-01-30 22:00:00,M004,32,32,0.211
2026-01-30 22:00:00,M005,16,16,0.4861
2026-01-30 23:00:00,M001,16,16,0.03
2026-01-30 23:00:00,M004,32,32,-0.0325
2026-01-30 23:00:00,M005,16,16,0.1115
2026-01-31 00:00:00,M006,10,10,-0.2328
2026-01-31 00:00:00,M007,10,10,0.1533
2026-01-31 00:00:00,M008,20,20,-0.2977
2026-01-31 01:00:00,M006,10,10,-0.3246
2026-01-31 01:00:00,M007,10,10,0.2127
2026-01-31 01:00:00,M008,20,20,0.1766
2026-01-31 02:00:00,M001,19,19,-0.0599
2026-01-31 02:00:00,M002,19,19,-0.0104
2026-01-31 02:00:00,M003,38,38,0.1017
2026-01-31 03:00:00,M001,20,20,-0.1668
2026-01-31 03:00:00,M002,20,20,0.1796
2026-01-31 03:00:00,M003,40,40,0.0184
2026-01-31 04:00:00,M001,19,19,-0.3373
2026-01-31 04:00:00,M002,19,19,-0.3695
2026-01-31 04:00:00,M003,38,38,-0.1419
2026-01-31 05:00:00,M001,19,19,-0.0275
2026-01-31 05:00:00,M002,19,19,-0.0655
2026-01-31 05:00:00,M003,38,38,-0.1618
2026-01-31 06:00:00,M001,18,18,-0.1723
2026-01-31 06:00:00,M002,18,18,-0.2362
2026-01-31 06:00:00,M003,36,36,0.0259
2026-01-31 07:00:00,M001,14,14,-0.1237
2026-01-31 07:00:00,M004,28,28,-0.1107
2026-01-31 07:00:00,M005,14,14,-0.1023
