timestamp,material_id,stock_quantity,safety_stock,inbound_quantity
2026-01-01 08:00:00,M006,289.0,100,0.0
2026-01-01 08:00:00,M007,289.0,100,0.0
2026-01-01 08:00:00,M008,278.0,100,0.0
2026-01-01 09:00:00,M006,278.0,100,0.0
2026-01-01 09:00:00,M007,278.0,100,0.0
2026-01-01 09:00:00,M008,256.0,100,0.0
2026-01-01 10:00:00,M006,267.0,100,0.0
2026-01-01 10:00:00,M007,267.0,100,0.0
2026-01-01 10:00:00,M008,234.0,100,0.0
2026-01-01 11:00:00,M006,255.0,100,0.0
2026-01-01 11:00:00,M007,255.0,100,0.0
2026-01-01 11:00:00,M008,210.0,100,0.0
2026-01-01 12:00:00,M006,244.0,100,0.0
2026-01-01 12:00:00,M007,244.0,100,0.0
2026-01-01 12:00:00,M008,188.0,100,0.0
2026-01-01 13:00:00,M006,233.0,100,0.0
2026-01-01 13:00:00,M007,233.0,100,0.0
2026-01-01 13:00:00,M008,166.0,100,0.0
2026-01-01 14:00:00,M006,220.0,100,0.0
2026-01-01 14:00:00,M007,221.0,100,0.0
2026-01-01 14:00:00,M008,142.0,100,0.0
2026-01-01 15:00:00,M006,208.0,100,0.0
2026-01-01 15:00:00,M007,209.0,100,0.0
2026-01-01 15:00:00,M008,118.0,100,0.0
2026-01-01 16:00:00,M006,197.0,100,0.0
2026-01-01 16:00:00,M007,198.0,100,0.0
2026-01-01 16:00:00,M008,500.0,100,404.0
2026-01-01 17:00:00,M001,284.0,100,0.0
2026-01-01 17:00:00,M004,268.0,100,0.0
2026-01-01 17:00:00,M005,284.0,100,0.0
2026-01-01 18:00:00,M001,268.0,100,0.0
2026-01-01 18:00:00,M004,236.0,100,0.0
2026-01-01 18:00:00,M005,268.0,100,0.0
2026-01-01 19:00:00,M001,248.0,100,0.0
2026-01-01 19:00:00,M002,280.0,100,0.0
2026-01-01 19:00:00,M003,259.0,100,0.0
2026-01-01 20:00:00,M001,228.0,100,0.0
2026-01-01 20:00:00,M002,260.0,100,0.0
2026-01-01 20:00:00,M003,219.0,100,0.0
2026-01-01 21:00:00,M001,209.0,100,0.0
2026-01-01 21:00:00,M002,241.0,100,0.0
2026-01-01 21:00:00,M003,181.0,100,0.0
2026-01-01 22:00:00,M006,188.0,100,0.0
2026-01-01 22:00:00,M007,190.0,100,0.0
2026-01-01 22:00:00,M008,484.0,100,0.0
2026-01-01 23:00:00,M006,180.0,100,0.0
2026-01-01 23:00:00,M007,182.0,100,0.0
2026-01-01 23:00:00,M008,467.0,100,0.0
2026-01-02 00:00:00,M006,173.0,100,0.0
2026-01-02 00:00:00,M007,175.0,100,0.0
2026-01-02 00:00:00,M008,453.0,100,0.0
2026-01-02 01:00:00,M006,165.0,100,0.0
2026-01-02 01:00:00,M007,167.0,100,0.0
2026-01-02 01:00:00,M008,437.0,100,0.0
2026-01-02 02:00:00,M001,192.0,100,0.0
2026-01-02 02:00:00,M002,225.0,100,0.0
2026-01-02 02:00:00,M003,147.0,100,0.0
2026-01-02 03:00:00,M001,176.0,100,0.0
2026-01-02 03:00:00,M002,210.0,100,0.0
2026-01-02 03:00:00,M003,115.0,100,0.0
2026-01-02 04:00:00,M006,156.0,100,0.0
2026-01-02 04:00:00,M007,158.0,100,0.0
2026-01-02 04:00:00,M008,419.0,100,0.0
2026-01-02 05:00:00,M006,147.0,100,0.0
2026-01-02 05:00:00,M007,149.0,100,0.0
2026-01-02 05:00:00,M008,401.0,100,0.0
2026-01-02 06:00:00,M006,138.0,100,0.0
2026-01-02 06:00:00,M007,140.0,100,0.0
2026-01-02 06:00:00,M008,383.0,100,0.0
2026-01-02 07:00:00,M001,158.0,100,0.0
2026-01-02 07:00:00,M002,192.0,100,0.0
2026-01-02 07:00:00,M003,500.0,100,421.0
2026-01-02 08:00:00,M006,129.0,100,0.0
2026-01-02 08:00:00,M007,131.0,100,0.0
2026-01-02 08:00:00,M008,365.0,100,0.0
2026-01-02 09:00:00,M006,119.0,100,0.0
2026-01-02 09:00:00,M007,122.0,100,0.0
2026-01-02 09:00:00,M008,347.0,100,0.0
2026-01-02 10:00:00,M006,110.0,100,0.0
2026-01-02 10:00:00,M007,113.0,100,0.0
2026-01-02 10:00:00,M008,328.0,100,0.0
2026-01-02 11:00:00,M006,101.0,100,0.0
2026-01-02 11:00:00,M007,104.0,100,0.0
2026-01-02 11:00:00,M008,310.0,100,0.0
2026-01-02 12:00:00,M001,139.0,100,0.0
2026-01-02 12:00:00,M002,173.0,100,0.0
2026-01-02 12:00:00,M003,462.0,100,0.0
2026-01-02 13:00:00,M001,120.0,100,0.0
2026-01-02 13:00:00,M002,154.0,100,0.0
2026-01-02 13:00:00,M003,424.0,100,0.0
2026-01-02 14:00:00,M001,106.0,100,0.0
2026-01-02 14:00:00,M004,208.0,100,0.0
2026-01-02 14:00:00,M005,254.0,100,0.0
2026-01-02 15:00:00,M001,500.0,100,410.0
2026-01-02 15:00:00,M004,176.0,100,0.0
2026-01-02 15:00:00,M005,238.0,100,0.0
2026-01-02 16:00:00,M001,484.0,100,0.0
2026-01-02 16:00:00,M004,144.0,100,0.0
2026-01-02 16:00:00,M005,222.0,100,0.0
2026-01-02 17:00:00,M001,470.0,100,0.0
2026-01-02 17:00:00,M004,116.0,100,0.0
2026-01-02 17:00:00,M005,208.0,100,0.0
2026-01-02 18:00:00,M001,454.0,100,0.0
2026-01-02 18:00:00,M004,500.0,100,414.0
2026-01-02 18:00:00,M005,193.0,100,0.0
2026-01-02 19:00:00,M006,500.0,100,408.0
2026-01-02 19:00:00,M007,500.0,100,405.0
2026-01-02 19:00:00,M008,292.0,100,0.0
2026-01-02 20:00:00,M006,490.0,100,0.0
2026-01-02 20:00:00,M007,490.0,100,0.0
2026-01-02 20:00:00,M008,272.0,100,0.0
2026-01-02 21:00:00,M001,441.0,100,0.0
2026-01-02 21:00:00,M004,474.0,100,0.0
2026-01-02 21:00:00,M005,180.0,100,0.0
2026-01-02 22:00:00,M001,428.0,100,0.0
2026-01-02 22:00:00,M004,448.0,100,0.0
2026-01-02 22:00:00,M005,167.0,100,0.0
2026-01-02 23:00:00,M006,482.0,100,0.0
2026-01-02 23:00:00,M007,482.0,100,0.0
2026-01-02 23:00:00,M008,256.0,100,0.0
2026-01-03 00:00:00,M006,473.0,100,0.0
2026-01-03 00:00:00,M007,473.0,100,0.0
2026-01-03 00:00:00,M008,239.0,100,0.0
2026-01-03 01:00:00,M001,414.0,100,0.0
2026-01-03 01:00:00,M004,420.0,100,0.0
2026-01-03 01:00:00,M005,153.0,100,0.0
2026-01-03 02:00:00,M001,400.0,100,0.0
2026-01-03 02:00:00,M004,392.0,100,0.0
2026-01-03 02:00:00,M005,139.0,100,0.0
2026-01-03 03:00:00,M001,386.0,100,0.0
2026-01-03 03:00:00,M004,364.0,100,0.0
2026-01-03 03:00:00,M005,125.0,100,0.0
2026-01-03 04:00:00,M001,369.0,100,0.0
2026-01-03 04:00:00,M002,137.0,100,0.0
2026-01-03 04:00:00,M003,390.0,100,0.0
2026-01-03 05:00:00,M001,352.0,100,0.0
2026-01-03 05:00:00,M002,120.0,100,0.0
2026-01-03 05:00:00,M003,356.0,100,0.0
2026-01-03 06:00:00,M001,339.0,100,0.0
2026-01-03 06:00:00,M004,338.0,100,0.0
2026-01-03 06:00:00,M005,112.0,100,0.0
2026-01-03 07:00:00,M001,326.0,100,0.0
2026-01-03 07:00:00,M004,310.0,100,0.0
2026-01-03 07:00:00,M005,500.0,100,402.0
2026-01-03 08:00:00,M001,311.0,100,0.0
2026-01-03 08:00:00,M004,280.0,100,0.0
2026-01-03 08:00:00,M005,485.0,100,0.0
2026-01-03 09:00:00,M001,297.0,100,0.0
2026-01-03 09:00:00,M004,251.0,100,0.0
2026-01-03 09:00:00,M005,470.0,100,0.0
2026-01-03 10:00:00,M006,463.0,100,0.0
2026-01-03 10:00:00,M007,463.0,100,0.0
2026-01-03 10:00:00,M008,220.0,100,0.0
2026-01-03 11:00:00,M001,277.0,100,0.0
2026-01-03 11:00:00,M002,100.0,100,0.0
2026-01-03 11:00:00,M003,315.0,100,0.0
2026-01-03 12:00:00,M006,454.0,100,0.0
2026-01-03 12:00:00,M007,454.0,100,0.0
2026-01-03 12:00:00,M008,202.0,100,0.0
2026-01-03 13:00:00,M006,444.0,100,0.0
2026-01-03 13:00:00,M007,443.0,100,0.0
2026-01-03 13:00:00,M008,182.0,100,0.0
2026-01-03 14:00:00,M006,433.0,100,0.0
2026-01-03 14:00:00,M007,431.0,100,0.0
2026-01-03 14:00:00,M008,160.0,100,0.0
2026-01-03 15:00:00,M006,420.0,100,0.0
2026-01-03 15:00:00,M007,418.0,100,0.0
2026-01-03 15:00:00,M008,136.0,100,0.0
2026-01-03 16:00:00,M001,262.0,100,0.0
2026-01-03 16:00:00,M004,220.0,100,0.0
2026-01-03 16:00:00,M005,454.0,100,0.0
2026-01-03 17:00:00,M001,242.0,100,0.0
2026-01-03 17:00:00,M002,500.0,100,420.0
2026-01-03 17:00:00,M003,274.0,100,0.0
2026-01-03 18:00:00,M001,222.0,100,0.0
2026-01-03 18:00:00,M002,480.0,100,0.0
2026-01-03 18:00:00,M003,234.0,100,0.0
2026-01-03 19:00:00,M001,201.0,100,0.0
2026-01-03 19:00:00,M002,458.0,100,0.0
2026-01-03 19:00:00,M003,192.0,100,0.0
2026-01-03 20:00:00,M001,181.0,100,0.0
2026-01-03 20:00:00,M002,438.0,100,0.0
2026-01-03 20:00:00,M003,152.0,100,0.0
2026-01-03 21:00:00,M001,160.0,100,0.0
2026-01-03 21:00:00,M002,418.0,100,0.0
2026-01-03 21:00:00,M003,112.0,100,0.0
2026-01-03 22:00:00,M006,411.0,100,0.0
2026-01-03 22:00:00,M007,408.0,100,0.0
2026-01-03 22:00:00,M008,118.0,100,0.0
2026-01-03 23:00:00,M006,402.0,100,0.0
2026-01-03 23:00:00,M007,400.0,100,0.0
2026-01-03 23:00:00,M008,102.0,100,0.0
2026-01-04 00:00:00,M001,146.0,100,0.0
2026-01-04 00:00:00,M004,191.0,100,0.0
2026-01-04 00:00:00,M005,440.0,100,0.0
2026-01-04 01:00:00,M001,131.0,100,0.0
2026-01-04 01:00:00,M004,161.0,100,0.0
2026-01-04 01:00:00,M005,425.0,100,0.0
2026-01-04 02:00:00,M001,112.0,100,0.0
2026-01-04 02:00:00,M002,399.0,100,0.0
2026-01-04 02:00:00,M003,500.0,100,426.0
2026-01-04 03:00:00,M001,500.0,100,408.0
2026-01-04 03:00:00,M002,379.0,100,0.0
2026-01-04 03:00:00,M003,460.0,100,0.0
2026-01-04 04:00:00,M001,485.0,100,0.0
2026-01-04 04:00:00,M004,131.0,100,0.0
2026-01-04 04:00:00,M005,410.0,100,0.0
2026-01-04 05:00:00,M001,470.0,100,0.0
2026-01-04 05:00:00,M004,101.0,100,0.0
2026-01-04 05:00:00,M005,395.0,100,0.0
2026-01-04 06:00:00,M001,455.0,100,0.0
2026-01-04 06:00:00,M004,500.0,100,430.0
2026-01-04 06:00:00,M005,380.0,100,0.0
2026-01-04 07:00:00,M006,391.0,100,0.0
2026-01-04 07:00:00,M007,389.0,100,0.0
2026-01-04 07:00:00,M008,500.0,100,420.0
2026-01-04 08:00:00,M001,433.0,100,0.0
2026-01-04 08:00:00,M002,357.0,100,0.0
2026-01-04 08:00:00,M003,416.0,100,0.0
2026-01-04 09:00:00,M001,410.0,100,0.0
2026-01-04 09:00:00,M002,334.0,100,0.0
2026-01-04 09:00:00,M003,369.0,100,0.0
2026-01-04 10:00:00,M001,390.0,100,0.0
2026-01-04 10:00:00,M002,314.0,100,0.0
2026-01-04 10:00:00,M003,328.0,100,0.0
2026-01-04 11:00:00,M006,380.0,100,0.0
2026-01-04 11:00:00,M007,378.0,100,0.0
2026-01-04 11:00:00,M008,478.0,100,0.0
2026-01-04 12:00:00,M006,370.0,100,0.0
2026-01-04 12:00:00,M007,368.0,100,0.0
2026-01-04 12:00:00,M008,458.0,100,0.0
2026-01-04 13:00:00,M006,360.0,100,0.0
2026-01-04 13:00:00,M007,358.0,100,0.0
2026-01-04 13:00:00,M008,438.0,100,0.0
2026-01-04 14:00:00,M006,350.0,100,0.0
2026-01-04 14:00:00,M007,348.0,100,0.0
2026-01-04 14:00:00,M008,418.0,100,0.0
2026-01-04 15:00:00,M006,341.0,100,0.0
2026-01-04 15:00:00,M007,339.0,100,0.0
2026-01-04 15:00:00,M008,400.0,100,0.0
2026-01-04 16:00:00,M001,371.0,100,0.0
2026-01-04 16:00:00,M002,295.0,100,0.0
2026-01-04 16:00:00,M003,289.0,100,0.0
2026-01-04 17:00:00,M001,352.0,100,0.0
2026-01-04 17:00:00,M002,276.0,100,0.0
2026-01-04 17:00:00,M003,250.0,100,0.0
2026-01-04 18:00:00,M001,336.0,100,0.0
2026-01-04 18:00:00,M004,467.0,100,0.0
2026-01-04 18:00:00,M005,364.0,100,0.0
2026-01-04 19:00:00,M001,321.0,100,0.0
2026-01-04 19:00:00,M004,436.0,100,0.0
2026-01-04 19:00:00,M005,349.0,100,0.0
2026-01-04 20:00:00,M001,307.0,100,0.0
2026-01-04 20:00:00,M004,408.0,100,0.0
2026-01-04 20:00:00,M005,335.0,100,0.0
2026-01-04 21:00:00,M001,293.0,100,0.0
2026-01-04 21:00:00,M004,380.0,100,0.0
2026-01-04 21:00:00,M005,322.0,100,0.0
2026-01-04 22:00:00,M001,279.0,100,0.0
2026-01-04 22:00:00,M004,350.0,100,0.0
2026-01-04 22:00:00,M005,307.0,100,0.0
2026-01-04 23:00:00,M006,331.0,100,0.0
2026-01-04 23:00:00,M007,329.0,100,0.0
2026-01-04 23:00:00,M008,380.0,100,0.0
2026-01-05 00:00:00,M006,321.0,100,0.0
2026-01-05 00:00:00,M007,319.0,100,0.0
2026-01-05 00:00:00,M008,360.0,100,0.0
2026-01-05 01:00:00,M006,311.0,100,0.0
2026-01-05 01:00:00,M007,309.0,100,0.0
2026-01-05 01:00:00,M008,340.0,100,0.0
2026-01-05 02:00:00,M006,301.0,100,0.0
2026-01-05 02:00:00,M007,300.0,100,0.0
2026-01-05 02:00:00,M008,320.0,100,0.0
2026-01-05 03:00:00,M006,291.0,100,0.0
2026-01-05 03:00:00,M007,291.0,100,0.0
2026-01-05 03:00:00,M008,300.0,100,0.0
2026-01-05 04:00:00,M001,260.0,100,0.0
2026-01-05 04:00:00,M002,257.0,100,0.0
2026-01-05 04:00:00,M003,212.0,100,0.0
2026-01-05 05:00:00,M001,241.0,100,0.0
2026-01-05 05:00:00,M002,238.0,100,0.0
2026-01-05 05:00:00,M003,174.0,100,0.0
2026-01-05 06:00:00,M001,227.0,100,0.0
2026-01-05 06:00:00,M004,322.0,100,0.0
2026-01-05 06:00:00,M005,293.0,100,0.0
2026-01-05 07:00:00,M001,214.0,100,0.0
2026-01-05 07:00:00,M004,296.0,100,0.0
2026-01-05 07:00:00,M005,280.0,100,0.0
2026-01-05 08:00:00,M001,200.0,100,0.0
2026-01-05 08:00:00,M004,268.0,100,0.0
2026-01-05 08:00:00,M005,266.0,100,0.0
2026-01-05 09:00:00,M001,185.0,100,0.0
2026-01-05 09:00:00,M004,237.0,100,0.0
2026-01-05 09:00:00,M005,251.0,100,0.0
2026-01-05 10:00:00,M001,169.0,100,0.0
2026-01-05 10:00:00,M004,206.0,100,0.0
2026-01-05 10:00:00,M005,236.0,100,0.0
2026-01-05 11:00:00,M001,154.0,100,0.0
2026-01-05 11:00:00,M004,176.0,100,0.0
2026-01-05 11:00:00,M005,221.0,100,0.0
2026-01-05 12:00:00,M001,140.0,100,0.0
2026-01-05 12:00:00,M004,148.0,100,0.0
2026-01-05 12:00:00,M005,207.0,100,0.0
2026-01-05 13:00:00,M001,120.0,100,0.0
2026-01-05 13:00:00,M002,218.0,100,0.0
2026-01-05 13:00:00,M003,135.0,100,0.0
2026-01-05 14:00:00,M001,105.0,100,0.0
2026-01-05 14:00:00,M004,120.0,100,0.0
2026-01-05 14:00:00,M005,193.0,100,0.0
2026-01-05 15:00:00,M001,500.0,100,409.0
2026-01-05 15:00:00,M004,500.0,100,408.0
2026-01-05 15:00:00,M005,179.0,100,0.0
2026-01-05 16:00:00,M001,486.0,100,0.0
2026-01-05 16:00:00,M004,472.0,100,0.0
2026-01-05 16:00:00,M005,165.0,100,0.0
2026-01-05 17:00:00,M001,466.0,100,0.0
2026-01-05 17:00:00,M002,199.0,100,0.0
2026-01-05 17:00:00,M003,500.0,100,403.0
2026-01-05 18:00:00,M001,445.0,100,0.0
2026-01-05 18:00:00,M002,178.0,100,0.0
2026-01-05 18:00:00,M003,458.0,100,0.0
2026-01-05 19:00:00,M001,424.0,100,0.0
2026-01-05 19:00:00,M002,156.0,100,0.0
2026-01-05 19:00:00,M003,416.0,100,0.0
2026-01-05 20:00:00,M001,403.0,100,0.0
2026-01-05 20:00:00,M002,134.0,100,0.0
2026-01-05 20:00:00,M003,374.0,100,0.0
2026-01-05 21:00:00,M006,280.0,100,0.0
2026-01-05 21:00:00,M007,280.0,100,0.0
2026-01-05 21:00:00,M008,278.0,100,0.0
2026-01-05 22:00:00,M006,271.0,100,0.0
2026-01-05 22:00:00,M007,271.0,100,0.0
2026-01-05 22:00:00,M008,260.0,100,0.0
2026-01-05 23:00:00,M001,384.0,100,0.0
2026-01-05 23:00:00,M002,115.0,100,0.0
2026-01-05 23:00:00,M003,336.0,100,0.0
2026-01-06 00:00:00,M001,365.0,100,0.0
2026-01-06 00:00:00,M002,500.0,100,404.0
2026-01-06 00:00:00,M003,298.0,100,0.0
2026-01-06 01:00:00,M001,344.0,100,0.0
2026-01-06 01:00:00,M002,479.0,100,0.0
2026-01-06 01:00:00,M003,257.0,100,0.0
2026-01-06 02:00:00,M001,329.0,100,0.0
2026-01-06 02:00:00,M004,443.0,100,0.0
2026-01-06 02:00:00,M005,150.0,100,0.0
2026-01-06 03:00:00,M001,309.0,100,0.0
2026-01-06 03:00:00,M002,459.0,100,0.0
2026-01-06 03:00:00,M003,218.0,100,0.0
2026-01-06 04:00:00,M001,289.0,100,0.0
2026-01-06 04:00:00,M002,439.0,100,0.0
2026-01-06 04:00:00,M003,179.0,100,0.0
2026-01-06 05:00:00,M001,270.0,100,0.0
2026-01-06 05:00:00,M002,420.0,100,0.0
2026-01-06 05:00:00,M003,142.0,100,0.0
2026-01-06 06:00:00,M001,250.0,100,0.0
2026-01-06 06:00:00,M002,400.0,100,0.0
2026-01-06 06:00:00,M003,103.0,100,0.0
2026-01-06 07:00:00,M001,230.0,100,0.0
2026-01-06 07:00:00,M002,380.0,100,0.0
2026-01-06 07:00:00,M003,500.0,100,436.0
2026-01-06 08:00:00,M001,208.0,100,0.0
2026-01-06 08:00:00,M002,358.0,100,0.0
2026-01-06 08:00:00,M003,456.0,100,0.0
2026-01-06 09:00:00,M001,186.0,100,0.0
2026-01-06 09:00:00,M002,337.0,100,0.0
2026-01-06 09:00:00,M003,414.0,100,0.0
2026-01-06 10:00:00,M001,163.0,100,0.0
2026-01-06 10:00:00,M002,315.0,100,0.0
2026-01-06 10:00:00,M003,370.0,100,0.0
2026-01-06 11:00:00,M001,148.0,100,0.0
2026-01-06 11:00:00,M004,413.0,100,0.0
2026-01-06 11:00:00,M005,135.0,100,0.0
2026-01-06 12:00:00,M001,126.0,100,0.0
2026-01-06 12:00:00,M002,294.0,100,0.0
2026-01-06 12:00:00,M003,328.0,100,0.0
2026-01-06 13:00:00,M001,104.0,100,0.0
2026-01-06 13:00:00,M002,272.0,100,0.0
2026-01-06 13:00:00,M003,284.0,100,0.0
2026-01-06 14:00:00,M001,500.0,100,419.0
2026-01-06 14:00:00,M002,250.0,100,0.0
2026-01-06 14:00:00,M003,240.0,100,0.0
2026-01-06 15:00:00,M001,479.0,100,0.0
2026-01-06 15:00:00,M002,228.0,100,0.0
2026-01-06 15:00:00,M003,198.0,100,0.0
2026-01-06 16:00:00,M001,458.0,100,0.0
2026-01-06 16:00:00,M002,207.0,100,0.0
2026-01-06 16:00:00,M003,156.0,100,0.0
2026-01-06 17:00:00,M001,443.0,100,0.0
2026-01-06 17:00:00,M004,383.0,100,0.0
2026-01-06 17:00:00,M005,120.0,100,0.0
2026-01-06 18:00:00,M001,429.0,100,0.0
2026-01-06 18:00:00,M004,355.0,100,0.0
2026-01-06 18:00:00,M005,106.0,100,0.0
2026-01-06 19:00:00,M001,415.0,100,0.0
2026-01-06 19:00:00,M004,327.0,100,0.0
2026-01-06 19:00:00,M005,500.0,100,408.0
2026-01-06 20:00:00,M001,396.0,100,0.0
2026-01-06 20:00:00,M002,189.0,100,0.0
2026-01-06 20:00:00,M003,120.0,100,0.0
2026-01-06 21:00:00,M001,376.0,100,0.0
2026-01-06 21:00:00,M002,170.0,100,0.0
2026-01-06 21:00:00,M003,500.0,100,418.0
2026-01-06 22:00:00,M006,262.0,100,0.0
2026-01-06 22:00:00,M007,262.0,100,0.0
2026-01-06 22:00:00,M008,241.0,100,0.0
2026-01-06 23:00:00,M001,356.0,100,0.0
2026-01-06 23:00:00,M002,150.0,100,0.0
2026-01-06 23:00:00,M003,460.0,100,0.0
2026-01-07 00:00:00,M006,253.0,100,0.0
2026-01-07 00:00:00,M007,253.0,100,0.0
2026-01-07 00:00:00,M008,223.0,100,0.0
2026-01-07 01:00:00,M006,244.0,100,0.0
2026-01-07 01:00:00,M007,244.0,100,0.0
2026-01-07 01:00:00,M008,205.0,100,0.0
2026-01-07 02:00:00,M006,234.0,100,0.0
2026-01-07 02:00:00,M007,234.0,100,0.0
2026-01-07 02:00:00,M008,185.0,100,0.0
2026-01-07 03:00:00,M001,338.0,100,0.0
2026-01-07 03:00:00,M002,132.0,100,0.0
2026-01-07 03:00:00,M003,424.0,100,0.0
2026-01-07 04:00:00,M001,319.0,100,0.0
2026-01-07 04:00:00,M002,113.0,100,0.0
2026-01-07 04:00:00,M003,386.0,100,0.0
2026-01-07 05:00:00,M001,304.0,100,0.0
2026-01-07 05:00:00,M004,297.0,100,0.0
2026-01-07 05:00:00,M005,485.0,100,0.0
2026-01-07 06:00:00,M001,290.0,100,0.0
2026-01-07 06:00:00,M004,270.0,100,0.0
2026-01-07 06:00:00,M005,471.0,100,0.0
2026-01-07 07:00:00,M001,277.0,100,0.0
2026-01-07 07:00:00,M004,243.0,100,0.0
2026-01-07 07:00:00,M005,457.0,100,0.0
2026-01-07 08:00:00,M001,257.0,100,0.0
2026-01-07 08:00:00,M002,500.0,100,407.0
2026-01-07 08:00:00,M003,345.0,100,0.0
2026-01-07 09:00:00,M001,236.0,100,0.0
2026-01-07 09:00:00,M002,479.0,100,0.0
2026-01-07 09:00:00,M003,302.0,100,0.0
2026-01-07 10:00:00,M001,216.0,100,0.0
2026-01-07 10:00:00,M002,459.0,100,0.0
2026-01-07 10:00:00,M003,262.0,100,0.0
2026-01-07 11:00:00,M006,224.0,100,0.0
2026-01-07 11:00:00,M007,225.0,100,0.0
2026-01-07 11:00:00,M008,167.0,100,0.0
2026-01-07 12:00:00,M001,201.0,100,0.0
2026-01-07 12:00:00,M004,213.0,100,0.0
2026-01-07 12:00:00,M005,442.0,100,0.0
2026-01-07 13:00:00,M001,186.0,100,0.0
2026-01-07 13:00:00,M004,183.0,100,0.0
2026-01-07 13:00:00,M005,427.0,100,0.0
2026-01-07 14:00:00,M001,164.0,100,0.0
2026-01-07 14:00:00,M002,438.0,100,0.0
2026-01-07 14:00:00,M003,220.0,100,0.0
2026-01-07 15:00:00,M001,142.0,100,0.0
2026-01-07 15:00:00,M002,417.0,100,0.0
2026-01-07 15:00:00,M003,178.0,100,0.0
2026-01-07 16:00:00,M001,122.0,100,0.0
2026-01-07 16:00:00,M002,397.0,100,0.0
2026-01-07 16:00:00,M003,138.0,100,0.0
2026-01-07 17:00:00,M001,102.0,100,0.0
2026-01-07 17:00:00,M002,377.0,100,0.0
2026-01-07 17:00:00,M003,500.0,100,402.0
2026-01-07 18:00:00,M001,500.0,100,418.0
2026-01-07 18:00:00,M002,357.0,100,0.0
2026-01-07 18:00:00,M003,460.0,100,0.0
2026-01-07 19:00:00,M001,485.0,100,0.0
2026-01-07 19:00:00,M004,153.0,100,0.0
2026-01-07 19:00:00,M005,412.0,100,0.0
2026-01-07 20:00:00,M001,469.0,100,0.0
2026-01-07 20:00:00,M004,121.0,100,0.0
2026-01-07 20:00:00,M005,396.0,100,0.0
2026-01-07 21:00:00,M001,453.0,100,0.0
2026-01-07 21:00:00,M004,500.0,100,411.0
2026-01-07 21:00:00,M005,380.0,100,0.0
2026-01-07 22:00:00,M006,214.0,100,0.0
2026-01-07 22:00:00,M007,215.0,100,0.0
2026-01-07 22:00:00,M008,147.0,100,0.0
2026-01-07 23:00:00,M001,432.0,100,0.0
2026-01-07 23:00:00,M002,336.0,100,0.0
2026-01-07 23:00:00,M003,418.0,100,0.0
2026-01-08 00:00:00,M001,418.0,100,0.0
2026-01-08 00:00:00,M004,473.0,100,0.0
2026-01-08 00:00:00,M005,366.0,100,0.0
2026-01-08 01:00:00,M001,403.0,100,0.0
2026-01-08 01:00:00,M004,444.0,100,0.0
2026-01-08 01:00:00,M005,351.0,100,0.0
2026-01-08 02:00:00,M006,203.0,100,0.0
2026-01-08 02:00:00,M007,204.0,100,0.0
2026-01-08 02:00:00,M008,126.0,100,0.0
2026-01-08 03:00:00,M001,384.0,100,0.0
2026-01-08 03:00:00,M002,318.0,100,0.0
2026-01-08 03:00:00,M003,380.0,100,0.0
2026-01-08 04:00:00,M001,364.0,100,0.0
2026-01-08 04:00:00,M002,298.0,100,0.0
2026-01-08 04:00:00,M003,341.0,100,0.0
2026-01-08 05:00:00,M001,344.0,100,0.0
2026-01-08 05:00:00,M002,278.0,100,0.0
2026-01-08 05:00:00,M003,301.0,100,0.0
2026-01-08 06:00:00,M001,328.0,100,0.0
2026-01-08 06:00:00,M004,412.0,100,0.0
2026-01-08 06:00:00,M005,335.0,100,0.0
2026-01-08 07:00:00,M006,191.0,100,0.0
2026-01-08 07:00:00,M007,192.0,100,0.0
2026-01-08 07:00:00,M008,102.0,100,0.0
2026-01-08 08:00:00,M006,179.0,100,0.0
2026-01-08 08:00:00,M007,180.0,100,0.0
2026-01-08 08:00:00,M008,500.0,100,422.0
2026-01-08 09:00:00,M006,168.0,100,0.0
2026-01-08 09:00:00,M007,169.0,100,0.0
2026-01-08 09:00:00,M008,477.0,100,0.0
2026-01-08 10:00:00,M006,158.0,100,0.0
2026-01-08 10:00:00,M007,159.0,100,0.0
2026-01-08 10:00:00,M008,457.0,100,0.0
2026-01-08 11:00:00,M006,147.0,100,0.0
2026-01-08 11:00:00,M007,149.0,100,0.0
2026-01-08 11:00:00,M008,436.0,100,0.0
2026-01-08 12:00:00,M001,312.0,100,0.0
2026-01-08 12:00:00,M004,382.0,100,0.0
2026-01-08 12:00:00,M005,320.0,100,0.0
2026-01-08 13:00:00,M001,296.0,100,0.0
2026-01-08 13:00:00,M004,352.0,100,0.0
2026-01-08 13:00:00,M005,305.0,100,0.0
2026-01-08 14:00:00,M001,279.0,100,0.0
2026-01-08 14:00:00,M004,320.0,100,0.0
2026-01-08 14:00:00,M005,289.0,100,0.0
2026-01-08 15:00:00,M001,263.0,100,0.0
2026-01-08 15:00:00,M004,288.0,100,0.0
2026-01-08 15:00:00,M005,273.0,100,0.0
2026-01-08 16:00:00,M001,247.0,100,0.0
2026-01-08 16:00:00,M004,256.0,100,0.0
2026-01-08 16:00:00,M005,257.0,100,0.0
2026-01-08 17:00:00,M001,230.0,100,0.0
2026-01-08 17:00:00,M004,223.0,100,0.0
2026-01-08 17:00:00,M005,240.0,100,0.0
2026-01-08 18:00:00,M001,214.0,100,0.0
2026-01-08 18:00:00,M004,192.0,100,0.0
2026-01-08 18:00:00,M005,224.0,100,0.0
2026-01-08 19:00:00,M001,196.0,100,0.0
2026-01-08 19:00:00,M004,157.0,100,0.0
2026-01-08 19:00:00,M005,206.0,100,0.0
2026-01-08 20:00:00,M006,134.0,100,0.0
2026-01-08 20:00:00,M007,136.0,100,0.0
2026-01-08 20:00:00,M008,409.0,100,0.0
2026-01-08 21:00:00,M001,175.0,100,0.0
2026-01-08 21:00:00,M002,257.0,100,0.0
2026-01-08 21:00:00,M003,259.0,100,0.0
2026-01-08 22:00:00,M001,160.0,100,0.0
2026-01-08 22:00:00,M004,128.0,100,0.0
2026-01-08 22:00:00,M005,191.0,100,0.0
2026-01-08 23:00:00,M001,145.0,100,0.0
2026-01-08 23:00:00,M004,500.0,100,402.0
2026-01-08 23:00:00,M005,176.0,100,0.0
2026-01-09 00:00:00,M001,130.0,100,0.0
2026-01-09 00:00:00,M004,471.0,100,0.0
2026-01-09 00:00:00,M005,161.0,100,0.0
2026-01-09 01:00:00,M001,115.0,100,0.0
2026-01-09 01:00:00,M004,441.0,100,0.0
2026-01-09 01:00:00,M005,146.0,100,0.0
2026-01-09 02:00:00,M001,500.0,100,405.0
2026-01-09 02:00:00,M002,237.0,100,0.0
2026-01-09 02:00:00,M003,220.0,100,0.0
2026-01-09 03:00:00,M001,480.0,100,0.0
2026-01-09 03:00:00,M002,217.0,100,0.0
2026-01-09 03:00:00,M003,180.0,100,0.0
2026-01-09 04:00:00,M006,125.0,100,0.0
2026-01-09 04:00:00,M007,128.0,100,0.0
2026-01-09 04:00:00,M008,391.0,100,0.0
2026-01-09 05:00:00,M001,467.0,100,0.0
2026-01-09 05:00:00,M004,415.0,100,0.0
2026-01-09 05:00:00,M005,133.0,100,0.0
2026-01-09 06:00:00,M001,454.0,100,0.0
2026-01-09 06:00:00,M004,389.0,100,0.0
2026-01-09 06:00:00,M005,120.0,100,0.0
2026-01-09 07:00:00,M001,440.0,100,0.0
2026-01-09 07:00:00,M004,361.0,100,0.0
2026-01-09 07:00:00,M005,106.0,100,0.0
2026-01-09 08:00:00,M001,424.0,100,0.0
2026-01-09 08:00:00,M004,331.0,100,0.0
2026-01-09 08:00:00,M005,500.0,100,409.0
2026-01-09 09:00:00,M001,409.0,100,0.0
2026-01-09 09:00:00,M004,303.0,100,0.0
2026-01-09 09:00:00,M005,486.0,100,0.0
2026-01-09 10:00:00,M001,389.0,100,0.0
2026-01-09 10:00:00,M002,197.0,100,0.0
2026-01-09 10:00:00,M003,139.0,100,0.0
2026-01-09 11:00:00,M001,368.0,100,0.0
2026-01-09 11:00:00,M002,176.0,100,0.0
2026-01-09 11:00:00,M003,500.0,100,403.0
2026-01-09 12:00:00,M001,348.0,100,0.0
2026-01-09 12:00:00,M002,156.0,100,0.0
2026-01-09 12:00:00,M003,460.0,100,0.0
2026-01-09 13:00:00,M001,328.0,100,0.0
2026-01-09 13:00:00,M002,136.0,100,0.0
2026-01-09 13:00:00,M003,420.0,100,0.0
2026-01-09 14:00:00,M001,308.0,100,0.0
2026-01-09 14:00:00,M002,116.0,100,0.0
2026-01-09 14:00:00,M003,380.0,100,0.0
2026-01-09 15:00:00,M001,288.0,100,0.0
2026-01-09 15:00:00,M002,500.0,100,404.0
2026-01-09 15:00:00,M003,340.0,100,0.0
2026-01-09 16:00:00,M001,268.0,100,0.0
2026-01-09 16:00:00,M002,480.0,100,0.0
2026-01-09 16:00:00,M003,300.0,100,0.0
2026-01-09 17:00:00,M001,248.0,100,0.0
2026-01-09 17:00:00,M002,460.0,100,0.0
2026-01-09 17:00:00,M003,261.0,100,0.0
2026-01-09 18:00:00,M001,227.0,100,0.0
2026-01-09 18:00:00,M002,439.0,100,0.0
2026-01-09 18:00:00,M003,220.0,100,0.0
2026-01-09 19:00:00,M001,206.0,100,0.0
2026-01-09 19:00:00,M002,418.0,100,0.0
2026-01-09 19:00:00,M003,178.0,100,0.0
2026-01-09 20:00:00,M001,186.0,100,0.0
2026-01-09 20:00:00,M002,397.0,100,0.0
2026-01-09 20:00:00,M003,138.0,100,0.0
2026-01-09 21:00:00,M001,167.0,100,0.0
2026-01-09 21:00:00,M002,378.0,100,0.0
2026-01-09 21:00:00,M003,100.0,100,0.0
2026-01-09 22:00:00,M001,147.0,100,0.0
2026-01-09 22:00:00,M002,358.0,100,0.0
2026-01-09 22:00:00,M003,500.0,100,440.0
2026-01-09 23:00:00,M001,127.0,100,0.0
2026-01-09 23:00:00,M002,338.0,100,0.0
2026-01-09 23:00:00,M003,460.0,100,0.0
2026-01-10 00:00:00,M001,112.0,100,0.0
2026-01-10 00:00:00,M004,274.0,100,0.0
2026-01-10 00:00:00,M005,472.0,100,0.0
2026-01-10 01:00:00,M001,500.0,100,406.0
2026-01-10 01:00:00,M004,239.0,100,0.0
2026-01-10 01:00:00,M005,455.0,100,0.0
2026-01-10 02:00:00,M001,483.0,100,0.0
2026-01-10 02:00:00,M004,206.0,100,0.0
2026-01-10 02:00:00,M005,438.0,100,0.0
2026-01-10 03:00:00,M001,465.0,100,0.0
2026-01-10 03:00:00,M004,171.0,100,0.0
2026-01-10 03:00:00,M005,421.0,100,0.0
2026-01-10 04:00:00,M001,448.0,100,0.0
2026-01-10 04:00:00,M004,138.0,100,0.0
2026-01-10 04:00:00,M005,405.0,100,0.0
2026-01-10 05:00:00,M001,431.0,100,0.0
2026-01-10 05:00:00,M004,105.0,100,0.0
2026-01-10 05:00:00,M005,389.0,100,0.0
2026-01-10 06:00:00,M001,415.0,100,0.0
2026-01-10 06:00:00,M004,500.0,100,426.0
2026-01-10 06:00:00,M005,373.0,100,0.0
2026-01-10 07:00:00,M001,398.0,100,0.0
2026-01-10 07:00:00,M004,467.0,100,0.0
2026-01-10 07:00:00,M005,356.0,100,0.0
2026-01-10 08:00:00,M001,377.0,100,0.0
2026-01-10 08:00:00,M002,317.0,100,0.0
2026-01-10 08:00:00,M003,418.0,100,0.0
2026-01-10 09:00:00,M001,355.0,100,0.0
2026-01-10 09:00:00,M002,296.0,100,0.0
2026-01-10 09:00:00,M003,376.0,100,0.0
2026-01-10 10:00:00,M001,333.0,100,0.0
2026-01-10 10:00:00,M002,275.0,100,0.0
2026-01-10 10:00:00,M003,334.0,100,0.0
2026-01-10 11:00:00,M001,311.0,100,0.0
2026-01-10 11:00:00,M002,254.0,100,0.0
2026-01-10 11:00:00,M003,291.0,100,0.0
2026-01-10 12:00:00,M001,288.0,100,0.0
2026-01-10 12:00:00,M002,232.0,100,0.0
2026-01-10 12:00:00,M003,246.0,100,0.0
2026-01-10 13:00:00,M001,268.0,100,0.0
2026-01-10 13:00:00,M002,212.0,100,0.0
2026-01-10 13:00:00,M003,205.0,100,0.0
2026-01-10 14:00:00,M001,246.0,100,0.0
2026-01-10 14:00:00,M002,190.0,100,0.0
2026-01-10 14:00:00,M003,162.0,100,0.0
2026-01-10 15:00:00,M001,226.0,100,0.0
2026-01-10 15:00:00,M002,169.0,100,0.0
2026-01-10 15:00:00,M003,122.0,100,0.0
2026-01-10 16:00:00,M006,115.0,100,0.0
2026-01-10 16:00:00,M007,119.0,100,0.0
2026-01-10 16:00:00,M008,373.0,100,0.0
2026-01-10 17:00:00,M006,105.0,100,0.0
2026-01-10 17:00:00,M007,110.0,100,0.0
2026-01-10 17:00:00,M008,353.0,100,0.0
2026-01-10 18:00:00,M001,211.0,100,0.0
2026-01-10 18:00:00,M004,437.0,100,0.0
2026-01-10 18:00:00,M005,341.0,100,0.0
2026-01-10 19:00:00,M001,197.0,100,0.0
2026-01-10 19:00:00,M004,409.0,100,0.0
2026-01-10 19:00:00,M005,327.0,100,0.0
2026-01-10 20:00:00,M006,500.0,100,405.0
2026-01-10 20:00:00,M007,102.0,100,0.0
2026-01-10 20:00:00,M008,336.0,100,0.0
2026-01-10 21:00:00,M006,489.0,100,0.0
2026-01-10 21:00:00,M007,500.0,100,408.0
2026-01-10 21:00:00,M008,316.0,100,0.0
2026-01-10 22:00:00,M006,479.0,100,0.0
2026-01-10 22:00:00,M007,491.0,100,0.0
2026-01-10 22:00:00,M008,298.0,100,0.0
2026-01-10 23:00:00,M001,176.0,100,0.0
2026-01-10 23:00:00,M002,149.0,100,0.0
2026-01-10 23:00:00,M003,500.0,100,418.0
2026-01-11 00:00:00,M001,157.0,100,0.0
2026-01-11 00:00:00,M002,130.0,100,0.0
2026-01-11 00:00:00,M003,462.0,100,0.0
2026-01-11 01:00:00,M001,139.0,100,0.0
2026-01-11 01:00:00,M002,112.0,100,0.0
2026-01-11 01:00:00,M003,426.0,100,0.0
2026-01-11 02:00:00,M001,119.0,100,0.0
2026-01-11 02:00:00,M002,500.0,100,408.0
2026-01-11 02:00:00,M003,386.0,100,0.0
2026-01-11 03:00:00,M001,100.0,100,0.0
2026-01-11 03:00:00,M002,480.0,100,0.0
2026-01-11 03:00:00,M003,347.0,100,0.0
2026-01-11 04:00:00,M001,500.0,100,418.0
2026-01-11 04:00:00,M002,462.0,100,0.0
2026-01-11 04:00:00,M003,311.0,100,0.0
2026-01-11 05:00:00,M001,481.0,100,0.0
2026-01-11 05:00:00,M002,443.0,100,0.0
2026-01-11 05:00:00,M003,274.0,100,0.0
2026-01-11 06:00:00,M001,462.0,100,0.0
2026-01-11 06:00:00,M002,424.0,100,0.0
2026-01-11 06:00:00,M003,236.0,100,0.0
2026-01-11 07:00:00,M006,468.0,100,0.0
2026-01-11 07:00:00,M007,481.0,100,0.0
2026-01-11 07:00:00,M008,278.0,100,0.0
2026-01-11 08:00:00,M001,442.0,100,0.0
2026-01-11 08:00:00,M002,403.0,100,0.0
2026-01-11 08:00:00,M003,196.0,100,0.0
2026-01-11 09:00:00,M001,422.0,100,0.0
2026-01-11 09:00:00,M002,382.0,100,0.0
2026-01-11 09:00:00,M003,156.0,100,0.0
2026-01-11 10:00:00,M006,457.0,100,0.0
2026-01-11 10:00:00,M007,471.0,100,0.0
2026-01-11 10:00:00,M008,258.0,100,0.0
2026-01-11 11:00:00,M001,406.0,100,0.0
2026-01-11 11:00:00,M004,377.0,100,0.0
2026-01-11 11:00:00,M005,311.0,100,0.0
2026-01-11 12:00:00,M001,386.0,100,0.0
2026-01-11 12:00:00,M002,361.0,100,0.0
2026-01-11 12:00:00,M003,116.0,100,0.0
2026-01-11 13:00:00,M001,366.0,100,0.0
2026-01-11 13:00:00,M002,340.0,100,0.0
2026-01-11 13:00:00,M003,500.0,100,424.0
2026-01-11 14:00:00,M001,346.0,100,0.0
2026-01-11 14:00:00,M002,319.0,100,0.0
2026-01-11 14:00:00,M003,460.0,100,0.0
2026-01-11 15:00:00,M001,326.0,100,0.0
2026-01-11 15:00:00,M002,298.0,100,0.0
2026-01-11 15:00:00,M003,420.0,100,0.0
2026-01-11 16:00:00,M001,310.0,100,0.0
2026-01-11 16:00:00,M004,345.0,100,0.0
2026-01-11 16:00:00,M005,294.0,100,0.0
2026-01-11 17:00:00,M001,289.0,100,0.0
2026-01-11 17:00:00,M002,277.0,100,0.0
2026-01-11 17:00:00,M003,378.0,100,0.0
2026-01-11 18:00:00,M001,269.0,100,0.0
2026-01-11 18:00:00,M002,257.0,100,0.0
2026-01-11 18:00:00,M003,338.0,100,0.0
2026-01-11 19:00:00,M001,249.0,100,0.0
2026-01-11 19:00:00,M002,237.0,100,0.0
2026-01-11 19:00:00,M003,298.0,100,0.0
2026-01-11 20:00:00,M001,227.0,100,0.0
2026-01-11 20:00:00,M002,215.0,100,0.0
2026-01-11 20:00:00,M003,254.0,100,0.0
2026-01-11 21:00:00,M001,205.0,100,0.0
2026-01-11 21:00:00,M002,193.0,100,0.0
2026-01-11 21:00:00,M003,210.0,100,0.0
2026-01-11 22:00:00,M001,184.0,100,0.0
2026-01-11 22:00:00,M002,172.0,100,0.0
2026-01-11 22:00:00,M003,168.0,100,0.0
2026-01-11 23:00:00,M001,163.0,100,0.0
2026-01-11 23:00:00,M002,152.0,100,0.0
2026-01-11 23:00:00,M003,128.0,100,0.0
2026-01-12 00:00:00,M006,446.0,100,0.0
2026-01-12 00:00:00,M007,460.0,100,0.0
2026-01-12 00:00:00,M008,236.0,100,0.0
2026-01-12 01:00:00,M001,148.0,100,0.0
2026-01-12 01:00:00,M004,317.0,100,0.0
2026-01-12 01:00:00,M005,280.0,100,0.0
2026-01-12 02:00:00,M006,436.0,100,0.0
2026-01-12 02:00:00,M007,449.0,100,0.0
2026-01-12 02:00:00,M008,216.0,100,0.0
2026-01-12 03:00:00,M001,127.0,100,0.0
2026-01-12 03:00:00,M002,132.0,100,0.0
2026-01-12 03:00:00,M003,500.0,100,411.0
2026-01-12 04:00:00,M001,107.0,100,0.0
2026-01-12 04:00:00,M002,113.0,100,0.0
2026-01-12 04:00:00,M003,463.0,100,0.0
2026-01-12 05:00:00,M001,500.0,100,407.0
2026-01-12 05:00:00,M004,289.0,100,0.0
2026-01-12 05:00:00,M005,266.0,100,0.0
2026-01-12 06:00:00,M001,483.0,100,0.0
2026-01-12 06:00:00,M002,500.0,100,404.0
2026-01-12 06:00:00,M003,429.0,100,0.0
2026-01-12 07:00:00,M001,465.0,100,0.0
2026-01-12 07:00:00,M002,483.0,100,0.0
2026-01-12 07:00:00,M003,395.0,100,0.0
2026-01-12 08:00:00,M001,447.0,100,0.0
2026-01-12 08:00:00,M002,466.0,100,0.0
2026-01-12 08:00:00,M003,359.0,100,0.0
2026-01-12 09:00:00,M001,429.0,100,0.0
2026-01-12 09:00:00,M002,448.0,100,0.0
2026-01-12 09:00:00,M003,323.0,100,0.0
2026-01-12 10:00:00,M001,409.0,100,0.0
2026-01-12 10:00:00,M002,427.0,100,0.0
2026-01-12 10:00:00,M003,282.0,100,0.0
2026-01-12 11:00:00,M001,395.0,100,0.0
2026-01-12 11:00:00,M004,261.0,100,0.0
2026-01-12 11:00:00,M005,252.0,100,0.0
2026-01-12 12:00:00,M001,381.0,100,0.0
2026-01-12 12:00:00,M004,233.0,100,0.0
2026-01-12 12:00:00,M005,238.0,100,0.0
2026-01-12 13:00:00,M001,362.0,100,0.0
2026-01-12 13:00:00,M002,408.0,100,0.0
2026-01-12 13:00:00,M003,244.0,100,0.0
2026-01-12 14:00:00,M001,341.0,100,0.0
2026-01-12 14:00:00,M002,387.0,100,0.0
2026-01-12 14:00:00,M003,202.0,100,0.0
2026-01-12 15:00:00,M006,427.0,100,0.0
2026-01-12 15:00:00,M007,439.0,100,0.0
2026-01-12 15:00:00,M008,198.0,100,0.0
2026-01-12 16:00:00,M001,320.0,100,0.0
2026-01-12 16:00:00,M002,366.0,100,0.0
2026-01-12 16:00:00,M003,160.0,100,0.0
2026-01-12 17:00:00,M001,300.0,100,0.0
2026-01-12 17:00:00,M002,346.0,100,0.0
2026-01-12 17:00:00,M003,120.0,100,0.0
2026-01-12 18:00:00,M001,281.0,100,0.0
2026-01-12 18:00:00,M002,327.0,100,0.0
2026-01-12 18:00:00,M003,500.0,100,418.0
2026-01-12 19:00:00,M001,266.0,100,0.0
2026-01-12 19:00:00,M004,203.0,100,0.0
2026-01-12 19:00:00,M005,223.0,100,0.0
2026-01-12 20:00:00,M006,417.0,100,0.0
2026-01-12 20:00:00,M007,428.0,100,0.0
2026-01-12 20:00:00,M008,178.0,100,0.0
2026-01-12 21:00:00,M006,407.0,100,0.0
2026-01-12 21:00:00,M007,418.0,100,0.0
2026-01-12 21:00:00,M008,158.0,100,0.0
2026-01-12 22:00:00,M006,397.0,100,0.0
2026-01-12 22:00:00,M007,408.0,100,0.0
2026-01-12 22:00:00,M008,138.0,100,0.0
2026-01-12 23:00:00,M006,388.0,100,0.0
2026-01-12 23:00:00,M007,398.0,100,0.0
2026-01-12 23:00:00,M008,120.0,100,0.0
2026-01-13 00:00:00,M001,247.0,100,0.0
2026-01-13 00:00:00,M002,309.0,100,0.0
2026-01-13 00:00:00,M003,463.0,100,0.0
2026-01-13 01:00:00,M006,378.0,100,0.0
2026-01-13 01:00:00,M007,388.0,100,0.0
2026-01-13 01:00:00,M008,100.0,100,0.0
2026-01-13 02:00:00,M006,367.0,100,0.0
2026-01-13 02:00:00,M007,377.0,100,0.0
2026-01-13 02:00:00,M008,500.0,100,421.0
2026-01-13 03:00:00,M001,233.0,100,0.0
2026-01-13 03:00:00,M004,175.0,100,0.0
2026-01-13 03:00:00,M005,209.0,100,0.0
2026-01-13 04:00:00,M006,356.0,100,0.0
2026-01-13 04:00:00,M007,366.0,100,0.0
2026-01-13 04:00:00,M008,478.0,100,0.0
2026-01-13 05:00:00,M006,347.0,100,0.0
2026-01-13 05:00:00,M007,357.0,100,0.0
2026-01-13 05:00:00,M008,460.0,100,0.0
2026-01-13 06:00:00,M006,338.0,100,0.0
2026-01-13 06:00:00,M007,349.0,100,0.0
2026-01-13 06:00:00,M008,442.0,100,0.0
2026-01-13 07:00:00,M001,213.0,100,0.0
2026-01-13 07:00:00,M002,290.0,100,0.0
2026-01-13 07:00:00,M003,424.0,100,0.0
2026-01-13 08:00:00,M001,197.0,100,0.0
2026-01-13 08:00:00,M004,143.0,100,0.0
2026-01-13 08:00:00,M005,193.0,100,0.0
2026-01-13 09:00:00,M001,182.0,100,0.0
2026-01-13 09:00:00,M004,113.0,100,0.0
2026-01-13 09:00:00,M005,178.0,100,0.0
2026-01-13 10:00:00,M001,167.0,100,0.0
2026-01-13 10:00:00,M004,500.0,100,416.0
2026-01-13 10:00:00,M005,163.0,100,0.0
2026-01-13 11:00:00,M001,152.0,100,0.0
2026-01-13 11:00:00,M004,471.0,100,0.0
2026-01-13 11:00:00,M005,148.0,100,0.0
2026-01-13 12:00:00,M001,138.0,100,0.0
2026-01-13 12:00:00,M004,443.0,100,0.0
2026-01-13 12:00:00,M005,134.0,100,0.0
2026-01-13 13:00:00,M001,123.0,100,0.0
2026-01-13 13:00:00,M004,413.0,100,0.0
2026-01-13 13:00:00,M005,119.0,100,0.0
2026-01-13 14:00:00,M001,107.0,100,0.0
2026-01-13 14:00:00,M004,381.0,100,0.0
2026-01-13 14:00:00,M005,103.0,100,0.0
2026-01-13 15:00:00,M006,328.0,100,0.0
2026-01-13 15:00:00,M007,339.0,100,0.0
2026-01-13 15:00:00,M008,421.0,100,0.0
2026-01-13 16:00:00,M006,317.0,100,0.0
2026-01-13 16:00:00,M007,328.0,100,0.0
2026-01-13 16:00:00,M008,399.0,100,0.0
2026-01-13 17:00:00,M006,306.0,100,0.0
2026-01-13 17:00:00,M007,317.0,100,0.0
2026-01-13 17:00:00,M008,377.0,100,0.0
2026-01-13 18:00:00,M006,295.0,100,0.0
2026-01-13 18:00:00,M007,305.0,100,0.0
2026-01-13 18:00:00,M008,355.0,100,0.0
2026-01-13 19:00:00,M001,500.0,100,409.0
2026-01-13 19:00:00,M004,349.0,100,0.0
2026-01-13 19:00:00,M005,500.0,100,413.0
2026-01-13 20:00:00,M006,285.0,100,0.0
2026-01-13 20:00:00,M007,295.0,100,0.0
2026-01-13 20:00:00,M008,335.0,100,0.0
2026-01-13 21:00:00,M006,275.0,100,0.0
2026-01-13 21:00:00,M007,284.0,100,0.0
2026-01-13 21:00:00,M008,314.0,100,0.0
2026-01-13 22:00:00,M006,265.0,100,0.0
2026-01-13 22:00:00,M007,273.0,100,0.0
2026-01-13 22:00:00,M008,294.0,100,0.0
2026-01-13 23:00:00,M006,254.0,100,0.0
2026-01-13 23:00:00,M007,261.0,100,0.0
2026-01-13 23:00:00,M008,272.0,100,0.0
2026-01-14 00:00:00,M006,244.0,100,0.0
2026-01-14 00:00:00,M007,250.0,100,0.0
2026-01-14 00:00:00,M008,252.0,100,0.0
2026-01-14 01:00:00,M006,234.0,100,0.0
2026-01-14 01:00:00,M007,240.0,100,0.0
2026-01-14 01:00:00,M008,232.0,100,0.0
2026-01-14 02:00:00,M001,484.0,100,0.0
2026-01-14 02:00:00,M004,318.0,100,0.0
2026-01-14 02:00:00,M005,484.0,100,0.0
2026-01-14 03:00:00,M006,224.0,100,0.0
2026-01-14 03:00:00,M007,230.0,100,0.0
2026-01-14 03:00:00,M008,212.0,100,0.0
2026-01-14 04:00:00,M006,214.0,100,0.0
2026-01-14 04:00:00,M007,220.0,100,0.0
2026-01-14 04:00:00,M008,192.0,100,0.0
2026-01-14 05:00:00,M001,469.0,100,0.0
2026-01-14 05:00:00,M004,288.0,100,0.0
2026-01-14 05:00:00,M005,468.0,100,0.0
2026-01-14 06:00:00,M001,449.0,100,0.0
2026-01-14 06:00:00,M002,270.0,100,0.0
2026-01-14 06:00:00,M003,385.0,100,0.0
2026-01-14 07:00:00,M001,429.0,100,0.0
2026-01-14 07:00:00,M002,250.0,100,0.0
2026-01-14 07:00:00,M003,346.0,100,0.0
2026-01-14 08:00:00,M001,407.0,100,0.0
2026-01-14 08:00:00,M002,228.0,100,0.0
2026-01-14 08:00:00,M003,302.0,100,0.0
2026-01-14 09:00:00,M006,202.0,100,0.0
2026-01-14 09:00:00,M007,207.0,100,0.0
2026-01-14 09:00:00,M008,168.0,100,0.0
2026-01-14 10:00:00,M001,389.0,100,0.0
2026-01-14 10:00:00,M004,252.0,100,0.0
2026-01-14 10:00:00,M005,449.0,100,0.0
2026-01-14 11:00:00,M001,372.0,100,0.0
2026-01-14 11:00:00,M004,218.0,100,0.0
2026-01-14 11:00:00,M005,431.0,100,0.0
2026-01-14 12:00:00,M001,355.0,100,0.0
2026-01-14 12:00:00,M004,184.0,100,0.0
2026-01-14 12:00:00,M005,414.0,100,0.0
2026-01-14 13:00:00,M001,339.0,100,0.0
2026-01-14 13:00:00,M004,152.0,100,0.0
2026-01-14 13:00:00,M005,398.0,100,0.0
2026-01-14 14:00:00,M006,189.0,100,0.0
2026-01-14 14:00:00,M007,195.0,100,0.0
2026-01-14 14:00:00,M008,143.0,100,0.0
2026-01-14 15:00:00,M001,323.0,100,0.0
2026-01-14 15:00:00,M004,120.0,100,0.0
2026-01-14 15:00:00,M005,382.0,100,0.0
2026-01-14 16:00:00,M006,177.0,100,0.0
2026-01-14 16:00:00,M007,184.0,100,0.0
2026-01-14 16:00:00,M008,121.0,100,0.0
2026-01-14 17:00:00,M006,166.0,100,0.0
2026-01-14 17:00:00,M007,173.0,100,0.0
2026-01-14 17:00:00,M008,500.0,100,401.0
2026-01-14 18:00:00,M006,156.0,100,0.0
2026-01-14 18:00:00,M007,163.0,100,0.0
2026-01-14 18:00:00,M008,480.0,100,0.0
2026-01-14 19:00:00,M006,144.0,100,0.0
2026-01-14 19:00:00,M007,151.0,100,0.0
2026-01-14 19:00:00,M008,456.0,100,0.0
2026-01-14 20:00:00,M006,134.0,100,0.0
2026-01-14 20:00:00,M007,141.0,100,0.0
2026-01-14 20:00:00,M008,436.0,100,0.0
2026-01-14 21:00:00,M006,124.0,100,0.0
2026-01-14 21:00:00,M007,132.0,100,0.0
2026-01-14 21:00:00,M008,418.0,100,0.0
2026-01-14 22:00:00,M006,113.0,100,0.0
2026-01-14 22:00:00,M007,122.0,100,0.0
2026-01-14 22:00:00,M008,398.0,100,0.0
2026-01-14 23:00:00,M006,101.0,100,0.0
2026-01-14 23:00:00,M007,111.0,100,0.0
2026-01-14 23:00:00,M008,376.0,100,0.0
2026-01-15 00:00:00,M001,307.0,100,0.0
2026-01-15 00:00:00,M004,500.0,100,412.0
2026-01-15 00:00:00,M005,366.0,100,0.0
2026-01-15 01:00:00,M001,287.0,100,0.0
2026-01-15 01:00:00,M002,208.0,100,0.0
2026-01-15 01:00:00,M003,263.0,100,0.0
2026-01-15 02:00:00,M001,271.0,100,0.0
2026-01-15 02:00:00,M004,470.0,100,0.0
2026-01-15 02:00:00,M005,352.0,100,0.0
2026-01-15 03:00:00,M001,256.0,100,0.0
2026-01-15 03:00:00,M004,442.0,100,0.0
2026-01-15 03:00:00,M005,339.0,100,0.0
2026-01-15 04:00:00,M001,242.0,100,0.0
2026-01-15 04:00:00,M004,414.0,100,0.0
2026-01-15 04:00:00,M005,325.0,100,0.0
2026-01-15 05:00:00,M006,500.0,100,408.0
2026-01-15 05:00:00,M007,102.0,100,0.0
2026-01-15 05:00:00,M008,358.0,100,0.0
2026-01-15 06:00:00,M006,490.0,100,0.0
2026-01-15 06:00:00,M007,500.0,100,408.0
2026-01-15 06:00:00,M008,338.0,100,0.0
2026-01-15 07:00:00,M001,221.0,100,0.0
2026-01-15 07:00:00,M002,188.0,100,0.0
2026-01-15 07:00:00,M003,223.0,100,0.0
2026-01-15 08:00:00,M001,200.0,100,0.0
2026-01-15 08:00:00,M002,167.0,100,0.0
2026-01-15 08:00:00,M003,183.0,100,0.0
2026-01-15 09:00:00,M001,180.0,100,0.0
2026-01-15 09:00:00,M002,147.0,100,0.0
2026-01-15 09:00:00,M003,143.0,100,0.0
2026-01-15 10:00:00,M001,158.0,100,0.0
2026-01-15 10:00:00,M002,126.0,100,0.0
2026-01-15 10:00:00,M003,101.0,100,0.0
2026-01-15 11:00:00,M001,138.0,100,0.0
2026-01-15 11:00:00,M002,106.0,100,0.0
2026-01-15 11:00:00,M003,500.0,100,439.0
2026-01-15 12:00:00,M001,119.0,100,0.0
2026-01-15 12:00:00,M002,500.0,100,413.0
2026-01-15 12:00:00,M003,462.0,100,0.0
2026-01-15 13:00:00,M001,500.0,100,401.0
2026-01-15 13:00:00,M002,480.0,100,0.0
2026-01-15 13:00:00,M003,422.0,100,0.0
2026-01-15 14:00:00,M001,478.0,100,0.0
2026-01-15 14:00:00,M002,459.0,100,0.0
2026-01-15 14:00:00,M003,379.0,100,0.0
2026-01-15 15:00:00,M006,479.0,100,0.0
2026-01-15 15:00:00,M007,490.0,100,0.0
2026-01-15 15:00:00,M008,318.0,100,0.0
2026-01-15 16:00:00,M006,470.0,100,0.0
2026-01-15 16:00:00,M007,482.0,100,0.0
2026-01-15 16:00:00,M008,300.0,100,0.0
2026-01-15 17:00:00,M001,457.0,100,0.0
2026-01-15 17:00:00,M002,439.0,100,0.0
2026-01-15 17:00:00,M003,339.0,100,0.0
2026-01-15 18:00:00,M001,437.0,100,0.0
2026-01-15 18:00:00,M002,420.0,100,0.0
2026-01-15 18:00:00,M003,300.0,100,0.0
2026-01-15 19:00:00,M001,418.0,100,0.0
2026-01-15 19:00:00,M002,402.0,100,0.0
2026-01-15 19:00:00,M003,264.0,100,0.0
2026-01-15 20:00:00,M001,405.0,100,0.0
2026-01-15 20:00:00,M004,388.0,100,0.0
2026-01-15 20:00:00,M005,312.0,100,0.0
2026-01-15 21:00:00,M001,392.0,100,0.0
2026-01-15 21:00:00,M004,362.0,100,0.0
2026-01-15 21:00:00,M005,299.0,100,0.0
2026-01-15 22:00:00,M001,378.0,100,0.0
2026-01-15 22:00:00,M004,334.0,100,0.0
2026-01-15 22:00:00,M005,285.0,100,0.0
2026-01-15 23:00:00,M006,460.0,100,0.0
2026-01-15 23:00:00,M007,473.0,100,0.0
2026-01-15 23:00:00,M008,280.0,100,0.0
2026-01-16 00:00:00,M006,449.0,100,0.0
2026-01-16 00:00:00,M007,463.0,100,0.0
2026-01-16 00:00:00,M008,258.0,100,0.0
2026-01-16 01:00:00,M006,439.0,100,0.0
2026-01-16 01:00:00,M007,454.0,100,0.0
2026-01-16 01:00:00,M008,238.0,100,0.0
2026-01-16 02:00:00,M006,430.0,100,0.0
2026-01-16 02:00:00,M007,444.0,100,0.0
2026-01-16 02:00:00,M008,218.0,100,0.0
2026-01-16 03:00:00,M006,422.0,100,0.0
2026-01-16 03:00:00,M007,435.0,100,0.0
2026-01-16 03:00:00,M008,200.0,100,0.0
2026-01-16 04:00:00,M006,414.0,100,0.0
2026-01-16 04:00:00,M007,426.0,100,0.0
2026-01-16 04:00:00,M008,183.0,100,0.0
2026-01-16 05:00:00,M001,364.0,100,0.0
2026-01-16 05:00:00,M004,306.0,100,0.0
2026-01-16 05:00:00,M005,271.0,100,0.0
2026-01-16 06:00:00,M001,350.0,100,0.0
2026-01-16 06:00:00,M004,278.0,100,0.0
2026-01-16 06:00:00,M005,257.0,100,0.0
2026-01-16 07:00:00,M001,331.0,100,0.0
2026-01-16 07:00:00,M002,383.0,100,0.0
2026-01-16 07:00:00,M003,226.0,100,0.0
2026-01-16 08:00:00,M001,316.0,100,0.0
2026-01-16 08:00:00,M004,248.0,100,0.0
2026-01-16 08:00:00,M005,242.0,100,0.0
2026-01-16 09:00:00,M001,299.0,100,0.0
2026-01-16 09:00:00,M004,214.0,100,0.0
2026-01-16 09:00:00,M005,225.0,100,0.0
2026-01-16 10:00:00,M001,283.0,100,0.0
2026-01-16 10:00:00,M004,182.0,100,0.0
2026-01-16 10:00:00,M005,210.0,100,0.0
2026-01-16 11:00:00,M001,267.0,100,0.0
2026-01-16 11:00:00,M004,150.0,100,0.0
2026-01-16 11:00:00,M005,194.0,100,0.0
2026-01-16 12:00:00,M001,249.0,100,0.0
2026-01-16 12:00:00,M004,116.0,100,0.0
2026-01-16 12:00:00,M005,177.0,100,0.0
2026-01-16 13:00:00,M006,403.0,100,0.0
2026-01-16 13:00:00,M007,415.0,100,0.0
2026-01-16 13:00:00,M008,162.0,100,0.0
2026-01-16 14:00:00,M006,392.0,100,0.0
2026-01-16 14:00:00,M007,404.0,100,0.0
2026-01-16 14:00:00,M008,140.0,100,0.0
2026-01-16 15:00:00,M006,381.0,100,0.0
2026-01-16 15:00:00,M007,393.0,100,0.0
2026-01-16 15:00:00,M008,118.0,100,0.0
2026-01-16 16:00:00,M006,370.0,100,0.0
2026-01-16 16:00:00,M007,382.0,100,0.0
2026-01-16 16:00:00,M008,500.0,100,403.0
2026-01-16 17:00:00,M006,360.0,100,0.0
2026-01-16 17:00:00,M007,372.0,100,0.0
2026-01-16 17:00:00,M008,480.0,100,0.0
2026-01-16 18:00:00,M001,228.0,100,0.0
2026-01-16 18:00:00,M002,363.0,100,0.0
2026-01-16 18:00:00,M003,186.0,100,0.0
2026-01-16 19:00:00,M001,208.0,100,0.0
2026-01-16 19:00:00,M002,343.0,100,0.0
2026-01-16 19:00:00,M003,146.0,100,0.0
2026-01-16 20:00:00,M001,187.0,100,0.0
2026-01-16 20:00:00,M002,322.0,100,0.0
2026-01-16 20:00:00,M003,104.0,100,0.0
2026-01-16 21:00:00,M001,170.0,100,0.0
2026-01-16 21:00:00,M004,500.0,100,418.0
2026-01-16 21:00:00,M005,161.0,100,0.0
2026-01-16 22:00:00,M006,347.0,100,0.0
2026-01-16 22:00:00,M007,359.0,100,0.0
2026-01-16 22:00:00,M008,454.0,100,0.0
2026-01-16 23:00:00,M006,335.0,100,0.0
2026-01-16 23:00:00,M007,347.0,100,0.0
2026-01-16 23:00:00,M008,430.0,100,0.0
2026-01-17 00:00:00,M006,323.0,100,0.0
2026-01-17 00:00:00,M007,335.0,100,0.0
2026-01-17 00:00:00,M008,407.0,100,0.0
2026-01-17 01:00:00,M006,312.0,100,0.0
2026-01-17 01:00:00,M007,324.0,100,0.0
2026-01-17 01:00:00,M008,385.0,100,0.0
2026-01-17 02:00:00,M006,300.0,100,0.0
2026-01-17 02:00:00,M007,312.0,100,0.0
2026-01-17 02:00:00,M008,361.0,100,0.0
2026-01-17 03:00:00,M006,289.0,100,0.0
2026-01-17 03:00:00,M007,301.0,100,0.0
2026-01-17 03:00:00,M008,339.0,100,0.0
2026-01-17 04:00:00,M006,279.0,100,0.0
2026-01-17 04:00:00,M007,291.0,100,0.0
2026-01-17 04:00:00,M008,319.0,100,0.0
2026-01-17 05:00:00,M006,270.0,100,0.0
2026-01-17 05:00:00,M007,282.0,100,0.0
2026-01-17 05:00:00,M008,301.0,100,0.0
2026-01-17 06:00:00,M001,152.0,100,0.0
2026-01-17 06:00:00,M002,304.0,100,0.0
2026-01-17 06:00:00,M003,500.0,100,432.0
2026-01-17 07:00:00,M001,134.0,100,0.0
2026-01-17 07:00:00,M002,286.0,100,0.0
2026-01-17 07:00:00,M003,464.0,100,0.0
2026-01-17 08:00:00,M001,116.0,100,0.0
2026-01-17 08:00:00,M002,268.0,100,0.0
2026-01-17 08:00:00,M003,428.0,100,0.0
2026-01-17 09:00:00,M001,500.0,100,403.0
2026-01-17 09:00:00,M002,249.0,100,0.0
2026-01-17 09:00:00,M003,390.0,100,0.0
2026-01-17 10:00:00,M001,480.0,100,0.0
2026-01-17 10:00:00,M002,229.0,100,0.0
2026-01-17 10:00:00,M003,349.0,100,0.0
2026-01-17 11:00:00,M001,458.0,100,0.0
2026-01-17 11:00:00,M002,207.0,100,0.0
2026-01-17 11:00:00,M003,305.0,100,0.0
2026-01-17 12:00:00,M001,436.0,100,0.0
2026-01-17 12:00:00,M002,185.0,100,0.0
2026-01-17 12:00:00,M003,261.0,100,0.0
2026-01-17 13:00:00,M001,415.0,100,0.0
2026-01-17 13:00:00,M002,164.0,100,0.0
2026-01-17 13:00:00,M003,219.0,100,0.0
2026-01-17 14:00:00,M001,394.0,100,0.0
2026-01-17 14:00:00,M002,143.0,100,0.0
2026-01-17 14:00:00,M003,177.0,100,0.0
2026-01-17 15:00:00,M001,378.0,100,0.0
2026-01-17 15:00:00,M004,468.0,100,0.0
2026-01-17 15:00:00,M005,145.0,100,0.0
2026-01-17 16:00:00,M001,364.0,100,0.0
2026-01-17 16:00:00,M004,440.0,100,0.0
2026-01-17 16:00:00,M005,131.0,100,0.0
2026-01-17 17:00:00,M001,348.0,100,0.0
2026-01-17 17:00:00,M004,408.0,100,0.0
2026-01-17 17:00:00,M005,115.0,100,0.0
2026-01-17 18:00:00,M001,331.0,100,0.0
2026-01-17 18:00:00,M004,374.0,100,0.0
2026-01-17 18:00:00,M005,500.0,100,402.0
2026-01-17 19:00:00,M006,259.0,100,0.0
2026-01-17 19:00:00,M007,271.0,100,0.0
2026-01-17 19:00:00,M008,279.0,100,0.0
2026-01-17 20:00:00,M006,250.0,100,0.0
2026-01-17 20:00:00,M007,262.0,100,0.0
2026-01-17 20:00:00,M008,261.0,100,0.0
2026-01-17 21:00:00,M006,240.0,100,0.0
2026-01-17 21:00:00,M007,252.0,100,0.0
2026-01-17 21:00:00,M008,241.0,100,0.0
2026-01-17 22:00:00,M006,230.0,100,0.0
2026-01-17 22:00:00,M007,242.0,100,0.0
2026-01-17 22:00:00,M008,221.0,100,0.0
2026-01-17 23:00:00,M001,315.0,100,0.0
2026-01-17 23:00:00,M004,342.0,100,0.0
2026-01-17 23:00:00,M005,484.0,100,0.0
2026-01-18 00:00:00,M001,302.0,100,0.0
2026-01-18 00:00:00,M004,314.0,100,0.0
2026-01-18 00:00:00,M005,471.0,100,0.0
2026-01-18 01:00:00,M001,289.0,100,0.0
2026-01-18 01:00:00,M004,288.0,100,0.0
2026-01-18 01:00:00,M005,459.0,100,0.0
2026-01-18 02:00:00,M006,222.0,100,0.0
2026-01-18 02:00:00,M007,233.0,100,0.0
2026-01-18 02:00:00,M008,203.0,100,0.0
2026-01-18 03:00:00,M001,270.0,100,0.0
2026-01-18 03:00:00,M002,125.0,100,0.0
2026-01-18 03:00:00,M003,139.0,100,0.0
2026-01-18 04:00:00,M001,252.0,100,0.0
2026-01-18 04:00:00,M002,108.0,100,0.0
2026-01-18 04:00:00,M003,103.0,100,0.0
2026-01-18 05:00:00,M001,234.0,100,0.0
2026-01-18 05:00:00,M002,500.0,100,411.0
2026-01-18 05:00:00,M003,500.0,100,435.0
2026-01-18 06:00:00,M001,215.0,100,0.0
2026-01-18 06:00:00,M002,481.0,100,0.0
2026-01-18 06:00:00,M003,462.0,100,0.0
2026-01-18 07:00:00,M001,196.0,100,0.0
2026-01-18 07:00:00,M002,462.0,100,0.0
2026-01-18 07:00:00,M003,424.0,100,0.0
2026-01-18 08:00:00,M001,176.0,100,0.0
2026-01-18 08:00:00,M002,442.0,100,0.0
2026-01-18 08:00:00,M003,384.0,100,0.0
2026-01-18 09:00:00,M001,160.0,100,0.0
2026-01-18 09:00:00,M004,255.0,100,0.0
2026-01-18 09:00:00,M005,443.0,100,0.0
2026-01-18 10:00:00,M001,139.0,100,0.0
2026-01-18 10:00:00,M002,421.0,100,0.0
2026-01-18 10:00:00,M003,342.0,100,0.0
2026-01-18 11:00:00,M006,213.0,100,0.0
2026-01-18 11:00:00,M007,223.0,100,0.0
2026-01-18 11:00:00,M008,182.0,100,0.0
2026-01-18 12:00:00,M001,126.0,100,0.0
2026-01-18 12:00:00,M004,226.0,100,0.0
2026-01-18 12:00:00,M005,429.0,100,0.0
2026-01-18 13:00:00,M001,111.0,100,0.0
2026-01-18 13:00:00,M004,195.0,100,0.0
2026-01-18 13:00:00,M005,414.0,100,0.0
2026-01-18 14:00:00,M001,500.0,100,405.0
2026-01-18 14:00:00,M004,162.0,100,0.0
2026-01-18 14:00:00,M005,398.0,100,0.0
2026-01-18 15:00:00,M001,485.0,100,0.0
2026-01-18 15:00:00,M004,131.0,100,0.0
2026-01-18 15:00:00,M005,383.0,100,0.0
2026-01-18 16:00:00,M001,464.0,100,0.0
2026-01-18 16:00:00,M002,399.0,100,0.0
2026-01-18 16:00:00,M003,300.0,100,0.0
2026-01-18 17:00:00,M006,203.0,100,0.0
2026-01-18 17:00:00,M007,212.0,100,0.0
2026-01-18 17:00:00,M008,160.0,100,0.0
2026-01-18 18:00:00,M006,192.0,100,0.0
2026-01-18 18:00:00,M007,200.0,100,0.0
2026-01-18 18:00:00,M008,135.0,100,0.0
2026-01-18 19:00:00,M006,181.0,100,0.0
2026-01-18 19:00:00,M007,189.0,100,0.0
2026-01-18 19:00:00,M008,112.0,100,0.0
2026-01-18 20:00:00,M001,446.0,100,0.0
2026-01-18 20:00:00,M004,500.0,100,405.0
2026-01-18 20:00:00,M005,365.0,100,0.0
2026-01-18 21:00:00,M001,428.0,100,0.0
2026-01-18 21:00:00,M004,464.0,100,0.0
2026-01-18 21:00:00,M005,347.0,100,0.0
2026-01-18 22:00:00,M001,406.0,100,0.0
2026-01-18 22:00:00,M002,377.0,100,0.0
2026-01-18 22:00:00,M003,256.0,100,0.0
2026-01-18 23:00:00,M001,384.0,100,0.0
2026-01-18 23:00:00,M002,354.0,100,0.0
2026-01-18 23:00:00,M003,212.0,100,0.0
2026-01-19 00:00:00,M001,362.0,100,0.0
2026-01-19 00:00:00,M002,332.0,100,0.0
2026-01-19 00:00:00,M003,168.0,100,0.0
2026-01-19 01:00:00,M001,345.0,100,0.0
2026-01-19 01:00:00,M004,430.0,100,0.0
2026-01-19 01:00:00,M005,330.0,100,0.0
2026-01-19 02:00:00,M001,325.0,100,0.0
2026-01-19 02:00:00,M002,312.0,100,0.0
2026-01-19 02:00:00,M003,129.0,100,0.0
2026-01-19 03:00:00,M001,304.0,100,0.0
2026-01-19 03:00:00,M002,291.0,100,0.0
2026-01-19 03:00:00,M003,500.0,100,412.0
2026-01-19 04:00:00,M001,289.0,100,0.0
2026-01-19 04:00:00,M004,398.0,100,0.0
2026-01-19 04:00:00,M005,314.0,100,0.0
2026-01-19 05:00:00,M006,172.0,100,0.0
2026-01-19 05:00:00,M007,179.0,100,0.0
2026-01-19 05:00:00,M008,500.0,100,408.0
2026-01-19 06:00:00,M006,164.0,100,0.0
2026-01-19 06:00:00,M007,170.0,100,0.0
2026-01-19 06:00:00,M008,482.0,100,0.0
2026-01-19 07:00:00,M006,158.0,100,0.0
2026-01-19 07:00:00,M007,163.0,100,0.0
2026-01-19 07:00:00,M008,468.0,100,0.0
2026-01-19 08:00:00,M006,151.0,100,0.0
2026-01-19 08:00:00,M007,155.0,100,0.0
2026-01-19 08:00:00,M008,452.0,100,0.0
2026-01-19 09:00:00,M006,143.0,100,0.0
2026-01-19 09:00:00,M007,146.0,100,0.0
2026-01-19 09:00:00,M008,434.0,100,0.0
2026-01-19 10:00:00,M006,132.0,100,0.0
2026-01-19 10:00:00,M007,135.0,100,0.0
2026-01-19 10:00:00,M008,412.0,100,0.0
2026-01-19 11:00:00,M006,121.0,100,0.0
2026-01-19 11:00:00,M007,124.0,100,0.0
2026-01-19 11:00:00,M008,390.0,100,0.0
2026-01-19 12:00:00,M006,109.0,100,0.0
2026-01-19 12:00:00,M007,112.0,100,0.0
2026-01-19 12:00:00,M008,366.0,100,0.0
2026-01-19 13:00:00,M006,500.0,100,401.0
2026-01-19 13:00:00,M007,102.0,100,0.0
2026-01-19 13:00:00,M008,346.0,100,0.0
2026-01-19 14:00:00,M006,491.0,100,0.0
2026-01-19 14:00:00,M007,500.0,100,408.0
2026-01-19 14:00:00,M008,328.0,100,0.0
2026-01-19 15:00:00,M006,482.0,100,0.0
2026-01-19 15:00:00,M007,490.0,100,0.0
2026-01-19 15:00:00,M008,310.0,100,0.0
2026-01-19 16:00:00,M001,274.0,100,0.0
2026-01-19 16:00:00,M004,368.0,100,0.0
2026-01-19 16:00:00,M005,299.0,100,0.0
2026-01-19 17:00:00,M001,259.0,100,0.0
2026-01-19 17:00:00,M004,338.0,100,0.0
2026-01-19 17:00:00,M005,284.0,100,0.0
2026-01-19 18:00:00,M001,246.0,100,0.0
2026-01-19 18:00:00,M004,312.0,100,0.0
2026-01-19 18:00:00,M005,271.0,100,0.0
2026-01-19 19:00:00,M006,474.0,100,0.0
2026-01-19 19:00:00,M007,481.0,100,0.0
2026-01-19 19:00:00,M008,294.0,100,0.0
2026-01-19 20:00:00,M001,233.0,100,0.0
2026-01-19 20:00:00,M004,286.0,100,0.0
2026-01-19 20:00:00,M005,258.0,100,0.0
2026-01-19 21:00:00,M001,214.0,100,0.0
2026-01-19 21:00:00,M002,272.0,100,0.0
2026-01-19 21:00:00,M003,462.0,100,0.0
2026-01-19 22:00:00,M001,200.0,100,0.0
2026-01-19 22:00:00,M004,258.0,100,0.0
2026-01-19 22:00:00,M005,244.0,100,0.0
2026-01-19 23:00:00,M001,186.0,100,0.0
2026-01-19 23:00:00,M004,230.0,100,0.0
2026-01-19 23:00:00,M005,230.0,100,0.0
2026-01-20 00:00:00,M001,173.0,100,0.0
2026-01-20 00:00:00,M004,204.0,100,0.0
2026-01-20 00:00:00,M005,218.0,100,0.0
2026-01-20 01:00:00,M001,161.0,100,0.0
2026-01-20 01:00:00,M004,180.0,100,0.0
2026-01-20 01:00:00,M005,206.0,100,0.0
2026-01-20 02:00:00,M001,148.0,100,0.0
2026-01-20 02:00:00,M004,154.0,100,0.0
2026-01-20 02:00:00,M005,193.0,100,0.0
2026-01-20 03:00:00,M001,134.0,100,0.0
2026-01-20 03:00:00,M004,126.0,100,0.0
2026-01-20 03:00:00,M005,179.0,100,0.0
2026-01-20 04:00:00,M001,116.0,100,0.0
2026-01-20 04:00:00,M002,254.0,100,0.0
2026-01-20 04:00:00,M003,426.0,100,0.0
2026-01-20 05:00:00,M006,465.0,100,0.0
2026-01-20 05:00:00,M007,472.0,100,0.0
2026-01-20 05:00:00,M008,276.0,100,0.0
2026-01-20 06:00:00,M006,457.0,100,0.0
2026-01-20 06:00:00,M007,463.0,100,0.0
2026-01-20 06:00:00,M008,258.0,100,0.0
2026-01-20 07:00:00,M006,449.0,100,0.0
2026-01-20 07:00:00,M007,454.0,100,0.0
2026-01-20 07:00:00,M008,240.0,100,0.0
2026-01-20 08:00:00,M006,440.0,100,0.0
2026-01-20 08:00:00,M007,445.0,100,0.0
2026-01-20 08:00:00,M008,222.0,100,0.0
2026-01-20 09:00:00,M001,500.0,100,403.0
2026-01-20 09:00:00,M002,235.0,100,0.0
2026-01-20 09:00:00,M003,388.0,100,0.0
2026-01-20 10:00:00,M001,480.0,100,0.0
2026-01-20 10:00:00,M002,216.0,100,0.0
2026-01-20 10:00:00,M003,350.0,100,0.0
2026-01-20 11:00:00,M001,461.0,100,0.0
2026-01-20 11:00:00,M002,197.0,100,0.0
2026-01-20 11:00:00,M003,311.0,100,0.0
2026-01-20 12:00:00,M001,446.0,100,0.0
2026-01-20 12:00:00,M004,500.0,100,404.0
2026-01-20 12:00:00,M005,164.0,100,0.0
2026-01-20 13:00:00,M001,431.0,100,0.0
2026-01-20 13:00:00,M004,470.0,100,0.0
2026-01-20 13:00:00,M005,149.0,100,0.0
2026-01-20 14:00:00,M001,416.0,100,0.0
2026-01-20 14:00:00,M004,440.0,100,0.0
2026-01-20 14:00:00,M005,134.0,100,0.0
2026-01-20 15:00:00,M001,401.0,100,0.0
2026-01-20 15:00:00,M004,410.0,100,0.0
2026-01-20 15:00:00,M005,119.0,100,0.0
2026-01-20 16:00:00,M001,386.0,100,0.0
2026-01-20 16:00:00,M004,380.0,100,0.0
2026-01-20 16:00:00,M005,104.0,100,0.0
2026-01-20 17:00:00,M006,431.0,100,0.0
2026-01-20 17:00:00,M007,435.0,100,0.0
2026-01-20 17:00:00,M008,202.0,100,0.0
2026-01-20 18:00:00,M006,422.0,100,0.0
2026-01-20 18:00:00,M007,425.0,100,0.0
2026-01-20 18:00:00,M008,182.0,100,0.0
2026-01-20 19:00:00,M001,370.0,100,0.0
2026-01-20 19:00:00,M004,348.0,100,0.0
2026-01-20 19:00:00,M005,500.0,100,412.0
2026-01-20 20:00:00,M006,413.0,100,0.0
2026-01-20 20:00:00,M007,415.0,100,0.0
2026-01-20 20:00:00,M008,162.0,100,0.0
2026-01-20 21:00:00,M001,350.0,100,0.0
2026-01-20 21:00:00,M002,177.0,100,0.0
2026-01-20 21:00:00,M003,271.0,100,0.0
2026-01-20 22:00:00,M001,335.0,100,0.0
2026-01-20 22:00:00,M004,318.0,100,0.0
2026-01-20 22:00:00,M005,485.0,100,0.0
2026-01-20 23:00:00,M006,405.0,100,0.0
2026-01-20 23:00:00,M007,407.0,100,0.0
2026-01-20 23:00:00,M008,146.0,100,0.0
2026-01-21 00:00:00,M006,398.0,100,0.0
2026-01-21 00:00:00,M007,400.0,100,0.0
2026-01-21 00:00:00,M008,133.0,100,0.0
2026-01-21 01:00:00,M006,391.0,100,0.0
2026-01-21 01:00:00,M007,392.0,100,0.0
2026-01-21 01:00:00,M008,117.0,100,0.0
2026-01-21 02:00:00,M006,381.0,100,0.0
2026-01-21 02:00:00,M007,382.0,100,0.0
2026-01-21 02:00:00,M008,500.0,100,403.0
2026-01-21 03:00:00,M006,371.0,100,0.0
2026-01-21 03:00:00,M007,372.0,100,0.0
2026-01-21 03:00:00,M008,481.0,100,0.0
2026-01-21 04:00:00,M006,361.0,100,0.0
2026-01-21 04:00:00,M007,363.0,100,0.0
2026-01-21 04:00:00,M008,462.0,100,0.0
2026-01-21 05:00:00,M001,319.0,100,0.0
2026-01-21 05:00:00,M004,288.0,100,0.0
2026-01-21 05:00:00,M005,470.0,100,0.0
2026-01-21 06:00:00,M001,301.0,100,0.0
2026-01-21 06:00:00,M004,253.0,100,0.0
2026-01-21 06:00:00,M005,452.0,100,0.0
2026-01-21 07:00:00,M001,283.0,100,0.0
2026-01-21 07:00:00,M004,217.0,100,0.0
2026-01-21 07:00:00,M005,434.0,100,0.0
2026-01-21 08:00:00,M001,265.0,100,0.0
2026-01-21 08:00:00,M004,181.0,100,0.0
2026-01-21 08:00:00,M005,416.0,100,0.0
2026-01-21 09:00:00,M001,249.0,100,0.0
2026-01-21 09:00:00,M004,148.0,100,0.0
2026-01-21 09:00:00,M005,400.0,100,0.0
2026-01-21 10:00:00,M001,234.0,100,0.0
2026-01-21 10:00:00,M004,118.0,100,0.0
2026-01-21 10:00:00,M005,385.0,100,0.0
2026-01-21 11:00:00,M006,351.0,100,0.0
2026-01-21 11:00:00,M007,353.0,100,0.0
2026-01-21 11:00:00,M008,442.0,100,0.0
2026-01-21 12:00:00,M006,342.0,100,0.0
2026-01-21 12:00:00,M007,344.0,100,0.0
2026-01-21 12:00:00,M008,424.0,100,0.0
2026-01-21 13:00:00,M006,333.0,100,0.0
2026-01-21 13:00:00,M007,336.0,100,0.0
2026-01-21 13:00:00,M008,408.0,100,0.0
2026-01-21 14:00:00,M006,323.0,100,0.0
2026-01-21 14:00:00,M007,327.0,100,0.0
2026-01-21 14:00:00,M008,390.0,100,0.0
2026-01-21 15:00:00,M006,314.0,100,0.0
2026-01-21 15:00:00,M007,319.0,100,0.0
2026-01-21 15:00:00,M008,374.0,100,0.0
2026-01-21 16:00:00,M001,215.0,100,0.0
2026-01-21 16:00:00,M002,157.0,100,0.0
2026-01-21 16:00:00,M003,231.0,100,0.0
2026-01-21 17:00:00,M001,196.0,100,0.0
2026-01-21 17:00:00,M002,137.0,100,0.0
2026-01-21 17:00:00,M003,191.0,100,0.0
2026-01-21 18:00:00,M006,304.0,100,0.0
2026-01-21 18:00:00,M007,309.0,100,0.0
2026-01-21 18:00:00,M008,353.0,100,0.0
2026-01-21 19:00:00,M001,176.0,100,0.0
2026-01-21 19:00:00,M002,116.0,100,0.0
2026-01-21 19:00:00,M003,149.0,100,0.0
2026-01-21 20:00:00,M001,155.0,100,0.0
2026-01-21 20:00:00,M002,500.0,100,405.0
2026-01-21 20:00:00,M003,107.0,100,0.0
2026-01-21 21:00:00,M001,135.0,100,0.0
2026-01-21 21:00:00,M002,479.0,100,0.0
2026-01-21 21:00:00,M003,500.0,100,433.0
2026-01-21 22:00:00,M001,114.0,100,0.0
2026-01-21 22:00:00,M002,458.0,100,0.0
2026-01-21 22:00:00,M003,458.0,100,0.0
2026-01-21 23:00:00,M001,500.0,100,407.0
2026-01-21 23:00:00,M002,437.0,100,0.0
2026-01-21 23:00:00,M003,416.0,100,0.0
2026-01-22 00:00:00,M006,294.0,100,0.0
2026-01-22 00:00:00,M007,299.0,100,0.0
2026-01-22 00:00:00,M008,333.0,100,0.0
2026-01-22 01:00:00,M001,486.0,100,0.0
2026-01-22 01:00:00,M004,500.0,100,410.0
2026-01-22 01:00:00,M005,371.0,100,0.0
2026-01-22 02:00:00,M006,285.0,100,0.0
2026-01-22 02:00:00,M007,290.0,100,0.0
2026-01-22 02:00:00,M008,315.0,100,0.0
2026-01-22 03:00:00,M006,277.0,100,0.0
2026-01-22 03:00:00,M007,282.0,100,0.0
2026-01-22 03:00:00,M008,299.0,100,0.0
2026-01-22 04:00:00,M001,472.0,100,0.0
2026-01-22 04:00:00,M004,472.0,100,0.0
2026-01-22 04:00:00,M005,357.0,100,0.0
2026-01-22 05:00:00,M001,457.0,100,0.0
2026-01-22 05:00:00,M004,442.0,100,0.0
2026-01-22 05:00:00,M005,342.0,100,0.0
2026-01-22 06:00:00,M001,443.0,100,0.0
2026-01-22 06:00:00,M004,414.0,100,0.0
2026-01-22 06:00:00,M005,328.0,100,0.0
2026-01-22 07:00:00,M001,428.0,100,0.0
2026-01-22 07:00:00,M004,385.0,100,0.0
2026-01-22 07:00:00,M005,313.0,100,0.0
2026-01-22 08:00:00,M001,413.0,100,0.0
2026-01-22 08:00:00,M004,355.0,100,0.0
2026-01-22 08:00:00,M005,298.0,100,0.0
2026-01-22 09:00:00,M001,393.0,100,0.0
2026-01-22 09:00:00,M002,417.0,100,0.0
2026-01-22 09:00:00,M003,376.0,100,0.0
2026-01-22 10:00:00,M001,378.0,100,0.0
2026-01-22 10:00:00,M004,325.0,100,0.0
2026-01-22 10:00:00,M005,283.0,100,0.0
2026-01-22 11:00:00,M001,364.0,100,0.0
2026-01-22 11:00:00,M004,296.0,100,0.0
2026-01-22 11:00:00,M005,269.0,100,0.0
2026-01-22 12:00:00,M001,349.0,100,0.0
2026-01-22 12:00:00,M004,267.0,100,0.0
2026-01-22 12:00:00,M005,256.0,100,0.0
2026-01-22 13:00:00,M001,330.0,100,0.0
2026-01-22 13:00:00,M002,398.0,100,0.0
2026-01-22 13:00:00,M003,338.0,100,0.0
2026-01-22 14:00:00,M001,315.0,100,0.0
2026-01-22 14:00:00,M004,236.0,100,0.0
2026-01-22 14:00:00,M005,242.0,100,0.0
2026-01-22 15:00:00,M001,300.0,100,0.0
2026-01-22 15:00:00,M004,206.0,100,0.0
2026-01-22 15:00:00,M005,227.0,100,0.0
2026-01-22 16:00:00,M001,285.0,100,0.0
2026-01-22 16:00:00,M004,176.0,100,0.0
2026-01-22 16:00:00,M005,213.0,100,0.0
2026-01-22 17:00:00,M001,271.0,100,0.0
2026-01-22 17:00:00,M004,148.0,100,0.0
2026-01-22 17:00:00,M005,200.0,100,0.0
2026-01-22 18:00:00,M001,252.0,100,0.0
2026-01-22 18:00:00,M002,379.0,100,0.0
2026-01-22 18:00:00,M003,300.0,100,0.0
2026-01-22 19:00:00,M001,231.0,100,0.0
2026-01-22 19:00:00,M002,360.0,100,0.0
2026-01-22 19:00:00,M003,260.0,100,0.0
2026-01-22 20:00:00,M001,211.0,100,0.0
2026-01-22 20:00:00,M002,340.0,100,0.0
2026-01-22 20:00:00,M003,220.0,100,0.0
2026-01-22 21:00:00,M001,197.0,100,0.0
2026-01-22 21:00:00,M004,120.0,100,0.0
2026-01-22 21:00:00,M005,186.0,100,0.0
2026-01-22 22:00:00,M001,182.0,100,0.0
2026-01-22 22:00:00,M004,500.0,100,410.0
2026-01-22 22:00:00,M005,171.0,100,0.0
2026-01-22 23:00:00,M001,162.0,100,0.0
2026-01-22 23:00:00,M002,320.0,100,0.0
2026-01-22 23:00:00,M003,180.0,100,0.0
2026-01-23 00:00:00,M001,145.0,100,0.0
2026-01-23 00:00:00,M002,302.0,100,0.0
2026-01-23 00:00:00,M003,144.0,100,0.0
2026-01-23 01:00:00,M001,127.0,100,0.0
2026-01-23 01:00:00,M002,284.0,100,0.0
2026-01-23 01:00:00,M003,106.0,100,0.0
2026-01-23 02:00:00,M001,110.0,100,0.0
2026-01-23 02:00:00,M002,266.0,100,0.0
2026-01-23 02:00:00,M003,500.0,100,430.0
2026-01-23 03:00:00,M001,500.0,100,409.0
2026-01-23 03:00:00,M002,247.0,100,0.0
2026-01-23 03:00:00,M003,462.0,100,0.0
2026-01-23 04:00:00,M001,482.0,100,0.0
2026-01-23 04:00:00,M002,229.0,100,0.0
2026-01-23 04:00:00,M003,426.0,100,0.0
2026-01-23 05:00:00,M006,269.0,100,0.0
2026-01-23 05:00:00,M007,274.0,100,0.0
2026-01-23 05:00:00,M008,283.0,100,0.0
2026-01-23 06:00:00,M006,262.0,100,0.0
2026-01-23 06:00:00,M007,267.0,100,0.0
2026-01-23 06:00:00,M008,269.0,100,0.0
2026-01-23 07:00:00,M001,465.0,100,0.0
2026-01-23 07:00:00,M002,212.0,100,0.0
2026-01-23 07:00:00,M003,392.0,100,0.0
2026-01-23 08:00:00,M001,446.0,100,0.0
2026-01-23 08:00:00,M002,192.0,100,0.0
2026-01-23 08:00:00,M003,354.0,100,0.0
2026-01-23 09:00:00,M001,427.0,100,0.0
2026-01-23 09:00:00,M002,172.0,100,0.0
2026-01-23 09:00:00,M003,315.0,100,0.0
2026-01-23 10:00:00,M001,407.0,100,0.0
2026-01-23 10:00:00,M002,151.0,100,0.0
2026-01-23 10:00:00,M003,274.0,100,0.0
2026-01-23 11:00:00,M001,388.0,100,0.0
2026-01-23 11:00:00,M002,131.0,100,0.0
2026-01-23 11:00:00,M003,235.0,100,0.0
2026-01-23 12:00:00,M001,369.0,100,0.0
2026-01-23 12:00:00,M002,112.0,100,0.0
2026-01-23 12:00:00,M003,197.0,100,0.0
2026-01-23 13:00:00,M001,351.0,100,0.0
2026-01-23 13:00:00,M002,500.0,100,406.0
2026-01-23 13:00:00,M003,161.0,100,0.0
2026-01-23 14:00:00,M001,332.0,100,0.0
2026-01-23 14:00:00,M002,480.0,100,0.0
2026-01-23 14:00:00,M003,122.0,100,0.0
2026-01-23 15:00:00,M001,313.0,100,0.0
2026-01-23 15:00:00,M002,461.0,100,0.0
2026-01-23 15:00:00,M003,500.0,100,416.0
2026-01-23 16:00:00,M001,294.0,100,0.0
2026-01-23 16:00:00,M002,442.0,100,0.0
2026-01-23 16:00:00,M003,462.0,100,0.0
2026-01-23 17:00:00,M001,276.0,100,0.0
2026-01-23 17:00:00,M002,424.0,100,0.0
2026-01-23 17:00:00,M003,426.0,100,0.0
2026-01-23 18:00:00,M001,261.0,100,0.0
2026-01-23 18:00:00,M004,470.0,100,0.0
2026-01-23 18:00:00,M005,156.0,100,0.0
2026-01-23 19:00:00,M001,247.0,100,0.0
2026-01-23 19:00:00,M004,442.0,100,0.0
2026-01-23 19:00:00,M005,142.0,100,0.0
2026-01-23 20:00:00,M001,232.0,100,0.0
2026-01-23 20:00:00,M004,412.0,100,0.0
2026-01-23 20:00:00,M005,127.0,100,0.0
2026-01-23 21:00:00,M001,218.0,100,0.0
2026-01-23 21:00:00,M004,384.0,100,0.0
2026-01-23 21:00:00,M005,113.0,100,0.0
2026-01-23 22:00:00,M001,203.0,100,0.0
2026-01-23 22:00:00,M004,355.0,100,0.0
2026-01-23 22:00:00,M005,500.0,100,402.0
2026-01-23 23:00:00,M001,187.0,100,0.0
2026-01-23 23:00:00,M004,323.0,100,0.0
2026-01-23 23:00:00,M005,484.0,100,0.0
2026-01-24 00:00:00,M001,174.0,100,0.0
2026-01-24 00:00:00,M004,298.0,100,0.0
2026-01-24 00:00:00,M005,470.0,100,0.0
2026-01-24 01:00:00,M001,161.0,100,0.0
2026-01-24 01:00:00,M004,273.0,100,0.0
2026-01-24 01:00:00,M005,457.0,100,0.0
2026-01-24 02:00:00,M001,148.0,100,0.0
2026-01-24 02:00:00,M004,245.0,100,0.0
2026-01-24 02:00:00,M005,443.0,100,0.0
2026-01-24 03:00:00,M001,135.0,100,0.0
2026-01-24 03:00:00,M004,218.0,100,0.0
2026-01-24 03:00:00,M005,429.0,100,0.0
2026-01-24 04:00:00,M006,253.0,100,0.0
2026-01-24 04:00:00,M007,258.0,100,0.0
2026-01-24 04:00:00,M008,251.0,100,0.0
2026-01-24 05:00:00,M006,245.0,100,0.0
2026-01-24 05:00:00,M007,249.0,100,0.0
2026-01-24 05:00:00,M008,233.0,100,0.0
2026-01-24 06:00:00,M001,122.0,100,0.0
2026-01-24 06:00:00,M004,191.0,100,0.0
2026-01-24 06:00:00,M005,415.0,100,0.0
2026-01-24 07:00:00,M001,108.0,100,0.0
2026-01-24 07:00:00,M004,163.0,100,0.0
2026-01-24 07:00:00,M005,401.0,100,0.0
2026-01-24 08:00:00,M006,234.0,100,0.0
2026-01-24 08:00:00,M007,238.0,100,0.0
2026-01-24 08:00:00,M008,211.0,100,0.0
2026-01-24 09:00:00,M006,223.0,100,0.0
2026-01-24 09:00:00,M007,227.0,100,0.0
2026-01-24 09:00:00,M008,189.0,100,0.0
2026-01-24 10:00:00,M006,212.0,100,0.0
2026-01-24 10:00:00,M007,216.0,100,0.0
2026-01-24 10:00:00,M008,167.0,100,0.0
2026-01-24 11:00:00,M006,201.0,100,0.0
2026-01-24 11:00:00,M007,205.0,100,0.0
2026-01-24 11:00:00,M008,145.0,100,0.0
2026-01-24 12:00:00,M006,191.0,100,0.0
2026-01-24 12:00:00,M007,195.0,100,0.0
2026-01-24 12:00:00,M008,126.0,100,0.0
2026-01-24 13:00:00,M006,181.0,100,0.0
2026-01-24 13:00:00,M007,185.0,100,0.0
2026-01-24 13:00:00,M008,107.0,100,0.0
2026-01-24 14:00:00,M006,171.0,100,0.0
2026-01-24 14:00:00,M007,176.0,100,0.0
2026-01-24 14:00:00,M008,500.0,100,413.0
2026-01-24 15:00:00,M006,161.0,100,0.0
2026-01-24 15:00:00,M007,166.0,100,0.0
2026-01-24 15:00:00,M008,480.0,100,0.0
2026-01-24 16:00:00,M006,151.0,100,0.0
2026-01-24 16:00:00,M007,156.0,100,0.0
2026-01-24 16:00:00,M008,460.0,100,0.0
2026-01-24 17:00:00,M001,500.0,100,414.0
2026-01-24 17:00:00,M002,402.0,100,0.0
2026-01-24 17:00:00,M003,382.0,100,0.0
2026-01-24 18:00:00,M006,140.0,100,0.0
2026-01-24 18:00:00,M007,144.0,100,0.0
2026-01-24 18:00:00,M008,436.0,100,0.0
2026-01-24 19:00:00,M006,130.0,100,0.0
2026-01-24 19:00:00,M007,133.0,100,0.0
2026-01-24 19:00:00,M008,414.0,100,0.0
2026-01-24 20:00:00,M001,483.0,100,0.0
2026-01-24 20:00:00,M004,129.0,100,0.0
2026-01-24 20:00:00,M005,383.0,100,0.0
2026-01-24 21:00:00,M001,467.0,100,0.0
2026-01-24 21:00:00,M004,500.0,100,403.0
2026-01-24 21:00:00,M005,366.0,100,0.0
2026-01-24 22:00:00,M001,453.0,100,0.0
2026-01-24 22:00:00,M004,472.0,100,0.0
2026-01-24 22:00:00,M005,351.0,100,0.0
2026-01-24 23:00:00,M001,439.0,100,0.0
2026-01-24 23:00:00,M004,444.0,100,0.0
2026-01-24 23:00:00,M005,337.0,100,0.0
2026-01-25 00:00:00,M001,427.0,100,0.0
2026-01-25 00:00:00,M004,420.0,100,0.0
2026-01-25 00:00:00,M005,325.0,100,0.0
2026-01-25 01:00:00,M001,415.0,100,0.0
2026-01-25 01:00:00,M004,396.0,100,0.0
2026-01-25 01:00:00,M005,313.0,100,0.0
2026-01-25 02:00:00,M001,402.0,100,0.0
2026-01-25 02:00:00,M004,370.0,100,0.0
2026-01-25 02:00:00,M005,300.0,100,0.0
2026-01-25 03:00:00,M001,388.0,100,0.0
2026-01-25 03:00:00,M004,342.0,100,0.0
2026-01-25 03:00:00,M005,286.0,100,0.0
2026-01-25 04:00:00,M001,373.0,100,0.0
2026-01-25 04:00:00,M004,312.0,100,0.0
2026-01-25 04:00:00,M005,271.0,100,0.0
2026-01-25 05:00:00,M001,360.0,100,0.0
2026-01-25 05:00:00,M004,284.0,100,0.0
2026-01-25 05:00:00,M005,257.0,100,0.0
2026-01-25 06:00:00,M001,346.0,100,0.0
2026-01-25 06:00:00,M004,254.0,100,0.0
2026-01-25 06:00:00,M005,242.0,100,0.0
2026-01-25 07:00:00,M001,333.0,100,0.0
2026-01-25 07:00:00,M004,228.0,100,0.0
2026-01-25 07:00:00,M005,229.0,100,0.0
2026-01-25 08:00:00,M001,318.0,100,0.0
2026-01-25 08:00:00,M004,198.0,100,0.0
2026-01-25 08:00:00,M005,214.0,100,0.0
2026-01-25 09:00:00,M001,302.0,100,0.0
2026-01-25 09:00:00,M004,166.0,100,0.0
2026-01-25 09:00:00,M005,198.0,100,0.0
2026-01-25 10:00:00,M001,288.0,100,0.0
2026-01-25 10:00:00,M004,137.0,100,0.0
2026-01-25 10:00:00,M005,184.0,100,0.0
2026-01-25 11:00:00,M001,272.0,100,0.0
2026-01-25 11:00:00,M004,104.0,100,0.0
2026-01-25 11:00:00,M005,168.0,100,0.0
2026-01-25 12:00:00,M001,256.0,100,0.0
2026-01-25 12:00:00,M004,500.0,100,429.0
2026-01-25 12:00:00,M005,152.0,100,0.0
2026-01-25 13:00:00,M001,241.0,100,0.0
2026-01-25 13:00:00,M004,469.0,100,0.0
2026-01-25 13:00:00,M005,137.0,100,0.0
2026-01-25 14:00:00,M001,225.0,100,0.0
2026-01-25 14:00:00,M004,436.0,100,0.0
2026-01-25 14:00:00,M005,121.0,100,0.0
2026-01-25 15:00:00,M001,207.0,100,0.0
2026-01-25 15:00:00,M004,399.0,100,0.0
2026-01-25 15:00:00,M005,102.0,100,0.0
2026-01-25 16:00:00,M001,190.0,100,0.0
2026-01-25 16:00:00,M004,365.0,100,0.0
2026-01-25 16:00:00,M005,500.0,100,416.0
2026-01-25 17:00:00,M001,173.0,100,0.0
2026-01-25 17:00:00,M004,331.0,100,0.0
2026-01-25 17:00:00,M005,482.0,100,0.0
2026-01-25 18:00:00,M001,152.0,100,0.0
2026-01-25 18:00:00,M002,381.0,100,0.0
2026-01-25 18:00:00,M003,340.0,100,0.0
2026-01-25 19:00:00,M001,132.0,100,0.0
2026-01-25 19:00:00,M002,360.0,100,0.0
2026-01-25 19:00:00,M003,300.0,100,0.0
2026-01-25 20:00:00,M006,120.0,100,0.0
2026-01-25 20:00:00,M007,122.0,100,0.0
2026-01-25 20:00:00,M008,392.0,100,0.0
2026-01-25 21:00:00,M006,110.0,100,0.0
2026-01-25 21:00:00,M007,112.0,100,0.0
2026-01-25 21:00:00,M008,372.0,100,0.0
2026-01-25 22:00:00,M006,100.0,100,0.0
2026-01-25 22:00:00,M007,102.0,100,0.0
2026-01-25 22:00:00,M008,352.0,100,0.0
2026-01-25 23:00:00,M006,500.0,100,410.0
2026-01-25 23:00:00,M007,500.0,100,408.0
2026-01-25 23:00:00,M008,332.0,100,0.0
2026-01-26 00:00:00,M006,490.0,100,0.0
2026-01-26 00:00:00,M007,490.0,100,0.0
2026-01-26 00:00:00,M008,312.0,100,0.0
2026-01-26 01:00:00,M006,480.0,100,0.0
2026-01-26 01:00:00,M007,480.0,100,0.0
2026-01-26 01:00:00,M008,292.0,100,0.0
2026-01-26 02:00:00,M001,112.0,100,0.0
2026-01-26 02:00:00,M002,340.0,100,0.0
2026-01-26 02:00:00,M003,261.0,100,0.0
2026-01-26 03:00:00,M001,500.0,100,403.0
2026-01-26 03:00:00,M004,301.0,100,0.0
2026-01-26 03:00:00,M005,466.0,100,0.0
2026-01-26 04:00:00,M001,487.0,100,0.0
2026-01-26 04:00:00,M004,273.0,100,0.0
2026-01-26 04:00:00,M005,451.0,100,0.0
2026-01-26 05:00:00,M006,471.0,100,0.0
2026-01-26 05:00:00,M007,471.0,100,0.0
2026-01-26 05:00:00,M008,274.0,100,0.0
2026-01-26 06:00:00,M006,462.0,100,0.0
2026-01-26 06:00:00,M007,462.0,100,0.0
2026-01-26 06:00:00,M008,256.0,100,0.0
2026-01-26 07:00:00,M006,454.0,100,0.0
2026-01-26 07:00:00,M007,453.0,100,0.0
2026-01-26 07:00:00,M008,238.0,100,0.0
2026-01-26 08:00:00,M006,443.0,100,0.0
2026-01-26 08:00:00,M007,441.0,100,0.0
2026-01-26 08:00:00,M008,216.0,100,0.0
2026-01-26 09:00:00,M006,433.0,100,0.0
2026-01-26 09:00:00,M007,430.0,100,0.0
2026-01-26 09:00:00,M008,196.0,100,0.0
2026-01-26 10:00:00,M006,422.0,100,0.0
2026-01-26 10:00:00,M007,418.0,100,0.0
2026-01-26 10:00:00,M008,173.0,100,0.0
2026-01-26 11:00:00,M001,465.0,100,0.0
2026-01-26 11:00:00,M002,317.0,100,0.0
2026-01-26 11:00:00,M003,217.0,100,0.0
2026-01-26 12:00:00,M001,448.0,100,0.0
2026-01-26 12:00:00,M004,239.0,100,0.0
2026-01-26 12:00:00,M005,434.0,100,0.0
2026-01-26 13:00:00,M001,430.0,100,0.0
2026-01-26 13:00:00,M004,203.0,100,0.0
2026-01-26 13:00:00,M005,415.0,100,0.0
2026-01-26 14:00:00,M001,413.0,100,0.0
2026-01-26 14:00:00,M004,169.0,100,0.0
2026-01-26 14:00:00,M005,398.0,100,0.0
2026-01-26 15:00:00,M001,392.0,100,0.0
2026-01-26 15:00:00,M002,296.0,100,0.0
2026-01-26 15:00:00,M003,175.0,100,0.0
2026-01-26 16:00:00,M001,378.0,100,0.0
2026-01-26 16:00:00,M004,141.0,100,0.0
2026-01-26 16:00:00,M005,384.0,100,0.0
2026-01-26 17:00:00,M001,363.0,100,0.0
2026-01-26 17:00:00,M004,111.0,100,0.0
2026-01-26 17:00:00,M005,369.0,100,0.0
2026-01-26 18:00:00,M001,347.0,100,0.0
2026-01-26 18:00:00,M004,500.0,100,421.0
2026-01-26 18:00:00,M005,352.0,100,0.0
2026-01-26 19:00:00,M001,332.0,100,0.0
2026-01-26 19:00:00,M004,470.0,100,0.0
2026-01-26 19:00:00,M005,336.0,100,0.0
2026-01-26 20:00:00,M001,312.0,100,0.0
2026-01-26 20:00:00,M002,275.0,100,0.0
2026-01-26 20:00:00,M003,133.0,100,0.0
2026-01-26 21:00:00,M001,293.0,100,0.0
2026-01-26 21:00:00,M002,256.0,100,0.0
2026-01-26 21:00:00,M003,500.0,100,405.0
2026-01-26 22:00:00,M001,271.0,100,0.0
2026-01-26 22:00:00,M002,234.0,100,0.0
2026-01-26 22:00:00,M003,456.0,100,0.0
2026-01-26 23:00:00,M001,255.0,100,0.0
2026-01-26 23:00:00,M004,438.0,100,0.0
2026-01-26 23:00:00,M005,319.0,100,0.0
2026-01-27 00:00:00,M006,411.0,100,0.0
2026-01-27 00:00:00,M007,407.0,100,0.0
2026-01-27 00:00:00,M008,151.0,100,0.0
2026-01-27 01:00:00,M001,240.0,100,0.0
2026-01-27 01:00:00,M004,407.0,100,0.0
2026-01-27 01:00:00,M005,303.0,100,0.0
2026-01-27 02:00:00,M006,399.0,100,0.0
2026-01-27 02:00:00,M007,396.0,100,0.0
2026-01-27 02:00:00,M008,129.0,100,0.0
2026-01-27 03:00:00,M006,387.0,100,0.0
2026-01-27 03:00:00,M007,385.0,100,0.0
2026-01-27 03:00:00,M008,106.0,100,0.0
2026-01-27 04:00:00,M006,376.0,100,0.0
2026-01-27 04:00:00,M007,375.0,100,0.0
2026-01-27 04:00:00,M008,500.0,100,414.0
2026-01-27 05:00:00,M006,365.0,100,0.0
2026-01-27 05:00:00,M007,365.0,100,0.0
2026-01-27 05:00:00,M008,480.0,100,0.0
2026-01-27 06:00:00,M006,353.0,100,0.0
2026-01-27 06:00:00,M007,353.0,100,0.0
2026-01-27 06:00:00,M008,456.0,100,0.0
2026-01-27 07:00:00,M006,341.0,100,0.0
2026-01-27 07:00:00,M007,341.0,100,0.0
2026-01-27 07:00:00,M008,432.0,100,0.0
2026-01-27 08:00:00,M006,328.0,100,0.0
2026-01-27 08:00:00,M007,328.0,100,0.0
2026-01-27 08:00:00,M008,406.0,100,0.0
2026-01-27 09:00:00,M006,316.0,100,0.0
2026-01-27 09:00:00,M007,316.0,100,0.0
2026-01-27 09:00:00,M008,382.0,100,0.0
2026-01-27 10:00:00,M006,305.0,100,0.0
2026-01-27 10:00:00,M007,305.0,100,0.0
2026-01-27 10:00:00,M008,360.0,100,0.0
2026-01-27 11:00:00,M006,294.0,100,0.0
2026-01-27 11:00:00,M007,294.0,100,0.0
2026-01-27 11:00:00,M008,338.0,100,0.0
2026-01-27 12:00:00,M006,283.0,100,0.0
2026-01-27 12:00:00,M007,283.0,100,0.0
2026-01-27 12:00:00,M008,316.0,100,0.0
2026-01-27 13:00:00,M006,273.0,100,0.0
2026-01-27 13:00:00,M007,272.0,100,0.0
2026-01-27 13:00:00,M008,294.0,100,0.0
2026-01-27 14:00:00,M001,225.0,100,0.0
2026-01-27 14:00:00,M004,377.0,100,0.0
2026-01-27 14:00:00,M005,288.0,100,0.0
2026-01-27 15:00:00,M001,209.0,100,0.0
2026-01-27 15:00:00,M004,345.0,100,0.0
2026-01-27 15:00:00,M005,272.0,100,0.0
2026-01-27 16:00:00,M001,193.0,100,0.0
2026-01-27 16:00:00,M004,313.0,100,0.0
2026-01-27 16:00:00,M005,256.0,100,0.0
2026-01-27 17:00:00,M001,178.0,100,0.0
2026-01-27 17:00:00,M004,283.0,100,0.0
2026-01-27 17:00:00,M005,241.0,100,0.0
2026-01-27 18:00:00,M001,164.0,100,0.0
2026-01-27 18:00:00,M004,255.0,100,0.0
2026-01-27 18:00:00,M005,227.0,100,0.0
2026-01-27 19:00:00,M001,146.0,100,0.0
2026-01-27 19:00:00,M002,216.0,100,0.0
2026-01-27 19:00:00,M003,420.0,100,0.0
2026-01-27 20:00:00,M001,127.0,100,0.0
2026-01-27 20:00:00,M002,197.0,100,0.0
2026-01-27 20:00:00,M003,382.0,100,0.0
2026-01-27 21:00:00,M001,108.0,100,0.0
2026-01-27 21:00:00,M002,178.0,100,0.0
2026-01-27 21:00:00,M003,344.0,100,0.0
2026-01-27 22:00:00,M001,500.0,100,406.0
2026-01-27 22:00:00,M004,226.0,100,0.0
2026-01-27 22:00:00,M005,213.0,100,0.0
2026-01-27 23:00:00,M001,486.0,100,0.0
2026-01-27 23:00:00,M004,200.0,100,0.0
2026-01-27 23:00:00,M005,200.0,100,0.0
2026-01-28 00:00:00,M001,472.0,100,0.0
2026-01-28 00:00:00,M004,174.0,100,0.0
2026-01-28 00:00:00,M005,187.0,100,0.0
2026-01-28 01:00:00,M001,458.0,100,0.0
2026-01-28 01:00:00,M004,147.0,100,0.0
2026-01-28 01:00:00,M005,173.0,100,0.0
2026-01-28 02:00:00,M006,265.0,100,0.0
2026-01-28 02:00:00,M007,263.0,100,0.0
2026-01-28 02:00:00,M008,276.0,100,0.0
2026-01-28 03:00:00,M006,257.0,100,0.0
2026-01-28 03:00:00,M007,256.0,100,0.0
2026-01-28 03:00:00,M008,260.0,100,0.0
2026-01-28 04:00:00,M006,249.0,100,0.0
2026-01-28 04:00:00,M007,248.0,100,0.0
2026-01-28 04:00:00,M008,244.0,100,0.0
2026-01-28 05:00:00,M006,241.0,100,0.0
2026-01-28 05:00:00,M007,240.0,100,0.0
2026-01-28 05:00:00,M008,228.0,100,0.0
2026-01-28 06:00:00,M001,442.0,100,0.0
2026-01-28 06:00:00,M002,162.0,100,0.0
2026-01-28 06:00:00,M003,312.0,100,0.0
2026-01-28 07:00:00,M001,425.0,100,0.0
2026-01-28 07:00:00,M002,145.0,100,0.0
2026-01-28 07:00:00,M003,279.0,100,0.0
2026-01-28 08:00:00,M001,407.0,100,0.0
2026-01-28 08:00:00,M002,127.0,100,0.0
2026-01-28 08:00:00,M003,243.0,100,0.0
2026-01-28 09:00:00,M001,387.0,100,0.0
2026-01-28 09:00:00,M002,107.0,100,0.0
2026-01-28 09:00:00,M003,203.0,100,0.0
2026-01-28 10:00:00,M001,365.0,100,0.0
2026-01-28 10:00:00,M002,500.0,100,415.0
2026-01-28 10:00:00,M003,159.0,100,0.0
2026-01-28 11:00:00,M001,343.0,100,0.0
2026-01-28 11:00:00,M002,478.0,100,0.0
2026-01-28 11:00:00,M003,115.0,100,0.0
2026-01-28 12:00:00,M006,230.0,100,0.0
2026-01-28 12:00:00,M007,230.0,100,0.0
2026-01-28 12:00:00,M008,206.0,100,0.0
2026-01-28 13:00:00,M006,220.0,100,0.0
2026-01-28 13:00:00,M007,220.0,100,0.0
2026-01-28 13:00:00,M008,186.0,100,0.0
2026-01-28 14:00:00,M001,320.0,100,0.0
2026-01-28 14:00:00,M002,455.0,100,0.0
2026-01-28 14:00:00,M003,500.0,100,431.0
2026-01-28 15:00:00,M001,298.0,100,0.0
2026-01-28 15:00:00,M002,433.0,100,0.0
2026-01-28 15:00:00,M003,456.0,100,0.0
2026-01-28 16:00:00,M001,276.0,100,0.0
2026-01-28 16:00:00,M002,411.0,100,0.0
2026-01-28 16:00:00,M003,412.0,100,0.0
2026-01-28 17:00:00,M001,255.0,100,0.0
2026-01-28 17:00:00,M002,390.0,100,0.0
2026-01-28 17:00:00,M003,370.0,100,0.0
2026-01-28 18:00:00,M001,234.0,100,0.0
2026-01-28 18:00:00,M002,369.0,100,0.0
2026-01-28 18:00:00,M003,328.0,100,0.0
2026-01-28 19:00:00,M001,214.0,100,0.0
2026-01-28 19:00:00,M002,349.0,100,0.0
2026-01-28 19:00:00,M003,288.0,100,0.0
2026-01-28 20:00:00,M001,194.0,100,0.0
2026-01-28 20:00:00,M002,328.0,100,0.0
2026-01-28 20:00:00,M003,247.0,100,0.0
2026-01-28 21:00:00,M001,180.0,100,0.0
2026-01-28 21:00:00,M004,119.0,100,0.0
2026-01-28 21:00:00,M005,159.0,100,0.0
2026-01-28 22:00:00,M001,160.0,100,0.0
2026-01-28 22:00:00,M002,308.0,100,0.0
2026-01-28 22:00:00,M003,207.0,100,0.0
2026-01-28 23:00:00,M001,140.0,100,0.0
2026-01-28 23:00:00,M002,289.0,100,0.0
2026-01-28 23:00:00,M003,168.0,100,0.0
2026-01-29 00:00:00,M001,122.0,100,0.0
2026-01-29 00:00:00,M002,271.0,100,0.0
2026-01-29 00:00:00,M003,132.0,100,0.0
2026-01-29 01:00:00,M001,104.0,100,0.0
2026-01-29 01:00:00,M002,253.0,100,0.0
2026-01-29 01:00:00,M003,500.0,100,404.0
2026-01-29 02:00:00,M001,500.0,100,409.0
2026-01-29 02:00:00,M004,500.0,100,407.0
2026-01-29 02:00:00,M005,146.0,100,0.0
2026-01-29 03:00:00,M001,485.0,100,0.0
2026-01-29 03:00:00,M004,471.0,100,0.0
2026-01-29 03:00:00,M005,130.0,100,0.0
2026-01-29 04:00:00,M001,472.0,100,0.0
2026-01-29 04:00:00,M004,446.0,100,0.0
2026-01-29 04:00:00,M005,116.0,100,0.0
2026-01-29 05:00:00,M001,458.0,100,0.0
2026-01-29 05:00:00,M004,419.0,100,0.0
2026-01-29 05:00:00,M005,102.0,100,0.0
2026-01-29 06:00:00,M001,442.0,100,0.0
2026-01-29 06:00:00,M004,389.0,100,0.0
2026-01-29 06:00:00,M005,500.0,100,413.0
2026-01-29 07:00:00,M001,424.0,100,0.0
2026-01-29 07:00:00,M002,235.0,100,0.0
2026-01-29 07:00:00,M003,464.0,100,0.0
2026-01-29 08:00:00,M001,405.0,100,0.0
2026-01-29 08:00:00,M002,215.0,100,0.0
2026-01-29 08:00:00,M003,425.0,100,0.0
2026-01-29 09:00:00,M001,391.0,100,0.0
2026-01-29 09:00:00,M004,361.0,100,0.0
2026-01-29 09:00:00,M005,485.0,100,0.0
2026-01-29 10:00:00,M001,377.0,100,0.0
2026-01-29 10:00:00,M004,332.0,100,0.0
2026-01-29 10:00:00,M005,471.0,100,0.0
2026-01-29 11:00:00,M006,212.0,100,0.0
2026-01-29 11:00:00,M007,212.0,100,0.0
2026-01-29 11:00:00,M008,170.0,100,0.0
2026-01-29 12:00:00,M001,364.0,100,0.0
2026-01-29 12:00:00,M004,306.0,100,0.0
2026-01-29 12:00:00,M005,458.0,100,0.0
2026-01-29 13:00:00,M001,343.0,100,0.0
2026-01-29 13:00:00,M002,195.0,100,0.0
2026-01-29 13:00:00,M003,384.0,100,0.0
2026-01-29 14:00:00,M001,321.0,100,0.0
2026-01-29 14:00:00,M002,174.0,100,0.0
2026-01-29 14:00:00,M003,341.0,100,0.0
2026-01-29 15:00:00,M001,304.0,100,0.0
2026-01-29 15:00:00,M004,272.0,100,0.0
2026-01-29 15:00:00,M005,441.0,100,0.0
2026-01-29 16:00:00,M001,282.0,100,0.0
2026-01-29 16:00:00,M002,152.0,100,0.0
2026-01-29 16:00:00,M003,296.0,100,0.0
2026-01-29 17:00:00,M001,262.0,100,0.0
2026-01-29 17:00:00,M002,132.0,100,0.0
2026-01-29 17:00:00,M003,255.0,100,0.0
2026-01-29 18:00:00,M001,242.0,100,0.0
2026-01-29 18:00:00,M002,112.0,100,0.0
2026-01-29 18:00:00,M003,215.0,100,0.0
2026-01-29 19:00:00,M001,222.0,100,0.0
2026-01-29 19:00:00,M002,500.0,100,408.0
2026-01-29 19:00:00,M003,175.0,100,0.0
2026-01-29 20:00:00,M001,203.0,100,0.0
2026-01-29 20:00:00,M002,481.0,100,0.0
2026-01-29 20:00:00,M003,137.0,100,0.0
2026-01-29 21:00:00,M006,202.0,100,0.0
2026-01-29 21:00:00,M007,202.0,100,0.0
2026-01-29 21:00:00,M008,150.0,100,0.0
2026-01-29 22:00:00,M006,192.0,100,0.0
2026-01-29 22:00:00,M007,192.0,100,0.0
2026-01-29 22:00:00,M008,130.0,100,0.0
2026-01-29 23:00:00,M006,182.0,100,0.0
2026-01-29 23:00:00,M007,182.0,100,0.0
2026-01-29 23:00:00,M008,110.0,100,0.0
2026-01-30 00:00:00,M006,172.0,100,0.0
2026-01-30 00:00:00,M007,172.0,100,0.0
2026-01-30 00:00:00,M008,500.0,100,410.0
2026-01-30 01:00:00,M006,163.0,100,0.0
2026-01-30 01:00:00,M007,162.0,100,0.0
2026-01-30 01:00:00,M008,480.0,100,0.0
2026-01-30 02:00:00,M006,153.0,100,0.0
2026-01-30 02:00:00,M007,152.0,100,0.0
2026-01-30 02:00:00,M008,460.0,100,0.0
2026-01-30 03:00:00,M001,188.0,100,0.0
2026-01-30 03:00:00,M004,242.0,100,0.0
2026-01-30 03:00:00,M005,426.0,100,0.0
2026-01-30 04:00:00,M001,174.0,100,0.0
2026-01-30 04:00:00,M004,215.0,100,0.0
2026-01-30 04:00:00,M005,412.0,100,0.0
2026-01-30 05:00:00,M006,143.0,100,0.0
2026-01-30 05:00:00,M007,142.0,100,0.0
2026-01-30 05:00:00,M008,440.0,100,0.0
2026-01-30 06:00:00,M001,159.0,100,0.0
2026-01-30 06:00:00,M004,186.0,100,0.0
2026-01-30 06:00:00,M005,397.0,100,0.0
2026-01-30 07:00:00,M001,145.0,100,0.0
2026-01-30 07:00:00,M004,157.0,100,0.0
2026-01-30 07:00:00,M005,382.0,100,0.0
2026-01-30 08:00:00,M001,129.0,100,0.0
2026-01-30 08:00:00,M004,125.0,100,0.0
2026-01-30 08:00:00,M005,366.0,100,0.0
2026-01-30 09:00:00,M006,133.0,100,0.0
2026-01-30 09:00:00,M007,132.0,100,0.0
2026-01-30 09:00:00,M008,420.0,100,0.0
2026-01-30 10:00:00,M001,107.0,100,0.0
2026-01-30 10:00:00,M002,460.0,100,0.0
2026-01-30 10:00:00,M003,500.0,100,405.0
2026-01-30 11:00:00,M001,500.0,100,415.0
2026-01-30 11:00:00,M002,439.0,100,0.0
2026-01-30 11:00:00,M003,458.0,100,0.0
2026-01-30 12:00:00,M001,480.0,100,0.0
2026-01-30 12:00:00,M002,419.0,100,0.0
2026-01-30 12:00:00,M003,418.0,100,0.0
2026-01-30 13:00:00,M001,459.0,100,0.0
2026-01-30 13:00:00,M002,398.0,100,0.0
2026-01-30 13:00:00,M003,376.0,100,0.0
2026-01-30 14:00:00,M006,123.0,100,0.0
2026-01-30 14:00:00,M007,122.0,100,0.0
2026-01-30 14:00:00,M008,399.0,100,0.0
2026-01-30 15:00:00,M006,114.0,100,0.0
2026-01-30 15:00:00,M007,113.0,100,0.0
2026-01-30 15:00:00,M008,381.0,100,0.0
2026-01-30 16:00:00,M006,106.0,100,0.0
2026-01-30 16:00:00,M007,105.0,100,0.0
2026-01-30 16:00:00,M008,365.0,100,0.0
2026-01-30 17:00:00,M001,445.0,100,0.0
2026-01-30 17:00:00,M004,500.0,100,403.0
2026-01-30 17:00:00,M005,352.0,100,0.0
2026-01-30 18:00:00,M001,432.0,100,0.0
2026-01-30 18:00:00,M004,474.0,100,0.0
2026-01-30 18:00:00,M005,339.0,100,0.0
2026-01-30 19:00:00,M001,417.0,100,0.0
2026-01-30 19:00:00,M004,444.0,100,0.0
2026-01-30 19:00:00,M005,324.0,100,0.0
2026-01-30 20:00:00,M001,404.0,100,0.0
2026-01-30 20:00:00,M004,418.0,100,0.0
2026-01-30 20:00:00,M005,311.0,100,0.0
2026-01-30 21:00:00,M001,389.0,100,0.0
2026-01-30 21:00:00,M004,388.0,100,0.0
2026-01-30 21:00:00,M005,296.0,100,0.0
2026-01-30 22:00:00,M001,374.0,100,0.0
2026-01-30 22:00:00,M004,358.0,100,0.0
2026-01-30 22:00:00,M005,281.0,100,0.0
2026-01-30 23:00:00,M001,359.0,100,0.0
2026-01-30 23:00:00,M004,328.0,100,0.0
2026-01-30 23:00:00,M005,266.0,100,0.0
2026-01-31 00:00:00,M001,345.0,100,0.0
2026-01-31 00:00:00,M004,300.0,100,0.0
2026-01-31 00:00:00,M005,252.0,100,0.0
2026-01-31 01:00:00,M001,326.0,100,0.0
2026-01-31 01:00:00,M002,379.0,100,0.0
2026-01-31 01:00:00,M003,338.0,100,0.0
2026-01-31 02:00:00,M001,308.0,100,0.0
2026-01-31 02:00:00,M002,360.0,100,0.0
2026-01-31 02:00:00,M003,300.0,100,0.0
2026-01-31 03:00:00,M001,289.0,100,0.0
2026-01-31 03:00:00,M002,340.0,100,0.0
2026-01-31 03:00:00,M003,260.0,100,0.0
2026-01-31 04:00:00,M001,269.0,100,0.0
2026-01-31 04:00:00,M002,320.0,100,0.0
2026-01-31 04:00:00,M003,221.0,100,0.0
2026-01-31 05:00:00,M001,249.0,100,0.0
2026-01-31 05:00:00,M002,301.0,100,0.0
2026-01-31 05:00:00,M003,182.0,100,0.0
2026-01-31 06:00:00,M001,229.0,100,0.0
2026-01-31 06:00:00,M002,282.0,100,0.0
2026-01-31 06:00:00,M003,143.0,100,0.0
2026-01-31 07:00:00,M006,500.0,100,404.0
2026-01-31 07:00:00,M007,500.0,100,405.0
2026-01-31 07:00:00,M008,345.0,100,0.0
